ISO-10303-21;
HEADER;
/* Generated by software containing ST-Developer
 * from STEP Tools, Inc. (www.steptools.com) 
 */

FILE_DESCRIPTION(
/* description */ (''),
/* implementation_level */ '2;1');

FILE_NAME(
/* name */ 'Modular_Genesis_68HP_Skiff.step',
/* time_stamp */ '2026-08-14T22:30:52+03:00',
/* author */ (''),
/* organization */ (''),
/* preprocessor_version */ 'ST-DEVELOPER v20.1',
/* originating_system */ 'Autodesk Translation Framework v15.8.0.0',
/* authorisation */ '');

FILE_SCHEMA (('AUTOMOTIVE_DESIGN { 1 0 10303 214 3 1 1 }'));
ENDSEC;

DATA;
#10=MECHANICAL_DESIGN_GEOMETRIC_PRESENTATION_REPRESENTATION('',(#481,#482,
#483,#484,#485,#486,#487,#488,#489,#490,#491,#492,#493,#494,#495,#496,#497,
#498,#499,#500,#501,#502,#503,#504,#505,#506,#507,#508,#509,#510,#511,#512,
#513,#514,#515,#516,#517,#518,#519,#520,#521,#522,#523,#524,#525,#526,#527,
#528,#529,#530,#531,#532,#533,#534,#535,#536,#537,#538,#539,#540,#541,#542,
#543,#544,#545,#546,#547,#548,#549,#550,#551,#552,#553,#554,#555,#556,#557,
#558,#559,#560,#561,#562,#563,#564,#565,#566,#567,#568,#569,#570,#571,#572,
#573,#574,#575,#576,#577,#578),#14256);
#11=SHAPE_REPRESENTATION_RELATIONSHIP('SRR','None',#14263,#12);
#12=ADVANCED_BREP_SHAPE_REPRESENTATION('',(#579,#580,#581,#582,#583,#584,
#585,#586,#587,#588,#589,#590,#591,#592,#593,#594,#595,#596,#597,#598,#599,
#600,#601,#602,#603,#604,#605,#606,#607,#608,#609,#610,#611,#612,#613,#614,
#615,#616,#617,#618,#619,#620,#621,#622,#623,#624,#625,#626,#627,#628,#629,
#630,#631,#632,#633,#634,#635,#636,#637,#638,#639,#640,#641,#642,#643,#644,
#645,#646,#647,#648,#649,#650,#651,#652,#653,#654,#655,#656,#657,#658,#659,
#660,#661,#662,#663,#664,#665,#666,#667,#668,#669,#670,#671,#672,#673,#674,
#675,#676),#14255);
#13=CIRCLE('',#8638,1.8);
#14=CIRCLE('',#8639,1.8);
#15=CIRCLE('',#8641,1.8);
#16=CIRCLE('',#8642,1.8);
#17=CIRCLE('',#8644,1.8);
#18=CIRCLE('',#8645,1.8);
#19=CIRCLE('',#8647,1.8);
#20=CIRCLE('',#8648,1.8);
#21=CIRCLE('',#8650,1.8);
#22=CIRCLE('',#8651,1.8);
#23=CIRCLE('',#8653,1.8);
#24=CIRCLE('',#8654,1.8);
#25=CIRCLE('',#8656,1.8);
#26=CIRCLE('',#8657,1.8);
#27=CIRCLE('',#8659,1.8);
#28=CIRCLE('',#8660,1.8);
#29=CIRCLE('',#8662,1.6);
#30=CIRCLE('',#8663,1.6);
#31=CIRCLE('',#8665,1.6);
#32=CIRCLE('',#8666,1.6);
#33=CIRCLE('',#8668,1.6);
#34=CIRCLE('',#8669,1.6);
#35=CIRCLE('',#8671,1.6);
#36=CIRCLE('',#8672,1.6);
#37=CIRCLE('',#8692,6.);
#38=CIRCLE('',#8693,6.);
#39=CIRCLE('',#8703,6.);
#40=CIRCLE('',#8704,6.);
#41=CIRCLE('',#8714,1.8);
#42=CIRCLE('',#8715,1.8);
#43=CIRCLE('',#8717,4.);
#44=CIRCLE('',#8718,4.);
#45=CIRCLE('',#8722,1.8);
#46=CIRCLE('',#8723,1.8);
#47=CIRCLE('',#8725,4.);
#48=CIRCLE('',#8726,4.);
#49=CIRCLE('',#8730,1.8);
#50=CIRCLE('',#8731,1.8);
#51=CIRCLE('',#8733,4.);
#52=CIRCLE('',#8734,4.);
#53=CIRCLE('',#8738,1.8);
#54=CIRCLE('',#8739,1.8);
#55=CIRCLE('',#8741,4.);
#56=CIRCLE('',#8742,4.);
#57=CIRCLE('',#8746,1.8);
#58=CIRCLE('',#8747,1.8);
#59=CIRCLE('',#8749,4.);
#60=CIRCLE('',#8750,4.);
#61=CIRCLE('',#8754,1.8);
#62=CIRCLE('',#8755,1.8);
#63=CIRCLE('',#8757,4.);
#64=CIRCLE('',#8758,4.);
#65=CIRCLE('',#8762,1.8);
#66=CIRCLE('',#8763,1.8);
#67=CIRCLE('',#8765,4.);
#68=CIRCLE('',#8766,4.);
#69=CIRCLE('',#8770,1.8);
#70=CIRCLE('',#8771,1.8);
#71=CIRCLE('',#8773,4.);
#72=CIRCLE('',#8774,4.);
#73=CIRCLE('',#8778,1.8);
#74=CIRCLE('',#8779,1.8);
#75=CIRCLE('',#8781,1.8);
#76=CIRCLE('',#8782,1.8);
#77=CIRCLE('',#8784,1.8);
#78=CIRCLE('',#8785,1.8);
#79=CIRCLE('',#8787,1.8);
#80=CIRCLE('',#8788,1.8);
#81=CIRCLE('',#8790,1.8);
#82=CIRCLE('',#8791,1.8);
#83=CIRCLE('',#8793,1.8);
#84=CIRCLE('',#8794,1.8);
#85=CIRCLE('',#8796,1.6);
#86=CIRCLE('',#8797,1.6);
#87=CIRCLE('',#8799,1.6);
#88=CIRCLE('',#8800,1.6);
#89=CIRCLE('',#8802,1.6);
#90=CIRCLE('',#8803,1.6);
#91=CIRCLE('',#8805,1.6);
#92=CIRCLE('',#8806,1.6);
#93=CIRCLE('',#8826,8.);
#94=CIRCLE('',#8827,8.);
#95=CIRCLE('',#8837,5.5);
#96=CIRCLE('',#8838,5.5);
#97=CIRCLE('',#8848,5.50000000000001);
#98=CIRCLE('',#8849,5.50000000000001);
#99=CIRCLE('',#8859,1.8);
#100=CIRCLE('',#8860,1.8);
#101=CIRCLE('',#8862,4.);
#102=CIRCLE('',#8863,4.);
#103=CIRCLE('',#8867,1.8);
#104=CIRCLE('',#8868,1.8);
#105=CIRCLE('',#8870,4.);
#106=CIRCLE('',#8871,4.);
#107=CIRCLE('',#8875,1.8);
#108=CIRCLE('',#8876,1.8);
#109=CIRCLE('',#8878,4.);
#110=CIRCLE('',#8879,4.);
#111=CIRCLE('',#8883,1.8);
#112=CIRCLE('',#8884,1.8);
#113=CIRCLE('',#8886,4.);
#114=CIRCLE('',#8887,4.);
#115=CIRCLE('',#8891,1.8);
#116=CIRCLE('',#8892,1.8);
#117=CIRCLE('',#8894,4.);
#118=CIRCLE('',#8895,4.);
#119=CIRCLE('',#8899,1.8);
#120=CIRCLE('',#8900,1.8);
#121=CIRCLE('',#8902,4.);
#122=CIRCLE('',#8903,4.);
#123=CIRCLE('',#8907,1.8);
#124=CIRCLE('',#8908,1.8);
#125=CIRCLE('',#8910,1.8);
#126=CIRCLE('',#8911,1.8);
#127=CIRCLE('',#8913,1.8);
#128=CIRCLE('',#8914,1.8);
#129=CIRCLE('',#8916,1.8);
#130=CIRCLE('',#8917,1.8);
#131=CIRCLE('',#8919,1.6);
#132=CIRCLE('',#8920,1.6);
#133=CIRCLE('',#8922,1.6);
#134=CIRCLE('',#8923,1.6);
#135=CIRCLE('',#8925,1.6);
#136=CIRCLE('',#8926,1.6);
#137=CIRCLE('',#8928,1.6);
#138=CIRCLE('',#8929,1.6);
#139=CIRCLE('',#8937,8.5);
#140=CIRCLE('',#8938,8.5);
#141=CIRCLE('',#8948,5.50000000000001);
#142=CIRCLE('',#8949,5.50000000000001);
#143=CIRCLE('',#8959,5.50000000000001);
#144=CIRCLE('',#8960,5.50000000000001);
#145=CIRCLE('',#8970,1.8);
#146=CIRCLE('',#8971,1.8);
#147=CIRCLE('',#8973,4.);
#148=CIRCLE('',#8974,4.);
#149=CIRCLE('',#8978,1.8);
#150=CIRCLE('',#8979,1.8);
#151=CIRCLE('',#8981,4.);
#152=CIRCLE('',#8982,4.);
#153=CIRCLE('',#8986,1.8);
#154=CIRCLE('',#8987,1.8);
#155=CIRCLE('',#8989,4.);
#156=CIRCLE('',#8990,4.);
#157=CIRCLE('',#8994,1.8);
#158=CIRCLE('',#8995,1.8);
#159=CIRCLE('',#8997,4.);
#160=CIRCLE('',#8998,4.);
#161=CIRCLE('',#9002,1.8);
#162=CIRCLE('',#9003,1.8);
#163=CIRCLE('',#9005,1.8);
#164=CIRCLE('',#9006,1.8);
#165=CIRCLE('',#9008,1.8);
#166=CIRCLE('',#9009,1.8);
#167=CIRCLE('',#9011,1.8);
#168=CIRCLE('',#9012,1.8);
#169=CIRCLE('',#9014,1.6);
#170=CIRCLE('',#9015,1.6);
#171=CIRCLE('',#9017,1.6);
#172=CIRCLE('',#9018,1.6);
#173=CIRCLE('',#9020,1.6);
#174=CIRCLE('',#9021,1.6);
#175=CIRCLE('',#9023,1.6);
#176=CIRCLE('',#9024,1.6);
#177=CIRCLE('',#9032,5.50000000000001);
#178=CIRCLE('',#9033,5.50000000000001);
#179=CIRCLE('',#9043,5.50000000000001);
#180=CIRCLE('',#9044,5.50000000000001);
#181=CIRCLE('',#9054,5.50000000000001);
#182=CIRCLE('',#9055,5.50000000000001);
#183=CIRCLE('',#9065,5.50000000000001);
#184=CIRCLE('',#9066,5.50000000000001);
#185=CIRCLE('',#9076,1.8);
#186=CIRCLE('',#9077,1.8);
#187=CIRCLE('',#9079,4.);
#188=CIRCLE('',#9080,4.);
#189=CIRCLE('',#9084,1.8);
#190=CIRCLE('',#9085,1.8);
#191=CIRCLE('',#9087,3.99999999999999);
#192=CIRCLE('',#9088,3.99999999999999);
#193=CIRCLE('',#9092,1.8);
#194=CIRCLE('',#9093,1.8);
#195=CIRCLE('',#9095,4.);
#196=CIRCLE('',#9096,4.);
#197=CIRCLE('',#9100,1.8);
#198=CIRCLE('',#9101,1.8);
#199=CIRCLE('',#9103,3.99999999999999);
#200=CIRCLE('',#9104,3.99999999999999);
#201=CIRCLE('',#9108,1.8);
#202=CIRCLE('',#9109,1.8);
#203=CIRCLE('',#9111,1.8);
#204=CIRCLE('',#9112,1.8);
#205=CIRCLE('',#9114,1.8);
#206=CIRCLE('',#9115,1.8);
#207=CIRCLE('',#9117,1.6);
#208=CIRCLE('',#9118,1.6);
#209=CIRCLE('',#9120,1.6);
#210=CIRCLE('',#9121,1.6);
#211=CIRCLE('',#9123,1.6);
#212=CIRCLE('',#9124,1.6);
#213=CIRCLE('',#9126,1.6);
#214=CIRCLE('',#9127,1.6);
#215=CIRCLE('',#9135,6.00000000000001);
#216=CIRCLE('',#9136,6.00000000000001);
#217=CIRCLE('',#9146,6.00000000000001);
#218=CIRCLE('',#9147,6.00000000000001);
#219=CIRCLE('',#9157,1.8);
#220=CIRCLE('',#9158,1.8);
#221=CIRCLE('',#9160,3.99999999999999);
#222=CIRCLE('',#9161,3.99999999999999);
#223=CIRCLE('',#9165,1.8);
#224=CIRCLE('',#9166,1.8);
#225=CIRCLE('',#9168,3.99999999999999);
#226=CIRCLE('',#9169,3.99999999999999);
#227=CIRCLE('',#9173,1.8);
#228=CIRCLE('',#9174,1.8);
#229=CIRCLE('',#9176,3.99999999999999);
#230=CIRCLE('',#9177,3.99999999999999);
#231=CIRCLE('',#9181,1.8);
#232=CIRCLE('',#9182,1.8);
#233=CIRCLE('',#9184,1.8);
#234=CIRCLE('',#9185,1.8);
#235=CIRCLE('',#9187,1.8);
#236=CIRCLE('',#9188,1.8);
#237=CIRCLE('',#9190,1.8);
#238=CIRCLE('',#9191,1.8);
#239=CIRCLE('',#9193,1.6);
#240=CIRCLE('',#9194,1.6);
#241=CIRCLE('',#9196,1.6);
#242=CIRCLE('',#9197,1.6);
#243=CIRCLE('',#9199,1.6);
#244=CIRCLE('',#9200,1.6);
#245=CIRCLE('',#9202,1.6);
#246=CIRCLE('',#9203,1.6);
#247=CIRCLE('',#9211,6.00000000000001);
#248=CIRCLE('',#9212,6.00000000000001);
#249=CIRCLE('',#9222,6.00000000000001);
#250=CIRCLE('',#9223,6.00000000000001);
#251=CIRCLE('',#9233,1.8);
#252=CIRCLE('',#9234,1.8);
#253=CIRCLE('',#9236,3.99999999999999);
#254=CIRCLE('',#9237,3.99999999999999);
#255=CIRCLE('',#9241,1.8);
#256=CIRCLE('',#9242,1.8);
#257=CIRCLE('',#9244,3.99999999999999);
#258=CIRCLE('',#9245,3.99999999999999);
#259=CIRCLE('',#9249,1.8);
#260=CIRCLE('',#9250,1.8);
#261=CIRCLE('',#9252,3.99999999999999);
#262=CIRCLE('',#9253,3.99999999999999);
#263=CIRCLE('',#9257,1.8);
#264=CIRCLE('',#9258,1.8);
#265=CIRCLE('',#9260,3.99999999999999);
#266=CIRCLE('',#9261,3.99999999999999);
#267=CIRCLE('',#9265,1.8);
#268=CIRCLE('',#9266,1.8);
#269=CIRCLE('',#9272,1.8);
#270=CIRCLE('',#9273,1.8);
#271=CIRCLE('',#9279,1.8);
#272=CIRCLE('',#9280,1.8);
#273=CIRCLE('',#9286,1.8);
#274=CIRCLE('',#9287,1.8);
#275=CIRCLE('',#9293,1.6);
#276=CIRCLE('',#9294,1.6);
#277=CIRCLE('',#9296,1.6);
#278=CIRCLE('',#9297,1.6);
#279=CIRCLE('',#9299,1.6);
#280=CIRCLE('',#9300,1.6);
#281=CIRCLE('',#9302,1.6);
#282=CIRCLE('',#9303,1.6);
#283=CIRCLE('',#9311,7.5);
#284=CIRCLE('',#9312,7.5);
#285=CIRCLE('',#9334,1.8);
#286=CIRCLE('',#9335,1.8);
#287=CIRCLE('',#9337,3.99999999999999);
#288=CIRCLE('',#9338,3.99999999999999);
#289=CIRCLE('',#9354,1.8);
#290=CIRCLE('',#9355,1.8);
#291=CIRCLE('',#9357,3.99999999999999);
#292=CIRCLE('',#9358,3.99999999999999);
#293=CIRCLE('',#9374,1.8);
#294=CIRCLE('',#9375,1.8);
#295=CIRCLE('',#9377,3.99999999999999);
#296=CIRCLE('',#9378,3.99999999999999);
#297=CIRCLE('',#9394,1.8);
#298=CIRCLE('',#9395,1.8);
#299=CIRCLE('',#9397,3.99999999999999);
#300=CIRCLE('',#9398,3.99999999999999);
#301=CIRCLE('',#9402,1.8);
#302=CIRCLE('',#9403,1.8);
#303=CIRCLE('',#9405,1.8);
#304=CIRCLE('',#9406,1.8);
#305=CIRCLE('',#9408,1.59999999999997);
#306=CIRCLE('',#9409,1.59999999999997);
#307=CIRCLE('',#9411,1.59999999999997);
#308=CIRCLE('',#9412,1.59999999999997);
#309=CIRCLE('',#9414,1.6);
#310=CIRCLE('',#9415,1.6);
#311=CIRCLE('',#9417,1.6);
#312=CIRCLE('',#9418,1.6);
#313=CIRCLE('',#9438,6.00000000000001);
#314=CIRCLE('',#9439,6.00000000000001);
#315=CIRCLE('',#9449,6.00000000000001);
#316=CIRCLE('',#9450,6.00000000000001);
#317=CIRCLE('',#9460,1.8);
#318=CIRCLE('',#9461,1.8);
#319=CIRCLE('',#9463,3.99999999999999);
#320=CIRCLE('',#9464,3.99999999999999);
#321=CIRCLE('',#9468,1.8);
#322=CIRCLE('',#9469,1.8);
#323=CIRCLE('',#9471,3.99999999999999);
#324=CIRCLE('',#9472,3.99999999999999);
#325=CYLINDRICAL_SURFACE('',#8637,1.8);
#326=CYLINDRICAL_SURFACE('',#8640,1.8);
#327=CYLINDRICAL_SURFACE('',#8643,1.8);
#328=CYLINDRICAL_SURFACE('',#8646,1.8);
#329=CYLINDRICAL_SURFACE('',#8649,1.8);
#330=CYLINDRICAL_SURFACE('',#8652,1.8);
#331=CYLINDRICAL_SURFACE('',#8655,1.8);
#332=CYLINDRICAL_SURFACE('',#8658,1.8);
#333=CYLINDRICAL_SURFACE('',#8661,1.6);
#334=CYLINDRICAL_SURFACE('',#8664,1.6);
#335=CYLINDRICAL_SURFACE('',#8667,1.6);
#336=CYLINDRICAL_SURFACE('',#8670,1.6);
#337=CYLINDRICAL_SURFACE('',#8691,6.);
#338=CYLINDRICAL_SURFACE('',#8702,6.);
#339=CYLINDRICAL_SURFACE('',#8713,1.8);
#340=CYLINDRICAL_SURFACE('',#8716,4.);
#341=CYLINDRICAL_SURFACE('',#8721,1.8);
#342=CYLINDRICAL_SURFACE('',#8724,4.);
#343=CYLINDRICAL_SURFACE('',#8729,1.8);
#344=CYLINDRICAL_SURFACE('',#8732,4.);
#345=CYLINDRICAL_SURFACE('',#8737,1.8);
#346=CYLINDRICAL_SURFACE('',#8740,4.);
#347=CYLINDRICAL_SURFACE('',#8745,1.8);
#348=CYLINDRICAL_SURFACE('',#8748,4.);
#349=CYLINDRICAL_SURFACE('',#8753,1.8);
#350=CYLINDRICAL_SURFACE('',#8756,4.);
#351=CYLINDRICAL_SURFACE('',#8761,1.8);
#352=CYLINDRICAL_SURFACE('',#8764,4.);
#353=CYLINDRICAL_SURFACE('',#8769,1.8);
#354=CYLINDRICAL_SURFACE('',#8772,4.);
#355=CYLINDRICAL_SURFACE('',#8777,1.8);
#356=CYLINDRICAL_SURFACE('',#8780,1.8);
#357=CYLINDRICAL_SURFACE('',#8783,1.8);
#358=CYLINDRICAL_SURFACE('',#8786,1.8);
#359=CYLINDRICAL_SURFACE('',#8789,1.8);
#360=CYLINDRICAL_SURFACE('',#8792,1.8);
#361=CYLINDRICAL_SURFACE('',#8795,1.6);
#362=CYLINDRICAL_SURFACE('',#8798,1.6);
#363=CYLINDRICAL_SURFACE('',#8801,1.6);
#364=CYLINDRICAL_SURFACE('',#8804,1.6);
#365=CYLINDRICAL_SURFACE('',#8825,8.);
#366=CYLINDRICAL_SURFACE('',#8836,5.5);
#367=CYLINDRICAL_SURFACE('',#8847,5.50000000000001);
#368=CYLINDRICAL_SURFACE('',#8858,1.8);
#369=CYLINDRICAL_SURFACE('',#8861,4.);
#370=CYLINDRICAL_SURFACE('',#8866,1.8);
#371=CYLINDRICAL_SURFACE('',#8869,4.);
#372=CYLINDRICAL_SURFACE('',#8874,1.8);
#373=CYLINDRICAL_SURFACE('',#8877,4.);
#374=CYLINDRICAL_SURFACE('',#8882,1.8);
#375=CYLINDRICAL_SURFACE('',#8885,4.);
#376=CYLINDRICAL_SURFACE('',#8890,1.8);
#377=CYLINDRICAL_SURFACE('',#8893,4.);
#378=CYLINDRICAL_SURFACE('',#8898,1.8);
#379=CYLINDRICAL_SURFACE('',#8901,4.);
#380=CYLINDRICAL_SURFACE('',#8906,1.8);
#381=CYLINDRICAL_SURFACE('',#8909,1.8);
#382=CYLINDRICAL_SURFACE('',#8912,1.8);
#383=CYLINDRICAL_SURFACE('',#8915,1.8);
#384=CYLINDRICAL_SURFACE('',#8918,1.6);
#385=CYLINDRICAL_SURFACE('',#8921,1.6);
#386=CYLINDRICAL_SURFACE('',#8924,1.6);
#387=CYLINDRICAL_SURFACE('',#8927,1.6);
#388=CYLINDRICAL_SURFACE('',#8936,8.5);
#389=CYLINDRICAL_SURFACE('',#8947,5.50000000000001);
#390=CYLINDRICAL_SURFACE('',#8958,5.50000000000001);
#391=CYLINDRICAL_SURFACE('',#8969,1.8);
#392=CYLINDRICAL_SURFACE('',#8972,4.);
#393=CYLINDRICAL_SURFACE('',#8977,1.8);
#394=CYLINDRICAL_SURFACE('',#8980,4.);
#395=CYLINDRICAL_SURFACE('',#8985,1.8);
#396=CYLINDRICAL_SURFACE('',#8988,4.);
#397=CYLINDRICAL_SURFACE('',#8993,1.8);
#398=CYLINDRICAL_SURFACE('',#8996,4.);
#399=CYLINDRICAL_SURFACE('',#9001,1.8);
#400=CYLINDRICAL_SURFACE('',#9004,1.8);
#401=CYLINDRICAL_SURFACE('',#9007,1.8);
#402=CYLINDRICAL_SURFACE('',#9010,1.8);
#403=CYLINDRICAL_SURFACE('',#9013,1.6);
#404=CYLINDRICAL_SURFACE('',#9016,1.6);
#405=CYLINDRICAL_SURFACE('',#9019,1.6);
#406=CYLINDRICAL_SURFACE('',#9022,1.6);
#407=CYLINDRICAL_SURFACE('',#9031,5.50000000000001);
#408=CYLINDRICAL_SURFACE('',#9042,5.50000000000001);
#409=CYLINDRICAL_SURFACE('',#9053,5.50000000000001);
#410=CYLINDRICAL_SURFACE('',#9064,5.50000000000001);
#411=CYLINDRICAL_SURFACE('',#9075,1.8);
#412=CYLINDRICAL_SURFACE('',#9078,4.);
#413=CYLINDRICAL_SURFACE('',#9083,1.8);
#414=CYLINDRICAL_SURFACE('',#9086,3.99999999999999);
#415=CYLINDRICAL_SURFACE('',#9091,1.8);
#416=CYLINDRICAL_SURFACE('',#9094,4.);
#417=CYLINDRICAL_SURFACE('',#9099,1.8);
#418=CYLINDRICAL_SURFACE('',#9102,3.99999999999999);
#419=CYLINDRICAL_SURFACE('',#9107,1.8);
#420=CYLINDRICAL_SURFACE('',#9110,1.8);
#421=CYLINDRICAL_SURFACE('',#9113,1.8);
#422=CYLINDRICAL_SURFACE('',#9116,1.6);
#423=CYLINDRICAL_SURFACE('',#9119,1.6);
#424=CYLINDRICAL_SURFACE('',#9122,1.6);
#425=CYLINDRICAL_SURFACE('',#9125,1.6);
#426=CYLINDRICAL_SURFACE('',#9134,6.00000000000001);
#427=CYLINDRICAL_SURFACE('',#9145,6.00000000000001);
#428=CYLINDRICAL_SURFACE('',#9156,1.8);
#429=CYLINDRICAL_SURFACE('',#9159,3.99999999999999);
#430=CYLINDRICAL_SURFACE('',#9164,1.8);
#431=CYLINDRICAL_SURFACE('',#9167,3.99999999999999);
#432=CYLINDRICAL_SURFACE('',#9172,1.8);
#433=CYLINDRICAL_SURFACE('',#9175,3.99999999999999);
#434=CYLINDRICAL_SURFACE('',#9180,1.8);
#435=CYLINDRICAL_SURFACE('',#9183,1.8);
#436=CYLINDRICAL_SURFACE('',#9186,1.8);
#437=CYLINDRICAL_SURFACE('',#9189,1.8);
#438=CYLINDRICAL_SURFACE('',#9192,1.6);
#439=CYLINDRICAL_SURFACE('',#9195,1.6);
#440=CYLINDRICAL_SURFACE('',#9198,1.6);
#441=CYLINDRICAL_SURFACE('',#9201,1.6);
#442=CYLINDRICAL_SURFACE('',#9210,6.00000000000001);
#443=CYLINDRICAL_SURFACE('',#9221,6.00000000000001);
#444=CYLINDRICAL_SURFACE('',#9232,1.8);
#445=CYLINDRICAL_SURFACE('',#9235,3.99999999999999);
#446=CYLINDRICAL_SURFACE('',#9240,1.8);
#447=CYLINDRICAL_SURFACE('',#9243,3.99999999999999);
#448=CYLINDRICAL_SURFACE('',#9248,1.8);
#449=CYLINDRICAL_SURFACE('',#9251,3.99999999999999);
#450=CYLINDRICAL_SURFACE('',#9256,1.8);
#451=CYLINDRICAL_SURFACE('',#9259,3.99999999999999);
#452=CYLINDRICAL_SURFACE('',#9264,1.8);
#453=CYLINDRICAL_SURFACE('',#9271,1.8);
#454=CYLINDRICAL_SURFACE('',#9278,1.8);
#455=CYLINDRICAL_SURFACE('',#9285,1.8);
#456=CYLINDRICAL_SURFACE('',#9292,1.6);
#457=CYLINDRICAL_SURFACE('',#9295,1.6);
#458=CYLINDRICAL_SURFACE('',#9298,1.6);
#459=CYLINDRICAL_SURFACE('',#9301,1.6);
#460=CYLINDRICAL_SURFACE('',#9310,7.5);
#461=CYLINDRICAL_SURFACE('',#9333,1.8);
#462=CYLINDRICAL_SURFACE('',#9336,3.99999999999999);
#463=CYLINDRICAL_SURFACE('',#9353,1.8);
#464=CYLINDRICAL_SURFACE('',#9356,3.99999999999999);
#465=CYLINDRICAL_SURFACE('',#9373,1.8);
#466=CYLINDRICAL_SURFACE('',#9376,3.99999999999999);
#467=CYLINDRICAL_SURFACE('',#9393,1.8);
#468=CYLINDRICAL_SURFACE('',#9396,3.99999999999999);
#469=CYLINDRICAL_SURFACE('',#9401,1.8);
#470=CYLINDRICAL_SURFACE('',#9404,1.8);
#471=CYLINDRICAL_SURFACE('',#9407,1.59999999999997);
#472=CYLINDRICAL_SURFACE('',#9410,1.59999999999997);
#473=CYLINDRICAL_SURFACE('',#9413,1.6);
#474=CYLINDRICAL_SURFACE('',#9416,1.6);
#475=CYLINDRICAL_SURFACE('',#9437,6.00000000000001);
#476=CYLINDRICAL_SURFACE('',#9448,6.00000000000001);
#477=CYLINDRICAL_SURFACE('',#9459,1.8);
#478=CYLINDRICAL_SURFACE('',#9462,3.99999999999999);
#479=CYLINDRICAL_SURFACE('',#9467,1.8);
#480=CYLINDRICAL_SURFACE('',#9470,3.99999999999999);
#481=STYLED_ITEM('',(#14272),#579);
#482=STYLED_ITEM('',(#14272),#580);
#483=STYLED_ITEM('',(#14272),#581);
#484=STYLED_ITEM('',(#14272),#582);
#485=STYLED_ITEM('',(#14272),#583);
#486=STYLED_ITEM('',(#14272),#584);
#487=STYLED_ITEM('',(#14272),#585);
#488=STYLED_ITEM('',(#14272),#586);
#489=STYLED_ITEM('',(#14272),#587);
#490=STYLED_ITEM('',(#14272),#588);
#491=STYLED_ITEM('',(#14272),#589);
#492=STYLED_ITEM('',(#14272),#590);
#493=STYLED_ITEM('',(#14272),#591);
#494=STYLED_ITEM('',(#14272),#592);
#495=STYLED_ITEM('',(#14272),#593);
#496=STYLED_ITEM('',(#14272),#594);
#497=STYLED_ITEM('',(#14272),#595);
#498=STYLED_ITEM('',(#14272),#596);
#499=STYLED_ITEM('',(#14272),#597);
#500=STYLED_ITEM('',(#14272),#598);
#501=STYLED_ITEM('',(#14272),#599);
#502=STYLED_ITEM('',(#14272),#600);
#503=STYLED_ITEM('',(#14272),#601);
#504=STYLED_ITEM('',(#14272),#602);
#505=STYLED_ITEM('',(#14272),#603);
#506=STYLED_ITEM('',(#14272),#604);
#507=STYLED_ITEM('',(#14272),#605);
#508=STYLED_ITEM('',(#14272),#606);
#509=STYLED_ITEM('',(#14272),#607);
#510=STYLED_ITEM('',(#14272),#608);
#511=STYLED_ITEM('',(#14272),#609);
#512=STYLED_ITEM('',(#14272),#610);
#513=STYLED_ITEM('',(#14272),#611);
#514=STYLED_ITEM('',(#14272),#612);
#515=STYLED_ITEM('',(#14272),#613);
#516=STYLED_ITEM('',(#14272),#614);
#517=STYLED_ITEM('',(#14272),#615);
#518=STYLED_ITEM('',(#14272),#616);
#519=STYLED_ITEM('',(#14272),#617);
#520=STYLED_ITEM('',(#14272),#618);
#521=STYLED_ITEM('',(#14272),#619);
#522=STYLED_ITEM('',(#14272),#620);
#523=STYLED_ITEM('',(#14272),#621);
#524=STYLED_ITEM('',(#14272),#622);
#525=STYLED_ITEM('',(#14272),#623);
#526=STYLED_ITEM('',(#14272),#624);
#527=STYLED_ITEM('',(#14272),#625);
#528=STYLED_ITEM('',(#14272),#626);
#529=STYLED_ITEM('',(#14272),#627);
#530=STYLED_ITEM('',(#14272),#628);
#531=STYLED_ITEM('',(#14272),#629);
#532=STYLED_ITEM('',(#14272),#630);
#533=STYLED_ITEM('',(#14272),#631);
#534=STYLED_ITEM('',(#14272),#632);
#535=STYLED_ITEM('',(#14272),#633);
#536=STYLED_ITEM('',(#14272),#634);
#537=STYLED_ITEM('',(#14272),#635);
#538=STYLED_ITEM('',(#14272),#636);
#539=STYLED_ITEM('',(#14272),#637);
#540=STYLED_ITEM('',(#14272),#638);
#541=STYLED_ITEM('',(#14272),#639);
#542=STYLED_ITEM('',(#14272),#640);
#543=STYLED_ITEM('',(#14272),#641);
#544=STYLED_ITEM('',(#14272),#642);
#545=STYLED_ITEM('',(#14272),#643);
#546=STYLED_ITEM('',(#14272),#644);
#547=STYLED_ITEM('',(#14272),#645);
#548=STYLED_ITEM('',(#14272),#646);
#549=STYLED_ITEM('',(#14272),#647);
#550=STYLED_ITEM('',(#14272),#648);
#551=STYLED_ITEM('',(#14272),#649);
#552=STYLED_ITEM('',(#14272),#650);
#553=STYLED_ITEM('',(#14272),#651);
#554=STYLED_ITEM('',(#14272),#652);
#555=STYLED_ITEM('',(#14272),#653);
#556=STYLED_ITEM('',(#14272),#654);
#557=STYLED_ITEM('',(#14272),#655);
#558=STYLED_ITEM('',(#14272),#656);
#559=STYLED_ITEM('',(#14272),#657);
#560=STYLED_ITEM('',(#14272),#658);
#561=STYLED_ITEM('',(#14272),#659);
#562=STYLED_ITEM('',(#14272),#660);
#563=STYLED_ITEM('',(#14272),#661);
#564=STYLED_ITEM('',(#14272),#662);
#565=STYLED_ITEM('',(#14272),#663);
#566=STYLED_ITEM('',(#14272),#664);
#567=STYLED_ITEM('',(#14272),#665);
#568=STYLED_ITEM('',(#14272),#666);
#569=STYLED_ITEM('',(#14272),#667);
#570=STYLED_ITEM('',(#14272),#668);
#571=STYLED_ITEM('',(#14272),#669);
#572=STYLED_ITEM('',(#14272),#670);
#573=STYLED_ITEM('',(#14272),#671);
#574=STYLED_ITEM('',(#14272),#672);
#575=STYLED_ITEM('',(#14272),#673);
#576=STYLED_ITEM('',(#14272),#674);
#577=STYLED_ITEM('',(#14272),#675);
#578=STYLED_ITEM('',(#14272),#676);
#579=MANIFOLD_SOLID_BREP('Body1',#8503);
#580=MANIFOLD_SOLID_BREP('Body2',#8504);
#581=MANIFOLD_SOLID_BREP('Body3',#8505);
#582=MANIFOLD_SOLID_BREP('Body4',#8506);
#583=MANIFOLD_SOLID_BREP('Body5',#8507);
#584=MANIFOLD_SOLID_BREP('Body6',#8508);
#585=MANIFOLD_SOLID_BREP('Body7',#8509);
#586=MANIFOLD_SOLID_BREP('Body8',#8510);
#587=MANIFOLD_SOLID_BREP('Body9',#8511);
#588=MANIFOLD_SOLID_BREP('Body10',#8512);
#589=MANIFOLD_SOLID_BREP('Body11',#8513);
#590=MANIFOLD_SOLID_BREP('Body12',#8514);
#591=MANIFOLD_SOLID_BREP('Body13',#8515);
#592=MANIFOLD_SOLID_BREP('Body14',#8516);
#593=MANIFOLD_SOLID_BREP('Body15',#8517);
#594=MANIFOLD_SOLID_BREP('Body16',#8518);
#595=MANIFOLD_SOLID_BREP('Body17',#8519);
#596=MANIFOLD_SOLID_BREP('Body18',#8520);
#597=MANIFOLD_SOLID_BREP('Body19',#8521);
#598=MANIFOLD_SOLID_BREP('Body20',#8522);
#599=MANIFOLD_SOLID_BREP('Body21',#8523);
#600=MANIFOLD_SOLID_BREP('Body22',#8524);
#601=MANIFOLD_SOLID_BREP('Body23',#8525);
#602=MANIFOLD_SOLID_BREP('Body24',#8526);
#603=MANIFOLD_SOLID_BREP('Body25',#8527);
#604=MANIFOLD_SOLID_BREP('Body26',#8528);
#605=MANIFOLD_SOLID_BREP('Body27',#8529);
#606=MANIFOLD_SOLID_BREP('Body28',#8530);
#607=MANIFOLD_SOLID_BREP('Body29',#8531);
#608=MANIFOLD_SOLID_BREP('Body30',#8532);
#609=MANIFOLD_SOLID_BREP('Body31',#8533);
#610=MANIFOLD_SOLID_BREP('Body32',#8534);
#611=MANIFOLD_SOLID_BREP('Body33',#8535);
#612=MANIFOLD_SOLID_BREP('Body34',#8536);
#613=MANIFOLD_SOLID_BREP('Body35',#8537);
#614=MANIFOLD_SOLID_BREP('Body36',#8538);
#615=MANIFOLD_SOLID_BREP('Body37',#8539);
#616=MANIFOLD_SOLID_BREP('Body38',#8540);
#617=MANIFOLD_SOLID_BREP('Body39',#8541);
#618=MANIFOLD_SOLID_BREP('Body40',#8542);
#619=MANIFOLD_SOLID_BREP('Body41',#8543);
#620=MANIFOLD_SOLID_BREP('Body42',#8544);
#621=MANIFOLD_SOLID_BREP('Body43',#8545);
#622=MANIFOLD_SOLID_BREP('Body44',#8546);
#623=MANIFOLD_SOLID_BREP('Body45',#8547);
#624=MANIFOLD_SOLID_BREP('Body46',#8548);
#625=MANIFOLD_SOLID_BREP('Body47',#8549);
#626=MANIFOLD_SOLID_BREP('Body48',#8550);
#627=MANIFOLD_SOLID_BREP('Body49',#8551);
#628=MANIFOLD_SOLID_BREP('Body50',#8552);
#629=MANIFOLD_SOLID_BREP('Body51',#8553);
#630=MANIFOLD_SOLID_BREP('Body52',#8554);
#631=MANIFOLD_SOLID_BREP('Body53',#8555);
#632=MANIFOLD_SOLID_BREP('Body54',#8556);
#633=MANIFOLD_SOLID_BREP('Body55',#8557);
#634=MANIFOLD_SOLID_BREP('Body56',#8558);
#635=MANIFOLD_SOLID_BREP('Body57',#8559);
#636=MANIFOLD_SOLID_BREP('Body58',#8560);
#637=MANIFOLD_SOLID_BREP('Body59',#8561);
#638=MANIFOLD_SOLID_BREP('Body60',#8562);
#639=MANIFOLD_SOLID_BREP('Body61',#8563);
#640=MANIFOLD_SOLID_BREP('Body62',#8564);
#641=MANIFOLD_SOLID_BREP('Body63',#8565);
#642=MANIFOLD_SOLID_BREP('Body64',#8566);
#643=MANIFOLD_SOLID_BREP('Body65',#8567);
#644=MANIFOLD_SOLID_BREP('Body66',#8568);
#645=MANIFOLD_SOLID_BREP('Body67',#8569);
#646=MANIFOLD_SOLID_BREP('Body68',#8570);
#647=MANIFOLD_SOLID_BREP('Body69',#8571);
#648=MANIFOLD_SOLID_BREP('Body70',#8572);
#649=MANIFOLD_SOLID_BREP('Body71',#8573);
#650=MANIFOLD_SOLID_BREP('Body72',#8574);
#651=MANIFOLD_SOLID_BREP('Body73',#8575);
#652=MANIFOLD_SOLID_BREP('Body74',#8576);
#653=MANIFOLD_SOLID_BREP('Body75',#8577);
#654=MANIFOLD_SOLID_BREP('Body76',#8578);
#655=MANIFOLD_SOLID_BREP('Body77',#8579);
#656=MANIFOLD_SOLID_BREP('Body78',#8580);
#657=MANIFOLD_SOLID_BREP('Body79',#8581);
#658=MANIFOLD_SOLID_BREP('Body80',#8582);
#659=MANIFOLD_SOLID_BREP('Body81',#8583);
#660=MANIFOLD_SOLID_BREP('Body82',#8584);
#661=MANIFOLD_SOLID_BREP('Body83',#8585);
#662=MANIFOLD_SOLID_BREP('Body84',#8586);
#663=MANIFOLD_SOLID_BREP('Body85',#8587);
#664=MANIFOLD_SOLID_BREP('Body86',#8588);
#665=MANIFOLD_SOLID_BREP('Body87',#8589);
#666=MANIFOLD_SOLID_BREP('Body88',#8590);
#667=MANIFOLD_SOLID_BREP('Body89',#8591);
#668=MANIFOLD_SOLID_BREP('Body90',#8592);
#669=MANIFOLD_SOLID_BREP('Body91',#8593);
#670=MANIFOLD_SOLID_BREP('Body92',#8594);
#671=MANIFOLD_SOLID_BREP('Body93',#8595);
#672=MANIFOLD_SOLID_BREP('Body94',#8596);
#673=MANIFOLD_SOLID_BREP('Body95',#8597);
#674=MANIFOLD_SOLID_BREP('Body96',#8598);
#675=MANIFOLD_SOLID_BREP('Body97',#8599);
#676=MANIFOLD_SOLID_BREP('Body98',#8600);
#677=FACE_BOUND('',#1449,.T.);
#678=FACE_BOUND('',#1480,.T.);
#679=FACE_BOUND('',#1481,.T.);
#680=FACE_BOUND('',#1482,.T.);
#681=FACE_BOUND('',#1483,.T.);
#682=FACE_BOUND('',#1484,.T.);
#683=FACE_BOUND('',#1485,.T.);
#684=FACE_BOUND('',#1486,.T.);
#685=FACE_BOUND('',#1487,.T.);
#686=FACE_BOUND('',#1488,.T.);
#687=FACE_BOUND('',#1489,.T.);
#688=FACE_BOUND('',#1490,.T.);
#689=FACE_BOUND('',#1491,.T.);
#690=FACE_BOUND('',#1493,.T.);
#691=FACE_BOUND('',#1494,.T.);
#692=FACE_BOUND('',#1495,.T.);
#693=FACE_BOUND('',#1496,.T.);
#694=FACE_BOUND('',#1497,.T.);
#695=FACE_BOUND('',#1498,.T.);
#696=FACE_BOUND('',#1499,.T.);
#697=FACE_BOUND('',#1500,.T.);
#698=FACE_BOUND('',#1501,.T.);
#699=FACE_BOUND('',#1502,.T.);
#700=FACE_BOUND('',#1503,.T.);
#701=FACE_BOUND('',#1504,.T.);
#702=FACE_BOUND('',#1538,.T.);
#703=FACE_BOUND('',#1540,.T.);
#704=FACE_BOUND('',#1544,.T.);
#705=FACE_BOUND('',#1546,.T.);
#706=FACE_BOUND('',#1550,.T.);
#707=FACE_BOUND('',#1552,.T.);
#708=FACE_BOUND('',#1556,.T.);
#709=FACE_BOUND('',#1558,.T.);
#710=FACE_BOUND('',#1562,.T.);
#711=FACE_BOUND('',#1564,.T.);
#712=FACE_BOUND('',#1568,.T.);
#713=FACE_BOUND('',#1570,.T.);
#714=FACE_BOUND('',#1574,.T.);
#715=FACE_BOUND('',#1576,.T.);
#716=FACE_BOUND('',#1580,.T.);
#717=FACE_BOUND('',#1582,.T.);
#718=FACE_BOUND('',#1598,.T.);
#719=FACE_BOUND('',#1599,.T.);
#720=FACE_BOUND('',#1600,.T.);
#721=FACE_BOUND('',#1601,.T.);
#722=FACE_BOUND('',#1602,.T.);
#723=FACE_BOUND('',#1603,.T.);
#724=FACE_BOUND('',#1604,.T.);
#725=FACE_BOUND('',#1605,.T.);
#726=FACE_BOUND('',#1606,.T.);
#727=FACE_BOUND('',#1607,.T.);
#728=FACE_BOUND('',#1609,.T.);
#729=FACE_BOUND('',#1610,.T.);
#730=FACE_BOUND('',#1611,.T.);
#731=FACE_BOUND('',#1612,.T.);
#732=FACE_BOUND('',#1613,.T.);
#733=FACE_BOUND('',#1614,.T.);
#734=FACE_BOUND('',#1615,.T.);
#735=FACE_BOUND('',#1616,.T.);
#736=FACE_BOUND('',#1617,.T.);
#737=FACE_BOUND('',#1618,.T.);
#738=FACE_BOUND('',#1661,.T.);
#739=FACE_BOUND('',#1663,.T.);
#740=FACE_BOUND('',#1667,.T.);
#741=FACE_BOUND('',#1669,.T.);
#742=FACE_BOUND('',#1673,.T.);
#743=FACE_BOUND('',#1675,.T.);
#744=FACE_BOUND('',#1679,.T.);
#745=FACE_BOUND('',#1681,.T.);
#746=FACE_BOUND('',#1685,.T.);
#747=FACE_BOUND('',#1687,.T.);
#748=FACE_BOUND('',#1691,.T.);
#749=FACE_BOUND('',#1693,.T.);
#750=FACE_BOUND('',#1707,.T.);
#751=FACE_BOUND('',#1708,.T.);
#752=FACE_BOUND('',#1709,.T.);
#753=FACE_BOUND('',#1710,.T.);
#754=FACE_BOUND('',#1711,.T.);
#755=FACE_BOUND('',#1712,.T.);
#756=FACE_BOUND('',#1713,.T.);
#757=FACE_BOUND('',#1714,.T.);
#758=FACE_BOUND('',#1716,.T.);
#759=FACE_BOUND('',#1717,.T.);
#760=FACE_BOUND('',#1718,.T.);
#761=FACE_BOUND('',#1719,.T.);
#762=FACE_BOUND('',#1720,.T.);
#763=FACE_BOUND('',#1721,.T.);
#764=FACE_BOUND('',#1722,.T.);
#765=FACE_BOUND('',#1723,.T.);
#766=FACE_BOUND('',#1754,.T.);
#767=FACE_BOUND('',#1756,.T.);
#768=FACE_BOUND('',#1760,.T.);
#769=FACE_BOUND('',#1762,.T.);
#770=FACE_BOUND('',#1766,.T.);
#771=FACE_BOUND('',#1768,.T.);
#772=FACE_BOUND('',#1772,.T.);
#773=FACE_BOUND('',#1774,.T.);
#774=FACE_BOUND('',#1788,.T.);
#775=FACE_BOUND('',#1789,.T.);
#776=FACE_BOUND('',#1790,.T.);
#777=FACE_BOUND('',#1791,.T.);
#778=FACE_BOUND('',#1792,.T.);
#779=FACE_BOUND('',#1793,.T.);
#780=FACE_BOUND('',#1794,.T.);
#781=FACE_BOUND('',#1795,.T.);
#782=FACE_BOUND('',#1797,.T.);
#783=FACE_BOUND('',#1798,.T.);
#784=FACE_BOUND('',#1799,.T.);
#785=FACE_BOUND('',#1800,.T.);
#786=FACE_BOUND('',#1801,.T.);
#787=FACE_BOUND('',#1802,.T.);
#788=FACE_BOUND('',#1803,.T.);
#789=FACE_BOUND('',#1804,.T.);
#790=FACE_BOUND('',#1844,.T.);
#791=FACE_BOUND('',#1846,.T.);
#792=FACE_BOUND('',#1850,.T.);
#793=FACE_BOUND('',#1852,.T.);
#794=FACE_BOUND('',#1856,.T.);
#795=FACE_BOUND('',#1858,.T.);
#796=FACE_BOUND('',#1862,.T.);
#797=FACE_BOUND('',#1864,.T.);
#798=FACE_BOUND('',#1877,.T.);
#799=FACE_BOUND('',#1878,.T.);
#800=FACE_BOUND('',#1879,.T.);
#801=FACE_BOUND('',#1880,.T.);
#802=FACE_BOUND('',#1881,.T.);
#803=FACE_BOUND('',#1882,.T.);
#804=FACE_BOUND('',#1883,.T.);
#805=FACE_BOUND('',#1885,.T.);
#806=FACE_BOUND('',#1886,.T.);
#807=FACE_BOUND('',#1887,.T.);
#808=FACE_BOUND('',#1888,.T.);
#809=FACE_BOUND('',#1889,.T.);
#810=FACE_BOUND('',#1890,.T.);
#811=FACE_BOUND('',#1891,.T.);
#812=FACE_BOUND('',#1913,.T.);
#813=FACE_BOUND('',#1915,.T.);
#814=FACE_BOUND('',#1919,.T.);
#815=FACE_BOUND('',#1921,.T.);
#816=FACE_BOUND('',#1925,.T.);
#817=FACE_BOUND('',#1927,.T.);
#818=FACE_BOUND('',#1941,.T.);
#819=FACE_BOUND('',#1942,.T.);
#820=FACE_BOUND('',#1943,.T.);
#821=FACE_BOUND('',#1944,.T.);
#822=FACE_BOUND('',#1945,.T.);
#823=FACE_BOUND('',#1946,.T.);
#824=FACE_BOUND('',#1947,.T.);
#825=FACE_BOUND('',#1948,.T.);
#826=FACE_BOUND('',#1950,.T.);
#827=FACE_BOUND('',#1951,.T.);
#828=FACE_BOUND('',#1952,.T.);
#829=FACE_BOUND('',#1953,.T.);
#830=FACE_BOUND('',#1954,.T.);
#831=FACE_BOUND('',#1955,.T.);
#832=FACE_BOUND('',#1956,.T.);
#833=FACE_BOUND('',#1957,.T.);
#834=FACE_BOUND('',#1979,.T.);
#835=FACE_BOUND('',#1981,.T.);
#836=FACE_BOUND('',#1985,.T.);
#837=FACE_BOUND('',#1987,.T.);
#838=FACE_BOUND('',#1991,.T.);
#839=FACE_BOUND('',#1993,.T.);
#840=FACE_BOUND('',#1997,.T.);
#841=FACE_BOUND('',#1999,.T.);
#842=FACE_BOUND('',#2029,.T.);
#843=FACE_BOUND('',#2030,.T.);
#844=FACE_BOUND('',#2031,.T.);
#845=FACE_BOUND('',#2032,.T.);
#846=FACE_BOUND('',#2033,.T.);
#847=FACE_BOUND('',#2034,.T.);
#848=FACE_BOUND('',#2035,.T.);
#849=FACE_BOUND('',#2036,.T.);
#850=FACE_BOUND('',#2037,.T.);
#851=FACE_BOUND('',#2038,.T.);
#852=FACE_BOUND('',#2039,.T.);
#853=FACE_BOUND('',#2040,.T.);
#854=FACE_BOUND('',#2042,.T.);
#855=FACE_BOUND('',#2043,.T.);
#856=FACE_BOUND('',#2044,.T.);
#857=FACE_BOUND('',#2045,.T.);
#858=FACE_BOUND('',#2046,.T.);
#859=FACE_BOUND('',#2047,.T.);
#860=FACE_BOUND('',#2048,.T.);
#861=FACE_BOUND('',#2049,.T.);
#862=FACE_BOUND('',#2050,.T.);
#863=FACE_BOUND('',#2051,.T.);
#864=FACE_BOUND('',#2052,.T.);
#865=FACE_BOUND('',#2053,.T.);
#866=FACE_BOUND('',#2078,.T.);
#867=FACE_BOUND('',#2080,.T.);
#868=FACE_BOUND('',#2096,.T.);
#869=FACE_BOUND('',#2098,.T.);
#870=FACE_BOUND('',#2114,.T.);
#871=FACE_BOUND('',#2116,.T.);
#872=FACE_BOUND('',#2132,.T.);
#873=FACE_BOUND('',#2134,.T.);
#874=FACE_BOUND('',#2146,.T.);
#875=FACE_BOUND('',#2147,.T.);
#876=FACE_BOUND('',#2148,.T.);
#877=FACE_BOUND('',#2149,.T.);
#878=FACE_BOUND('',#2150,.T.);
#879=FACE_BOUND('',#2151,.T.);
#880=FACE_BOUND('',#2153,.T.);
#881=FACE_BOUND('',#2154,.T.);
#882=FACE_BOUND('',#2155,.T.);
#883=FACE_BOUND('',#2156,.T.);
#884=FACE_BOUND('',#2157,.T.);
#885=FACE_BOUND('',#2158,.T.);
#886=FACE_BOUND('',#2192,.T.);
#887=FACE_BOUND('',#2194,.T.);
#888=FACE_BOUND('',#2198,.T.);
#889=FACE_BOUND('',#2200,.T.);
#890=FACE_OUTER_BOUND('',#1439,.T.);
#891=FACE_OUTER_BOUND('',#1440,.T.);
#892=FACE_OUTER_BOUND('',#1441,.T.);
#893=FACE_OUTER_BOUND('',#1442,.T.);
#894=FACE_OUTER_BOUND('',#1443,.T.);
#895=FACE_OUTER_BOUND('',#1444,.T.);
#896=FACE_OUTER_BOUND('',#1445,.T.);
#897=FACE_OUTER_BOUND('',#1446,.T.);
#898=FACE_OUTER_BOUND('',#1447,.T.);
#899=FACE_OUTER_BOUND('',#1448,.T.);
#900=FACE_OUTER_BOUND('',#1450,.T.);
#901=FACE_OUTER_BOUND('',#1451,.T.);
#902=FACE_OUTER_BOUND('',#1452,.T.);
#903=FACE_OUTER_BOUND('',#1453,.T.);
#904=FACE_OUTER_BOUND('',#1454,.T.);
#905=FACE_OUTER_BOUND('',#1455,.T.);
#906=FACE_OUTER_BOUND('',#1456,.T.);
#907=FACE_OUTER_BOUND('',#1457,.T.);
#908=FACE_OUTER_BOUND('',#1458,.T.);
#909=FACE_OUTER_BOUND('',#1459,.T.);
#910=FACE_OUTER_BOUND('',#1460,.T.);
#911=FACE_OUTER_BOUND('',#1461,.T.);
#912=FACE_OUTER_BOUND('',#1462,.T.);
#913=FACE_OUTER_BOUND('',#1463,.T.);
#914=FACE_OUTER_BOUND('',#1464,.T.);
#915=FACE_OUTER_BOUND('',#1465,.T.);
#916=FACE_OUTER_BOUND('',#1466,.T.);
#917=FACE_OUTER_BOUND('',#1467,.T.);
#918=FACE_OUTER_BOUND('',#1468,.T.);
#919=FACE_OUTER_BOUND('',#1469,.T.);
#920=FACE_OUTER_BOUND('',#1470,.T.);
#921=FACE_OUTER_BOUND('',#1471,.T.);
#922=FACE_OUTER_BOUND('',#1472,.T.);
#923=FACE_OUTER_BOUND('',#1473,.T.);
#924=FACE_OUTER_BOUND('',#1474,.T.);
#925=FACE_OUTER_BOUND('',#1475,.T.);
#926=FACE_OUTER_BOUND('',#1476,.T.);
#927=FACE_OUTER_BOUND('',#1477,.T.);
#928=FACE_OUTER_BOUND('',#1478,.T.);
#929=FACE_OUTER_BOUND('',#1479,.T.);
#930=FACE_OUTER_BOUND('',#1492,.T.);
#931=FACE_OUTER_BOUND('',#1505,.T.);
#932=FACE_OUTER_BOUND('',#1506,.T.);
#933=FACE_OUTER_BOUND('',#1507,.T.);
#934=FACE_OUTER_BOUND('',#1508,.T.);
#935=FACE_OUTER_BOUND('',#1509,.T.);
#936=FACE_OUTER_BOUND('',#1510,.T.);
#937=FACE_OUTER_BOUND('',#1511,.T.);
#938=FACE_OUTER_BOUND('',#1512,.T.);
#939=FACE_OUTER_BOUND('',#1513,.T.);
#940=FACE_OUTER_BOUND('',#1514,.T.);
#941=FACE_OUTER_BOUND('',#1515,.T.);
#942=FACE_OUTER_BOUND('',#1516,.T.);
#943=FACE_OUTER_BOUND('',#1517,.T.);
#944=FACE_OUTER_BOUND('',#1518,.T.);
#945=FACE_OUTER_BOUND('',#1519,.T.);
#946=FACE_OUTER_BOUND('',#1520,.T.);
#947=FACE_OUTER_BOUND('',#1521,.T.);
#948=FACE_OUTER_BOUND('',#1522,.T.);
#949=FACE_OUTER_BOUND('',#1523,.T.);
#950=FACE_OUTER_BOUND('',#1524,.T.);
#951=FACE_OUTER_BOUND('',#1525,.T.);
#952=FACE_OUTER_BOUND('',#1526,.T.);
#953=FACE_OUTER_BOUND('',#1527,.T.);
#954=FACE_OUTER_BOUND('',#1528,.T.);
#955=FACE_OUTER_BOUND('',#1529,.T.);
#956=FACE_OUTER_BOUND('',#1530,.T.);
#957=FACE_OUTER_BOUND('',#1531,.T.);
#958=FACE_OUTER_BOUND('',#1532,.T.);
#959=FACE_OUTER_BOUND('',#1533,.T.);
#960=FACE_OUTER_BOUND('',#1534,.T.);
#961=FACE_OUTER_BOUND('',#1535,.T.);
#962=FACE_OUTER_BOUND('',#1536,.T.);
#963=FACE_OUTER_BOUND('',#1537,.T.);
#964=FACE_OUTER_BOUND('',#1539,.T.);
#965=FACE_OUTER_BOUND('',#1541,.T.);
#966=FACE_OUTER_BOUND('',#1542,.T.);
#967=FACE_OUTER_BOUND('',#1543,.T.);
#968=FACE_OUTER_BOUND('',#1545,.T.);
#969=FACE_OUTER_BOUND('',#1547,.T.);
#970=FACE_OUTER_BOUND('',#1548,.T.);
#971=FACE_OUTER_BOUND('',#1549,.T.);
#972=FACE_OUTER_BOUND('',#1551,.T.);
#973=FACE_OUTER_BOUND('',#1553,.T.);
#974=FACE_OUTER_BOUND('',#1554,.T.);
#975=FACE_OUTER_BOUND('',#1555,.T.);
#976=FACE_OUTER_BOUND('',#1557,.T.);
#977=FACE_OUTER_BOUND('',#1559,.T.);
#978=FACE_OUTER_BOUND('',#1560,.T.);
#979=FACE_OUTER_BOUND('',#1561,.T.);
#980=FACE_OUTER_BOUND('',#1563,.T.);
#981=FACE_OUTER_BOUND('',#1565,.T.);
#982=FACE_OUTER_BOUND('',#1566,.T.);
#983=FACE_OUTER_BOUND('',#1567,.T.);
#984=FACE_OUTER_BOUND('',#1569,.T.);
#985=FACE_OUTER_BOUND('',#1571,.T.);
#986=FACE_OUTER_BOUND('',#1572,.T.);
#987=FACE_OUTER_BOUND('',#1573,.T.);
#988=FACE_OUTER_BOUND('',#1575,.T.);
#989=FACE_OUTER_BOUND('',#1577,.T.);
#990=FACE_OUTER_BOUND('',#1578,.T.);
#991=FACE_OUTER_BOUND('',#1579,.T.);
#992=FACE_OUTER_BOUND('',#1581,.T.);
#993=FACE_OUTER_BOUND('',#1583,.T.);
#994=FACE_OUTER_BOUND('',#1584,.T.);
#995=FACE_OUTER_BOUND('',#1585,.T.);
#996=FACE_OUTER_BOUND('',#1586,.T.);
#997=FACE_OUTER_BOUND('',#1587,.T.);
#998=FACE_OUTER_BOUND('',#1588,.T.);
#999=FACE_OUTER_BOUND('',#1589,.T.);
#1000=FACE_OUTER_BOUND('',#1590,.T.);
#1001=FACE_OUTER_BOUND('',#1591,.T.);
#1002=FACE_OUTER_BOUND('',#1592,.T.);
#1003=FACE_OUTER_BOUND('',#1593,.T.);
#1004=FACE_OUTER_BOUND('',#1594,.T.);
#1005=FACE_OUTER_BOUND('',#1595,.T.);
#1006=FACE_OUTER_BOUND('',#1596,.T.);
#1007=FACE_OUTER_BOUND('',#1597,.T.);
#1008=FACE_OUTER_BOUND('',#1608,.T.);
#1009=FACE_OUTER_BOUND('',#1619,.T.);
#1010=FACE_OUTER_BOUND('',#1620,.T.);
#1011=FACE_OUTER_BOUND('',#1621,.T.);
#1012=FACE_OUTER_BOUND('',#1622,.T.);
#1013=FACE_OUTER_BOUND('',#1623,.T.);
#1014=FACE_OUTER_BOUND('',#1624,.T.);
#1015=FACE_OUTER_BOUND('',#1625,.T.);
#1016=FACE_OUTER_BOUND('',#1626,.T.);
#1017=FACE_OUTER_BOUND('',#1627,.T.);
#1018=FACE_OUTER_BOUND('',#1628,.T.);
#1019=FACE_OUTER_BOUND('',#1629,.T.);
#1020=FACE_OUTER_BOUND('',#1630,.T.);
#1021=FACE_OUTER_BOUND('',#1631,.T.);
#1022=FACE_OUTER_BOUND('',#1632,.T.);
#1023=FACE_OUTER_BOUND('',#1633,.T.);
#1024=FACE_OUTER_BOUND('',#1634,.T.);
#1025=FACE_OUTER_BOUND('',#1635,.T.);
#1026=FACE_OUTER_BOUND('',#1636,.T.);
#1027=FACE_OUTER_BOUND('',#1637,.T.);
#1028=FACE_OUTER_BOUND('',#1638,.T.);
#1029=FACE_OUTER_BOUND('',#1639,.T.);
#1030=FACE_OUTER_BOUND('',#1640,.T.);
#1031=FACE_OUTER_BOUND('',#1641,.T.);
#1032=FACE_OUTER_BOUND('',#1642,.T.);
#1033=FACE_OUTER_BOUND('',#1643,.T.);
#1034=FACE_OUTER_BOUND('',#1644,.T.);
#1035=FACE_OUTER_BOUND('',#1645,.T.);
#1036=FACE_OUTER_BOUND('',#1646,.T.);
#1037=FACE_OUTER_BOUND('',#1647,.T.);
#1038=FACE_OUTER_BOUND('',#1648,.T.);
#1039=FACE_OUTER_BOUND('',#1649,.T.);
#1040=FACE_OUTER_BOUND('',#1650,.T.);
#1041=FACE_OUTER_BOUND('',#1651,.T.);
#1042=FACE_OUTER_BOUND('',#1652,.T.);
#1043=FACE_OUTER_BOUND('',#1653,.T.);
#1044=FACE_OUTER_BOUND('',#1654,.T.);
#1045=FACE_OUTER_BOUND('',#1655,.T.);
#1046=FACE_OUTER_BOUND('',#1656,.T.);
#1047=FACE_OUTER_BOUND('',#1657,.T.);
#1048=FACE_OUTER_BOUND('',#1658,.T.);
#1049=FACE_OUTER_BOUND('',#1659,.T.);
#1050=FACE_OUTER_BOUND('',#1660,.T.);
#1051=FACE_OUTER_BOUND('',#1662,.T.);
#1052=FACE_OUTER_BOUND('',#1664,.T.);
#1053=FACE_OUTER_BOUND('',#1665,.T.);
#1054=FACE_OUTER_BOUND('',#1666,.T.);
#1055=FACE_OUTER_BOUND('',#1668,.T.);
#1056=FACE_OUTER_BOUND('',#1670,.T.);
#1057=FACE_OUTER_BOUND('',#1671,.T.);
#1058=FACE_OUTER_BOUND('',#1672,.T.);
#1059=FACE_OUTER_BOUND('',#1674,.T.);
#1060=FACE_OUTER_BOUND('',#1676,.T.);
#1061=FACE_OUTER_BOUND('',#1677,.T.);
#1062=FACE_OUTER_BOUND('',#1678,.T.);
#1063=FACE_OUTER_BOUND('',#1680,.T.);
#1064=FACE_OUTER_BOUND('',#1682,.T.);
#1065=FACE_OUTER_BOUND('',#1683,.T.);
#1066=FACE_OUTER_BOUND('',#1684,.T.);
#1067=FACE_OUTER_BOUND('',#1686,.T.);
#1068=FACE_OUTER_BOUND('',#1688,.T.);
#1069=FACE_OUTER_BOUND('',#1689,.T.);
#1070=FACE_OUTER_BOUND('',#1690,.T.);
#1071=FACE_OUTER_BOUND('',#1692,.T.);
#1072=FACE_OUTER_BOUND('',#1694,.T.);
#1073=FACE_OUTER_BOUND('',#1695,.T.);
#1074=FACE_OUTER_BOUND('',#1696,.T.);
#1075=FACE_OUTER_BOUND('',#1697,.T.);
#1076=FACE_OUTER_BOUND('',#1698,.T.);
#1077=FACE_OUTER_BOUND('',#1699,.T.);
#1078=FACE_OUTER_BOUND('',#1700,.T.);
#1079=FACE_OUTER_BOUND('',#1701,.T.);
#1080=FACE_OUTER_BOUND('',#1702,.T.);
#1081=FACE_OUTER_BOUND('',#1703,.T.);
#1082=FACE_OUTER_BOUND('',#1704,.T.);
#1083=FACE_OUTER_BOUND('',#1705,.T.);
#1084=FACE_OUTER_BOUND('',#1706,.T.);
#1085=FACE_OUTER_BOUND('',#1715,.T.);
#1086=FACE_OUTER_BOUND('',#1724,.T.);
#1087=FACE_OUTER_BOUND('',#1725,.T.);
#1088=FACE_OUTER_BOUND('',#1726,.T.);
#1089=FACE_OUTER_BOUND('',#1727,.T.);
#1090=FACE_OUTER_BOUND('',#1728,.T.);
#1091=FACE_OUTER_BOUND('',#1729,.T.);
#1092=FACE_OUTER_BOUND('',#1730,.T.);
#1093=FACE_OUTER_BOUND('',#1731,.T.);
#1094=FACE_OUTER_BOUND('',#1732,.T.);
#1095=FACE_OUTER_BOUND('',#1733,.T.);
#1096=FACE_OUTER_BOUND('',#1734,.T.);
#1097=FACE_OUTER_BOUND('',#1735,.T.);
#1098=FACE_OUTER_BOUND('',#1736,.T.);
#1099=FACE_OUTER_BOUND('',#1737,.T.);
#1100=FACE_OUTER_BOUND('',#1738,.T.);
#1101=FACE_OUTER_BOUND('',#1739,.T.);
#1102=FACE_OUTER_BOUND('',#1740,.T.);
#1103=FACE_OUTER_BOUND('',#1741,.T.);
#1104=FACE_OUTER_BOUND('',#1742,.T.);
#1105=FACE_OUTER_BOUND('',#1743,.T.);
#1106=FACE_OUTER_BOUND('',#1744,.T.);
#1107=FACE_OUTER_BOUND('',#1745,.T.);
#1108=FACE_OUTER_BOUND('',#1746,.T.);
#1109=FACE_OUTER_BOUND('',#1747,.T.);
#1110=FACE_OUTER_BOUND('',#1748,.T.);
#1111=FACE_OUTER_BOUND('',#1749,.T.);
#1112=FACE_OUTER_BOUND('',#1750,.T.);
#1113=FACE_OUTER_BOUND('',#1751,.T.);
#1114=FACE_OUTER_BOUND('',#1752,.T.);
#1115=FACE_OUTER_BOUND('',#1753,.T.);
#1116=FACE_OUTER_BOUND('',#1755,.T.);
#1117=FACE_OUTER_BOUND('',#1757,.T.);
#1118=FACE_OUTER_BOUND('',#1758,.T.);
#1119=FACE_OUTER_BOUND('',#1759,.T.);
#1120=FACE_OUTER_BOUND('',#1761,.T.);
#1121=FACE_OUTER_BOUND('',#1763,.T.);
#1122=FACE_OUTER_BOUND('',#1764,.T.);
#1123=FACE_OUTER_BOUND('',#1765,.T.);
#1124=FACE_OUTER_BOUND('',#1767,.T.);
#1125=FACE_OUTER_BOUND('',#1769,.T.);
#1126=FACE_OUTER_BOUND('',#1770,.T.);
#1127=FACE_OUTER_BOUND('',#1771,.T.);
#1128=FACE_OUTER_BOUND('',#1773,.T.);
#1129=FACE_OUTER_BOUND('',#1775,.T.);
#1130=FACE_OUTER_BOUND('',#1776,.T.);
#1131=FACE_OUTER_BOUND('',#1777,.T.);
#1132=FACE_OUTER_BOUND('',#1778,.T.);
#1133=FACE_OUTER_BOUND('',#1779,.T.);
#1134=FACE_OUTER_BOUND('',#1780,.T.);
#1135=FACE_OUTER_BOUND('',#1781,.T.);
#1136=FACE_OUTER_BOUND('',#1782,.T.);
#1137=FACE_OUTER_BOUND('',#1783,.T.);
#1138=FACE_OUTER_BOUND('',#1784,.T.);
#1139=FACE_OUTER_BOUND('',#1785,.T.);
#1140=FACE_OUTER_BOUND('',#1786,.T.);
#1141=FACE_OUTER_BOUND('',#1787,.T.);
#1142=FACE_OUTER_BOUND('',#1796,.T.);
#1143=FACE_OUTER_BOUND('',#1805,.T.);
#1144=FACE_OUTER_BOUND('',#1806,.T.);
#1145=FACE_OUTER_BOUND('',#1807,.T.);
#1146=FACE_OUTER_BOUND('',#1808,.T.);
#1147=FACE_OUTER_BOUND('',#1809,.T.);
#1148=FACE_OUTER_BOUND('',#1810,.T.);
#1149=FACE_OUTER_BOUND('',#1811,.T.);
#1150=FACE_OUTER_BOUND('',#1812,.T.);
#1151=FACE_OUTER_BOUND('',#1813,.T.);
#1152=FACE_OUTER_BOUND('',#1814,.T.);
#1153=FACE_OUTER_BOUND('',#1815,.T.);
#1154=FACE_OUTER_BOUND('',#1816,.T.);
#1155=FACE_OUTER_BOUND('',#1817,.T.);
#1156=FACE_OUTER_BOUND('',#1818,.T.);
#1157=FACE_OUTER_BOUND('',#1819,.T.);
#1158=FACE_OUTER_BOUND('',#1820,.T.);
#1159=FACE_OUTER_BOUND('',#1821,.T.);
#1160=FACE_OUTER_BOUND('',#1822,.T.);
#1161=FACE_OUTER_BOUND('',#1823,.T.);
#1162=FACE_OUTER_BOUND('',#1824,.T.);
#1163=FACE_OUTER_BOUND('',#1825,.T.);
#1164=FACE_OUTER_BOUND('',#1826,.T.);
#1165=FACE_OUTER_BOUND('',#1827,.T.);
#1166=FACE_OUTER_BOUND('',#1828,.T.);
#1167=FACE_OUTER_BOUND('',#1829,.T.);
#1168=FACE_OUTER_BOUND('',#1830,.T.);
#1169=FACE_OUTER_BOUND('',#1831,.T.);
#1170=FACE_OUTER_BOUND('',#1832,.T.);
#1171=FACE_OUTER_BOUND('',#1833,.T.);
#1172=FACE_OUTER_BOUND('',#1834,.T.);
#1173=FACE_OUTER_BOUND('',#1835,.T.);
#1174=FACE_OUTER_BOUND('',#1836,.T.);
#1175=FACE_OUTER_BOUND('',#1837,.T.);
#1176=FACE_OUTER_BOUND('',#1838,.T.);
#1177=FACE_OUTER_BOUND('',#1839,.T.);
#1178=FACE_OUTER_BOUND('',#1840,.T.);
#1179=FACE_OUTER_BOUND('',#1841,.T.);
#1180=FACE_OUTER_BOUND('',#1842,.T.);
#1181=FACE_OUTER_BOUND('',#1843,.T.);
#1182=FACE_OUTER_BOUND('',#1845,.T.);
#1183=FACE_OUTER_BOUND('',#1847,.T.);
#1184=FACE_OUTER_BOUND('',#1848,.T.);
#1185=FACE_OUTER_BOUND('',#1849,.T.);
#1186=FACE_OUTER_BOUND('',#1851,.T.);
#1187=FACE_OUTER_BOUND('',#1853,.T.);
#1188=FACE_OUTER_BOUND('',#1854,.T.);
#1189=FACE_OUTER_BOUND('',#1855,.T.);
#1190=FACE_OUTER_BOUND('',#1857,.T.);
#1191=FACE_OUTER_BOUND('',#1859,.T.);
#1192=FACE_OUTER_BOUND('',#1860,.T.);
#1193=FACE_OUTER_BOUND('',#1861,.T.);
#1194=FACE_OUTER_BOUND('',#1863,.T.);
#1195=FACE_OUTER_BOUND('',#1865,.T.);
#1196=FACE_OUTER_BOUND('',#1866,.T.);
#1197=FACE_OUTER_BOUND('',#1867,.T.);
#1198=FACE_OUTER_BOUND('',#1868,.T.);
#1199=FACE_OUTER_BOUND('',#1869,.T.);
#1200=FACE_OUTER_BOUND('',#1870,.T.);
#1201=FACE_OUTER_BOUND('',#1871,.T.);
#1202=FACE_OUTER_BOUND('',#1872,.T.);
#1203=FACE_OUTER_BOUND('',#1873,.T.);
#1204=FACE_OUTER_BOUND('',#1874,.T.);
#1205=FACE_OUTER_BOUND('',#1875,.T.);
#1206=FACE_OUTER_BOUND('',#1876,.T.);
#1207=FACE_OUTER_BOUND('',#1884,.T.);
#1208=FACE_OUTER_BOUND('',#1892,.T.);
#1209=FACE_OUTER_BOUND('',#1893,.T.);
#1210=FACE_OUTER_BOUND('',#1894,.T.);
#1211=FACE_OUTER_BOUND('',#1895,.T.);
#1212=FACE_OUTER_BOUND('',#1896,.T.);
#1213=FACE_OUTER_BOUND('',#1897,.T.);
#1214=FACE_OUTER_BOUND('',#1898,.T.);
#1215=FACE_OUTER_BOUND('',#1899,.T.);
#1216=FACE_OUTER_BOUND('',#1900,.T.);
#1217=FACE_OUTER_BOUND('',#1901,.T.);
#1218=FACE_OUTER_BOUND('',#1902,.T.);
#1219=FACE_OUTER_BOUND('',#1903,.T.);
#1220=FACE_OUTER_BOUND('',#1904,.T.);
#1221=FACE_OUTER_BOUND('',#1905,.T.);
#1222=FACE_OUTER_BOUND('',#1906,.T.);
#1223=FACE_OUTER_BOUND('',#1907,.T.);
#1224=FACE_OUTER_BOUND('',#1908,.T.);
#1225=FACE_OUTER_BOUND('',#1909,.T.);
#1226=FACE_OUTER_BOUND('',#1910,.T.);
#1227=FACE_OUTER_BOUND('',#1911,.T.);
#1228=FACE_OUTER_BOUND('',#1912,.T.);
#1229=FACE_OUTER_BOUND('',#1914,.T.);
#1230=FACE_OUTER_BOUND('',#1916,.T.);
#1231=FACE_OUTER_BOUND('',#1917,.T.);
#1232=FACE_OUTER_BOUND('',#1918,.T.);
#1233=FACE_OUTER_BOUND('',#1920,.T.);
#1234=FACE_OUTER_BOUND('',#1922,.T.);
#1235=FACE_OUTER_BOUND('',#1923,.T.);
#1236=FACE_OUTER_BOUND('',#1924,.T.);
#1237=FACE_OUTER_BOUND('',#1926,.T.);
#1238=FACE_OUTER_BOUND('',#1928,.T.);
#1239=FACE_OUTER_BOUND('',#1929,.T.);
#1240=FACE_OUTER_BOUND('',#1930,.T.);
#1241=FACE_OUTER_BOUND('',#1931,.T.);
#1242=FACE_OUTER_BOUND('',#1932,.T.);
#1243=FACE_OUTER_BOUND('',#1933,.T.);
#1244=FACE_OUTER_BOUND('',#1934,.T.);
#1245=FACE_OUTER_BOUND('',#1935,.T.);
#1246=FACE_OUTER_BOUND('',#1936,.T.);
#1247=FACE_OUTER_BOUND('',#1937,.T.);
#1248=FACE_OUTER_BOUND('',#1938,.T.);
#1249=FACE_OUTER_BOUND('',#1939,.T.);
#1250=FACE_OUTER_BOUND('',#1940,.T.);
#1251=FACE_OUTER_BOUND('',#1949,.T.);
#1252=FACE_OUTER_BOUND('',#1958,.T.);
#1253=FACE_OUTER_BOUND('',#1959,.T.);
#1254=FACE_OUTER_BOUND('',#1960,.T.);
#1255=FACE_OUTER_BOUND('',#1961,.T.);
#1256=FACE_OUTER_BOUND('',#1962,.T.);
#1257=FACE_OUTER_BOUND('',#1963,.T.);
#1258=FACE_OUTER_BOUND('',#1964,.T.);
#1259=FACE_OUTER_BOUND('',#1965,.T.);
#1260=FACE_OUTER_BOUND('',#1966,.T.);
#1261=FACE_OUTER_BOUND('',#1967,.T.);
#1262=FACE_OUTER_BOUND('',#1968,.T.);
#1263=FACE_OUTER_BOUND('',#1969,.T.);
#1264=FACE_OUTER_BOUND('',#1970,.T.);
#1265=FACE_OUTER_BOUND('',#1971,.T.);
#1266=FACE_OUTER_BOUND('',#1972,.T.);
#1267=FACE_OUTER_BOUND('',#1973,.T.);
#1268=FACE_OUTER_BOUND('',#1974,.T.);
#1269=FACE_OUTER_BOUND('',#1975,.T.);
#1270=FACE_OUTER_BOUND('',#1976,.T.);
#1271=FACE_OUTER_BOUND('',#1977,.T.);
#1272=FACE_OUTER_BOUND('',#1978,.T.);
#1273=FACE_OUTER_BOUND('',#1980,.T.);
#1274=FACE_OUTER_BOUND('',#1982,.T.);
#1275=FACE_OUTER_BOUND('',#1983,.T.);
#1276=FACE_OUTER_BOUND('',#1984,.T.);
#1277=FACE_OUTER_BOUND('',#1986,.T.);
#1278=FACE_OUTER_BOUND('',#1988,.T.);
#1279=FACE_OUTER_BOUND('',#1989,.T.);
#1280=FACE_OUTER_BOUND('',#1990,.T.);
#1281=FACE_OUTER_BOUND('',#1992,.T.);
#1282=FACE_OUTER_BOUND('',#1994,.T.);
#1283=FACE_OUTER_BOUND('',#1995,.T.);
#1284=FACE_OUTER_BOUND('',#1996,.T.);
#1285=FACE_OUTER_BOUND('',#1998,.T.);
#1286=FACE_OUTER_BOUND('',#2000,.T.);
#1287=FACE_OUTER_BOUND('',#2001,.T.);
#1288=FACE_OUTER_BOUND('',#2002,.T.);
#1289=FACE_OUTER_BOUND('',#2003,.T.);
#1290=FACE_OUTER_BOUND('',#2004,.T.);
#1291=FACE_OUTER_BOUND('',#2005,.T.);
#1292=FACE_OUTER_BOUND('',#2006,.T.);
#1293=FACE_OUTER_BOUND('',#2007,.T.);
#1294=FACE_OUTER_BOUND('',#2008,.T.);
#1295=FACE_OUTER_BOUND('',#2009,.T.);
#1296=FACE_OUTER_BOUND('',#2010,.T.);
#1297=FACE_OUTER_BOUND('',#2011,.T.);
#1298=FACE_OUTER_BOUND('',#2012,.T.);
#1299=FACE_OUTER_BOUND('',#2013,.T.);
#1300=FACE_OUTER_BOUND('',#2014,.T.);
#1301=FACE_OUTER_BOUND('',#2015,.T.);
#1302=FACE_OUTER_BOUND('',#2016,.T.);
#1303=FACE_OUTER_BOUND('',#2017,.T.);
#1304=FACE_OUTER_BOUND('',#2018,.T.);
#1305=FACE_OUTER_BOUND('',#2019,.T.);
#1306=FACE_OUTER_BOUND('',#2020,.T.);
#1307=FACE_OUTER_BOUND('',#2021,.T.);
#1308=FACE_OUTER_BOUND('',#2022,.T.);
#1309=FACE_OUTER_BOUND('',#2023,.T.);
#1310=FACE_OUTER_BOUND('',#2024,.T.);
#1311=FACE_OUTER_BOUND('',#2025,.T.);
#1312=FACE_OUTER_BOUND('',#2026,.T.);
#1313=FACE_OUTER_BOUND('',#2027,.T.);
#1314=FACE_OUTER_BOUND('',#2028,.T.);
#1315=FACE_OUTER_BOUND('',#2041,.T.);
#1316=FACE_OUTER_BOUND('',#2054,.T.);
#1317=FACE_OUTER_BOUND('',#2055,.T.);
#1318=FACE_OUTER_BOUND('',#2056,.T.);
#1319=FACE_OUTER_BOUND('',#2057,.T.);
#1320=FACE_OUTER_BOUND('',#2058,.T.);
#1321=FACE_OUTER_BOUND('',#2059,.T.);
#1322=FACE_OUTER_BOUND('',#2060,.T.);
#1323=FACE_OUTER_BOUND('',#2061,.T.);
#1324=FACE_OUTER_BOUND('',#2062,.T.);
#1325=FACE_OUTER_BOUND('',#2063,.T.);
#1326=FACE_OUTER_BOUND('',#2064,.T.);
#1327=FACE_OUTER_BOUND('',#2065,.T.);
#1328=FACE_OUTER_BOUND('',#2066,.T.);
#1329=FACE_OUTER_BOUND('',#2067,.T.);
#1330=FACE_OUTER_BOUND('',#2068,.T.);
#1331=FACE_OUTER_BOUND('',#2069,.T.);
#1332=FACE_OUTER_BOUND('',#2070,.T.);
#1333=FACE_OUTER_BOUND('',#2071,.T.);
#1334=FACE_OUTER_BOUND('',#2072,.T.);
#1335=FACE_OUTER_BOUND('',#2073,.T.);
#1336=FACE_OUTER_BOUND('',#2074,.T.);
#1337=FACE_OUTER_BOUND('',#2075,.T.);
#1338=FACE_OUTER_BOUND('',#2076,.T.);
#1339=FACE_OUTER_BOUND('',#2077,.T.);
#1340=FACE_OUTER_BOUND('',#2079,.T.);
#1341=FACE_OUTER_BOUND('',#2081,.T.);
#1342=FACE_OUTER_BOUND('',#2082,.T.);
#1343=FACE_OUTER_BOUND('',#2083,.T.);
#1344=FACE_OUTER_BOUND('',#2084,.T.);
#1345=FACE_OUTER_BOUND('',#2085,.T.);
#1346=FACE_OUTER_BOUND('',#2086,.T.);
#1347=FACE_OUTER_BOUND('',#2087,.T.);
#1348=FACE_OUTER_BOUND('',#2088,.T.);
#1349=FACE_OUTER_BOUND('',#2089,.T.);
#1350=FACE_OUTER_BOUND('',#2090,.T.);
#1351=FACE_OUTER_BOUND('',#2091,.T.);
#1352=FACE_OUTER_BOUND('',#2092,.T.);
#1353=FACE_OUTER_BOUND('',#2093,.T.);
#1354=FACE_OUTER_BOUND('',#2094,.T.);
#1355=FACE_OUTER_BOUND('',#2095,.T.);
#1356=FACE_OUTER_BOUND('',#2097,.T.);
#1357=FACE_OUTER_BOUND('',#2099,.T.);
#1358=FACE_OUTER_BOUND('',#2100,.T.);
#1359=FACE_OUTER_BOUND('',#2101,.T.);
#1360=FACE_OUTER_BOUND('',#2102,.T.);
#1361=FACE_OUTER_BOUND('',#2103,.T.);
#1362=FACE_OUTER_BOUND('',#2104,.T.);
#1363=FACE_OUTER_BOUND('',#2105,.T.);
#1364=FACE_OUTER_BOUND('',#2106,.T.);
#1365=FACE_OUTER_BOUND('',#2107,.T.);
#1366=FACE_OUTER_BOUND('',#2108,.T.);
#1367=FACE_OUTER_BOUND('',#2109,.T.);
#1368=FACE_OUTER_BOUND('',#2110,.T.);
#1369=FACE_OUTER_BOUND('',#2111,.T.);
#1370=FACE_OUTER_BOUND('',#2112,.T.);
#1371=FACE_OUTER_BOUND('',#2113,.T.);
#1372=FACE_OUTER_BOUND('',#2115,.T.);
#1373=FACE_OUTER_BOUND('',#2117,.T.);
#1374=FACE_OUTER_BOUND('',#2118,.T.);
#1375=FACE_OUTER_BOUND('',#2119,.T.);
#1376=FACE_OUTER_BOUND('',#2120,.T.);
#1377=FACE_OUTER_BOUND('',#2121,.T.);
#1378=FACE_OUTER_BOUND('',#2122,.T.);
#1379=FACE_OUTER_BOUND('',#2123,.T.);
#1380=FACE_OUTER_BOUND('',#2124,.T.);
#1381=FACE_OUTER_BOUND('',#2125,.T.);
#1382=FACE_OUTER_BOUND('',#2126,.T.);
#1383=FACE_OUTER_BOUND('',#2127,.T.);
#1384=FACE_OUTER_BOUND('',#2128,.T.);
#1385=FACE_OUTER_BOUND('',#2129,.T.);
#1386=FACE_OUTER_BOUND('',#2130,.T.);
#1387=FACE_OUTER_BOUND('',#2131,.T.);
#1388=FACE_OUTER_BOUND('',#2133,.T.);
#1389=FACE_OUTER_BOUND('',#2135,.T.);
#1390=FACE_OUTER_BOUND('',#2136,.T.);
#1391=FACE_OUTER_BOUND('',#2137,.T.);
#1392=FACE_OUTER_BOUND('',#2138,.T.);
#1393=FACE_OUTER_BOUND('',#2139,.T.);
#1394=FACE_OUTER_BOUND('',#2140,.T.);
#1395=FACE_OUTER_BOUND('',#2141,.T.);
#1396=FACE_OUTER_BOUND('',#2142,.T.);
#1397=FACE_OUTER_BOUND('',#2143,.T.);
#1398=FACE_OUTER_BOUND('',#2144,.T.);
#1399=FACE_OUTER_BOUND('',#2145,.T.);
#1400=FACE_OUTER_BOUND('',#2152,.T.);
#1401=FACE_OUTER_BOUND('',#2159,.T.);
#1402=FACE_OUTER_BOUND('',#2160,.T.);
#1403=FACE_OUTER_BOUND('',#2161,.T.);
#1404=FACE_OUTER_BOUND('',#2162,.T.);
#1405=FACE_OUTER_BOUND('',#2163,.T.);
#1406=FACE_OUTER_BOUND('',#2164,.T.);
#1407=FACE_OUTER_BOUND('',#2165,.T.);
#1408=FACE_OUTER_BOUND('',#2166,.T.);
#1409=FACE_OUTER_BOUND('',#2167,.T.);
#1410=FACE_OUTER_BOUND('',#2168,.T.);
#1411=FACE_OUTER_BOUND('',#2169,.T.);
#1412=FACE_OUTER_BOUND('',#2170,.T.);
#1413=FACE_OUTER_BOUND('',#2171,.T.);
#1414=FACE_OUTER_BOUND('',#2172,.T.);
#1415=FACE_OUTER_BOUND('',#2173,.T.);
#1416=FACE_OUTER_BOUND('',#2174,.T.);
#1417=FACE_OUTER_BOUND('',#2175,.T.);
#1418=FACE_OUTER_BOUND('',#2176,.T.);
#1419=FACE_OUTER_BOUND('',#2177,.T.);
#1420=FACE_OUTER_BOUND('',#2178,.T.);
#1421=FACE_OUTER_BOUND('',#2179,.T.);
#1422=FACE_OUTER_BOUND('',#2180,.T.);
#1423=FACE_OUTER_BOUND('',#2181,.T.);
#1424=FACE_OUTER_BOUND('',#2182,.T.);
#1425=FACE_OUTER_BOUND('',#2183,.T.);
#1426=FACE_OUTER_BOUND('',#2184,.T.);
#1427=FACE_OUTER_BOUND('',#2185,.T.);
#1428=FACE_OUTER_BOUND('',#2186,.T.);
#1429=FACE_OUTER_BOUND('',#2187,.T.);
#1430=FACE_OUTER_BOUND('',#2188,.T.);
#1431=FACE_OUTER_BOUND('',#2189,.T.);
#1432=FACE_OUTER_BOUND('',#2190,.T.);
#1433=FACE_OUTER_BOUND('',#2191,.T.);
#1434=FACE_OUTER_BOUND('',#2193,.T.);
#1435=FACE_OUTER_BOUND('',#2195,.T.);
#1436=FACE_OUTER_BOUND('',#2196,.T.);
#1437=FACE_OUTER_BOUND('',#2197,.T.);
#1438=FACE_OUTER_BOUND('',#2199,.T.);
#1439=EDGE_LOOP('',(#5449,#5450,#5451,#5452));
#1440=EDGE_LOOP('',(#5453,#5454,#5455,#5456));
#1441=EDGE_LOOP('',(#5457,#5458,#5459,#5460));
#1442=EDGE_LOOP('',(#5461,#5462,#5463,#5464));
#1443=EDGE_LOOP('',(#5465,#5466,#5467,#5468));
#1444=EDGE_LOOP('',(#5469,#5470,#5471,#5472));
#1445=EDGE_LOOP('',(#5473,#5474,#5475,#5476));
#1446=EDGE_LOOP('',(#5477,#5478,#5479,#5480));
#1447=EDGE_LOOP('',(#5481,#5482,#5483,#5484));
#1448=EDGE_LOOP('',(#5485,#5486,#5487,#5488));
#1449=EDGE_LOOP('',(#5489,#5490,#5491,#5492));
#1450=EDGE_LOOP('',(#5493,#5494,#5495,#5496));
#1451=EDGE_LOOP('',(#5497,#5498,#5499,#5500));
#1452=EDGE_LOOP('',(#5501,#5502,#5503,#5504));
#1453=EDGE_LOOP('',(#5505,#5506,#5507,#5508));
#1454=EDGE_LOOP('',(#5509,#5510,#5511,#5512));
#1455=EDGE_LOOP('',(#5513,#5514,#5515,#5516));
#1456=EDGE_LOOP('',(#5517,#5518,#5519,#5520));
#1457=EDGE_LOOP('',(#5521,#5522,#5523,#5524));
#1458=EDGE_LOOP('',(#5525,#5526,#5527,#5528));
#1459=EDGE_LOOP('',(#5529,#5530,#5531,#5532));
#1460=EDGE_LOOP('',(#5533,#5534,#5535,#5536));
#1461=EDGE_LOOP('',(#5537,#5538,#5539,#5540));
#1462=EDGE_LOOP('',(#5541,#5542,#5543,#5544));
#1463=EDGE_LOOP('',(#5545,#5546,#5547,#5548));
#1464=EDGE_LOOP('',(#5549,#5550,#5551,#5552));
#1465=EDGE_LOOP('',(#5553,#5554,#5555,#5556));
#1466=EDGE_LOOP('',(#5557,#5558,#5559,#5560));
#1467=EDGE_LOOP('',(#5561,#5562,#5563,#5564));
#1468=EDGE_LOOP('',(#5565,#5566,#5567,#5568));
#1469=EDGE_LOOP('',(#5569,#5570,#5571,#5572));
#1470=EDGE_LOOP('',(#5573,#5574,#5575,#5576));
#1471=EDGE_LOOP('',(#5577,#5578,#5579,#5580));
#1472=EDGE_LOOP('',(#5581,#5582,#5583,#5584));
#1473=EDGE_LOOP('',(#5585,#5586,#5587,#5588));
#1474=EDGE_LOOP('',(#5589,#5590,#5591,#5592));
#1475=EDGE_LOOP('',(#5593,#5594,#5595,#5596));
#1476=EDGE_LOOP('',(#5597,#5598,#5599,#5600));
#1477=EDGE_LOOP('',(#5601,#5602,#5603,#5604));
#1478=EDGE_LOOP('',(#5605,#5606,#5607,#5608));
#1479=EDGE_LOOP('',(#5609,#5610,#5611,#5612));
#1480=EDGE_LOOP('',(#5613));
#1481=EDGE_LOOP('',(#5614));
#1482=EDGE_LOOP('',(#5615));
#1483=EDGE_LOOP('',(#5616));
#1484=EDGE_LOOP('',(#5617));
#1485=EDGE_LOOP('',(#5618));
#1486=EDGE_LOOP('',(#5619));
#1487=EDGE_LOOP('',(#5620));
#1488=EDGE_LOOP('',(#5621));
#1489=EDGE_LOOP('',(#5622));
#1490=EDGE_LOOP('',(#5623));
#1491=EDGE_LOOP('',(#5624));
#1492=EDGE_LOOP('',(#5625,#5626,#5627,#5628));
#1493=EDGE_LOOP('',(#5629));
#1494=EDGE_LOOP('',(#5630));
#1495=EDGE_LOOP('',(#5631));
#1496=EDGE_LOOP('',(#5632));
#1497=EDGE_LOOP('',(#5633));
#1498=EDGE_LOOP('',(#5634));
#1499=EDGE_LOOP('',(#5635));
#1500=EDGE_LOOP('',(#5636));
#1501=EDGE_LOOP('',(#5637));
#1502=EDGE_LOOP('',(#5638));
#1503=EDGE_LOOP('',(#5639));
#1504=EDGE_LOOP('',(#5640));
#1505=EDGE_LOOP('',(#5641,#5642,#5643,#5644));
#1506=EDGE_LOOP('',(#5645,#5646,#5647,#5648));
#1507=EDGE_LOOP('',(#5649,#5650,#5651,#5652));
#1508=EDGE_LOOP('',(#5653,#5654,#5655,#5656));
#1509=EDGE_LOOP('',(#5657,#5658,#5659,#5660));
#1510=EDGE_LOOP('',(#5661,#5662,#5663,#5664));
#1511=EDGE_LOOP('',(#5665,#5666,#5667,#5668));
#1512=EDGE_LOOP('',(#5669,#5670,#5671,#5672));
#1513=EDGE_LOOP('',(#5673,#5674,#5675,#5676));
#1514=EDGE_LOOP('',(#5677,#5678,#5679,#5680));
#1515=EDGE_LOOP('',(#5681,#5682,#5683,#5684));
#1516=EDGE_LOOP('',(#5685,#5686,#5687,#5688));
#1517=EDGE_LOOP('',(#5689,#5690,#5691,#5692));
#1518=EDGE_LOOP('',(#5693));
#1519=EDGE_LOOP('',(#5694));
#1520=EDGE_LOOP('',(#5695,#5696,#5697,#5698));
#1521=EDGE_LOOP('',(#5699,#5700,#5701,#5702));
#1522=EDGE_LOOP('',(#5703,#5704,#5705,#5706));
#1523=EDGE_LOOP('',(#5707,#5708,#5709,#5710));
#1524=EDGE_LOOP('',(#5711,#5712,#5713,#5714));
#1525=EDGE_LOOP('',(#5715,#5716,#5717,#5718));
#1526=EDGE_LOOP('',(#5719,#5720,#5721,#5722));
#1527=EDGE_LOOP('',(#5723));
#1528=EDGE_LOOP('',(#5724));
#1529=EDGE_LOOP('',(#5725,#5726,#5727,#5728));
#1530=EDGE_LOOP('',(#5729,#5730,#5731,#5732));
#1531=EDGE_LOOP('',(#5733,#5734,#5735,#5736));
#1532=EDGE_LOOP('',(#5737,#5738,#5739,#5740));
#1533=EDGE_LOOP('',(#5741,#5742,#5743,#5744));
#1534=EDGE_LOOP('',(#5745,#5746,#5747,#5748));
#1535=EDGE_LOOP('',(#5749,#5750,#5751,#5752));
#1536=EDGE_LOOP('',(#5753,#5754,#5755,#5756));
#1537=EDGE_LOOP('',(#5757));
#1538=EDGE_LOOP('',(#5758));
#1539=EDGE_LOOP('',(#5759));
#1540=EDGE_LOOP('',(#5760));
#1541=EDGE_LOOP('',(#5761,#5762,#5763,#5764));
#1542=EDGE_LOOP('',(#5765,#5766,#5767,#5768));
#1543=EDGE_LOOP('',(#5769));
#1544=EDGE_LOOP('',(#5770));
#1545=EDGE_LOOP('',(#5771));
#1546=EDGE_LOOP('',(#5772));
#1547=EDGE_LOOP('',(#5773,#5774,#5775,#5776));
#1548=EDGE_LOOP('',(#5777,#5778,#5779,#5780));
#1549=EDGE_LOOP('',(#5781));
#1550=EDGE_LOOP('',(#5782));
#1551=EDGE_LOOP('',(#5783));
#1552=EDGE_LOOP('',(#5784));
#1553=EDGE_LOOP('',(#5785,#5786,#5787,#5788));
#1554=EDGE_LOOP('',(#5789,#5790,#5791,#5792));
#1555=EDGE_LOOP('',(#5793));
#1556=EDGE_LOOP('',(#5794));
#1557=EDGE_LOOP('',(#5795));
#1558=EDGE_LOOP('',(#5796));
#1559=EDGE_LOOP('',(#5797,#5798,#5799,#5800));
#1560=EDGE_LOOP('',(#5801,#5802,#5803,#5804));
#1561=EDGE_LOOP('',(#5805));
#1562=EDGE_LOOP('',(#5806));
#1563=EDGE_LOOP('',(#5807));
#1564=EDGE_LOOP('',(#5808));
#1565=EDGE_LOOP('',(#5809,#5810,#5811,#5812));
#1566=EDGE_LOOP('',(#5813,#5814,#5815,#5816));
#1567=EDGE_LOOP('',(#5817));
#1568=EDGE_LOOP('',(#5818));
#1569=EDGE_LOOP('',(#5819));
#1570=EDGE_LOOP('',(#5820));
#1571=EDGE_LOOP('',(#5821,#5822,#5823,#5824));
#1572=EDGE_LOOP('',(#5825,#5826,#5827,#5828));
#1573=EDGE_LOOP('',(#5829));
#1574=EDGE_LOOP('',(#5830));
#1575=EDGE_LOOP('',(#5831));
#1576=EDGE_LOOP('',(#5832));
#1577=EDGE_LOOP('',(#5833,#5834,#5835,#5836));
#1578=EDGE_LOOP('',(#5837,#5838,#5839,#5840));
#1579=EDGE_LOOP('',(#5841));
#1580=EDGE_LOOP('',(#5842));
#1581=EDGE_LOOP('',(#5843));
#1582=EDGE_LOOP('',(#5844));
#1583=EDGE_LOOP('',(#5845,#5846,#5847,#5848));
#1584=EDGE_LOOP('',(#5849,#5850,#5851,#5852));
#1585=EDGE_LOOP('',(#5853,#5854,#5855,#5856));
#1586=EDGE_LOOP('',(#5857,#5858,#5859,#5860));
#1587=EDGE_LOOP('',(#5861,#5862,#5863,#5864));
#1588=EDGE_LOOP('',(#5865,#5866,#5867,#5868));
#1589=EDGE_LOOP('',(#5869,#5870,#5871,#5872));
#1590=EDGE_LOOP('',(#5873,#5874,#5875,#5876));
#1591=EDGE_LOOP('',(#5877,#5878,#5879,#5880));
#1592=EDGE_LOOP('',(#5881,#5882,#5883,#5884));
#1593=EDGE_LOOP('',(#5885,#5886,#5887,#5888));
#1594=EDGE_LOOP('',(#5889,#5890,#5891,#5892));
#1595=EDGE_LOOP('',(#5893,#5894,#5895,#5896));
#1596=EDGE_LOOP('',(#5897,#5898,#5899,#5900));
#1597=EDGE_LOOP('',(#5901,#5902,#5903,#5904));
#1598=EDGE_LOOP('',(#5905));
#1599=EDGE_LOOP('',(#5906));
#1600=EDGE_LOOP('',(#5907));
#1601=EDGE_LOOP('',(#5908));
#1602=EDGE_LOOP('',(#5909));
#1603=EDGE_LOOP('',(#5910));
#1604=EDGE_LOOP('',(#5911));
#1605=EDGE_LOOP('',(#5912));
#1606=EDGE_LOOP('',(#5913));
#1607=EDGE_LOOP('',(#5914));
#1608=EDGE_LOOP('',(#5915,#5916,#5917,#5918));
#1609=EDGE_LOOP('',(#5919));
#1610=EDGE_LOOP('',(#5920));
#1611=EDGE_LOOP('',(#5921));
#1612=EDGE_LOOP('',(#5922));
#1613=EDGE_LOOP('',(#5923));
#1614=EDGE_LOOP('',(#5924));
#1615=EDGE_LOOP('',(#5925));
#1616=EDGE_LOOP('',(#5926));
#1617=EDGE_LOOP('',(#5927));
#1618=EDGE_LOOP('',(#5928));
#1619=EDGE_LOOP('',(#5929,#5930,#5931,#5932));
#1620=EDGE_LOOP('',(#5933,#5934,#5935,#5936));
#1621=EDGE_LOOP('',(#5937,#5938,#5939,#5940));
#1622=EDGE_LOOP('',(#5941,#5942,#5943,#5944));
#1623=EDGE_LOOP('',(#5945,#5946,#5947,#5948));
#1624=EDGE_LOOP('',(#5949,#5950,#5951,#5952));
#1625=EDGE_LOOP('',(#5953,#5954,#5955,#5956));
#1626=EDGE_LOOP('',(#5957,#5958,#5959,#5960));
#1627=EDGE_LOOP('',(#5961,#5962,#5963,#5964));
#1628=EDGE_LOOP('',(#5965,#5966,#5967,#5968));
#1629=EDGE_LOOP('',(#5969,#5970,#5971,#5972));
#1630=EDGE_LOOP('',(#5973,#5974,#5975,#5976));
#1631=EDGE_LOOP('',(#5977,#5978,#5979,#5980));
#1632=EDGE_LOOP('',(#5981));
#1633=EDGE_LOOP('',(#5982));
#1634=EDGE_LOOP('',(#5983,#5984,#5985,#5986));
#1635=EDGE_LOOP('',(#5987,#5988,#5989,#5990));
#1636=EDGE_LOOP('',(#5991,#5992,#5993,#5994));
#1637=EDGE_LOOP('',(#5995,#5996,#5997,#5998));
#1638=EDGE_LOOP('',(#5999,#6000,#6001,#6002));
#1639=EDGE_LOOP('',(#6003,#6004,#6005,#6006));
#1640=EDGE_LOOP('',(#6007,#6008,#6009,#6010));
#1641=EDGE_LOOP('',(#6011));
#1642=EDGE_LOOP('',(#6012));
#1643=EDGE_LOOP('',(#6013,#6014,#6015,#6016));
#1644=EDGE_LOOP('',(#6017,#6018,#6019,#6020));
#1645=EDGE_LOOP('',(#6021,#6022,#6023,#6024));
#1646=EDGE_LOOP('',(#6025,#6026,#6027,#6028));
#1647=EDGE_LOOP('',(#6029,#6030,#6031,#6032));
#1648=EDGE_LOOP('',(#6033,#6034,#6035,#6036));
#1649=EDGE_LOOP('',(#6037,#6038,#6039,#6040));
#1650=EDGE_LOOP('',(#6041));
#1651=EDGE_LOOP('',(#6042));
#1652=EDGE_LOOP('',(#6043,#6044,#6045,#6046));
#1653=EDGE_LOOP('',(#6047,#6048,#6049,#6050));
#1654=EDGE_LOOP('',(#6051,#6052,#6053,#6054));
#1655=EDGE_LOOP('',(#6055,#6056,#6057,#6058));
#1656=EDGE_LOOP('',(#6059,#6060,#6061,#6062));
#1657=EDGE_LOOP('',(#6063,#6064,#6065,#6066));
#1658=EDGE_LOOP('',(#6067,#6068,#6069,#6070));
#1659=EDGE_LOOP('',(#6071,#6072,#6073,#6074));
#1660=EDGE_LOOP('',(#6075));
#1661=EDGE_LOOP('',(#6076));
#1662=EDGE_LOOP('',(#6077));
#1663=EDGE_LOOP('',(#6078));
#1664=EDGE_LOOP('',(#6079,#6080,#6081,#6082));
#1665=EDGE_LOOP('',(#6083,#6084,#6085,#6086));
#1666=EDGE_LOOP('',(#6087));
#1667=EDGE_LOOP('',(#6088));
#1668=EDGE_LOOP('',(#6089));
#1669=EDGE_LOOP('',(#6090));
#1670=EDGE_LOOP('',(#6091,#6092,#6093,#6094));
#1671=EDGE_LOOP('',(#6095,#6096,#6097,#6098));
#1672=EDGE_LOOP('',(#6099));
#1673=EDGE_LOOP('',(#6100));
#1674=EDGE_LOOP('',(#6101));
#1675=EDGE_LOOP('',(#6102));
#1676=EDGE_LOOP('',(#6103,#6104,#6105,#6106));
#1677=EDGE_LOOP('',(#6107,#6108,#6109,#6110));
#1678=EDGE_LOOP('',(#6111));
#1679=EDGE_LOOP('',(#6112));
#1680=EDGE_LOOP('',(#6113));
#1681=EDGE_LOOP('',(#6114));
#1682=EDGE_LOOP('',(#6115,#6116,#6117,#6118));
#1683=EDGE_LOOP('',(#6119,#6120,#6121,#6122));
#1684=EDGE_LOOP('',(#6123));
#1685=EDGE_LOOP('',(#6124));
#1686=EDGE_LOOP('',(#6125));
#1687=EDGE_LOOP('',(#6126));
#1688=EDGE_LOOP('',(#6127,#6128,#6129,#6130));
#1689=EDGE_LOOP('',(#6131,#6132,#6133,#6134));
#1690=EDGE_LOOP('',(#6135));
#1691=EDGE_LOOP('',(#6136));
#1692=EDGE_LOOP('',(#6137));
#1693=EDGE_LOOP('',(#6138));
#1694=EDGE_LOOP('',(#6139,#6140,#6141,#6142));
#1695=EDGE_LOOP('',(#6143,#6144,#6145,#6146));
#1696=EDGE_LOOP('',(#6147,#6148,#6149,#6150));
#1697=EDGE_LOOP('',(#6151,#6152,#6153,#6154));
#1698=EDGE_LOOP('',(#6155,#6156,#6157,#6158));
#1699=EDGE_LOOP('',(#6159,#6160,#6161,#6162));
#1700=EDGE_LOOP('',(#6163,#6164,#6165,#6166));
#1701=EDGE_LOOP('',(#6167,#6168,#6169,#6170));
#1702=EDGE_LOOP('',(#6171,#6172,#6173,#6174));
#1703=EDGE_LOOP('',(#6175,#6176,#6177,#6178));
#1704=EDGE_LOOP('',(#6179,#6180,#6181,#6182));
#1705=EDGE_LOOP('',(#6183,#6184,#6185,#6186));
#1706=EDGE_LOOP('',(#6187,#6188,#6189,#6190));
#1707=EDGE_LOOP('',(#6191));
#1708=EDGE_LOOP('',(#6192));
#1709=EDGE_LOOP('',(#6193));
#1710=EDGE_LOOP('',(#6194));
#1711=EDGE_LOOP('',(#6195));
#1712=EDGE_LOOP('',(#6196));
#1713=EDGE_LOOP('',(#6197));
#1714=EDGE_LOOP('',(#6198));
#1715=EDGE_LOOP('',(#6199,#6200,#6201,#6202));
#1716=EDGE_LOOP('',(#6203));
#1717=EDGE_LOOP('',(#6204));
#1718=EDGE_LOOP('',(#6205));
#1719=EDGE_LOOP('',(#6206));
#1720=EDGE_LOOP('',(#6207));
#1721=EDGE_LOOP('',(#6208));
#1722=EDGE_LOOP('',(#6209));
#1723=EDGE_LOOP('',(#6210));
#1724=EDGE_LOOP('',(#6211,#6212,#6213,#6214));
#1725=EDGE_LOOP('',(#6215));
#1726=EDGE_LOOP('',(#6216));
#1727=EDGE_LOOP('',(#6217,#6218,#6219,#6220));
#1728=EDGE_LOOP('',(#6221,#6222,#6223,#6224));
#1729=EDGE_LOOP('',(#6225,#6226,#6227,#6228));
#1730=EDGE_LOOP('',(#6229,#6230,#6231,#6232));
#1731=EDGE_LOOP('',(#6233,#6234,#6235,#6236));
#1732=EDGE_LOOP('',(#6237,#6238,#6239,#6240));
#1733=EDGE_LOOP('',(#6241,#6242,#6243,#6244));
#1734=EDGE_LOOP('',(#6245));
#1735=EDGE_LOOP('',(#6246));
#1736=EDGE_LOOP('',(#6247,#6248,#6249,#6250));
#1737=EDGE_LOOP('',(#6251,#6252,#6253,#6254));
#1738=EDGE_LOOP('',(#6255,#6256,#6257,#6258));
#1739=EDGE_LOOP('',(#6259,#6260,#6261,#6262));
#1740=EDGE_LOOP('',(#6263,#6264,#6265,#6266));
#1741=EDGE_LOOP('',(#6267,#6268,#6269,#6270));
#1742=EDGE_LOOP('',(#6271,#6272,#6273,#6274));
#1743=EDGE_LOOP('',(#6275));
#1744=EDGE_LOOP('',(#6276));
#1745=EDGE_LOOP('',(#6277,#6278,#6279,#6280));
#1746=EDGE_LOOP('',(#6281,#6282,#6283,#6284));
#1747=EDGE_LOOP('',(#6285,#6286,#6287,#6288));
#1748=EDGE_LOOP('',(#6289,#6290,#6291,#6292));
#1749=EDGE_LOOP('',(#6293,#6294,#6295,#6296));
#1750=EDGE_LOOP('',(#6297,#6298,#6299,#6300));
#1751=EDGE_LOOP('',(#6301,#6302,#6303,#6304));
#1752=EDGE_LOOP('',(#6305,#6306,#6307,#6308));
#1753=EDGE_LOOP('',(#6309));
#1754=EDGE_LOOP('',(#6310));
#1755=EDGE_LOOP('',(#6311));
#1756=EDGE_LOOP('',(#6312));
#1757=EDGE_LOOP('',(#6313,#6314,#6315,#6316));
#1758=EDGE_LOOP('',(#6317,#6318,#6319,#6320));
#1759=EDGE_LOOP('',(#6321));
#1760=EDGE_LOOP('',(#6322));
#1761=EDGE_LOOP('',(#6323));
#1762=EDGE_LOOP('',(#6324));
#1763=EDGE_LOOP('',(#6325,#6326,#6327,#6328));
#1764=EDGE_LOOP('',(#6329,#6330,#6331,#6332));
#1765=EDGE_LOOP('',(#6333));
#1766=EDGE_LOOP('',(#6334));
#1767=EDGE_LOOP('',(#6335));
#1768=EDGE_LOOP('',(#6336));
#1769=EDGE_LOOP('',(#6337,#6338,#6339,#6340));
#1770=EDGE_LOOP('',(#6341,#6342,#6343,#6344));
#1771=EDGE_LOOP('',(#6345));
#1772=EDGE_LOOP('',(#6346));
#1773=EDGE_LOOP('',(#6347));
#1774=EDGE_LOOP('',(#6348));
#1775=EDGE_LOOP('',(#6349,#6350,#6351,#6352));
#1776=EDGE_LOOP('',(#6353,#6354,#6355,#6356));
#1777=EDGE_LOOP('',(#6357,#6358,#6359,#6360));
#1778=EDGE_LOOP('',(#6361,#6362,#6363,#6364));
#1779=EDGE_LOOP('',(#6365,#6366,#6367,#6368));
#1780=EDGE_LOOP('',(#6369,#6370,#6371,#6372));
#1781=EDGE_LOOP('',(#6373,#6374,#6375,#6376));
#1782=EDGE_LOOP('',(#6377,#6378,#6379,#6380));
#1783=EDGE_LOOP('',(#6381,#6382,#6383,#6384));
#1784=EDGE_LOOP('',(#6385,#6386,#6387,#6388));
#1785=EDGE_LOOP('',(#6389,#6390,#6391,#6392));
#1786=EDGE_LOOP('',(#6393,#6394,#6395,#6396));
#1787=EDGE_LOOP('',(#6397,#6398,#6399,#6400));
#1788=EDGE_LOOP('',(#6401));
#1789=EDGE_LOOP('',(#6402));
#1790=EDGE_LOOP('',(#6403));
#1791=EDGE_LOOP('',(#6404));
#1792=EDGE_LOOP('',(#6405));
#1793=EDGE_LOOP('',(#6406));
#1794=EDGE_LOOP('',(#6407));
#1795=EDGE_LOOP('',(#6408));
#1796=EDGE_LOOP('',(#6409,#6410,#6411,#6412));
#1797=EDGE_LOOP('',(#6413));
#1798=EDGE_LOOP('',(#6414));
#1799=EDGE_LOOP('',(#6415));
#1800=EDGE_LOOP('',(#6416));
#1801=EDGE_LOOP('',(#6417));
#1802=EDGE_LOOP('',(#6418));
#1803=EDGE_LOOP('',(#6419));
#1804=EDGE_LOOP('',(#6420));
#1805=EDGE_LOOP('',(#6421,#6422,#6423,#6424));
#1806=EDGE_LOOP('',(#6425));
#1807=EDGE_LOOP('',(#6426));
#1808=EDGE_LOOP('',(#6427,#6428,#6429,#6430));
#1809=EDGE_LOOP('',(#6431,#6432,#6433,#6434));
#1810=EDGE_LOOP('',(#6435,#6436,#6437,#6438));
#1811=EDGE_LOOP('',(#6439,#6440,#6441,#6442));
#1812=EDGE_LOOP('',(#6443,#6444,#6445,#6446));
#1813=EDGE_LOOP('',(#6447,#6448,#6449,#6450));
#1814=EDGE_LOOP('',(#6451,#6452,#6453,#6454));
#1815=EDGE_LOOP('',(#6455));
#1816=EDGE_LOOP('',(#6456));
#1817=EDGE_LOOP('',(#6457,#6458,#6459,#6460));
#1818=EDGE_LOOP('',(#6461,#6462,#6463,#6464));
#1819=EDGE_LOOP('',(#6465,#6466,#6467,#6468));
#1820=EDGE_LOOP('',(#6469,#6470,#6471,#6472));
#1821=EDGE_LOOP('',(#6473,#6474,#6475,#6476));
#1822=EDGE_LOOP('',(#6477,#6478,#6479,#6480));
#1823=EDGE_LOOP('',(#6481,#6482,#6483,#6484));
#1824=EDGE_LOOP('',(#6485));
#1825=EDGE_LOOP('',(#6486));
#1826=EDGE_LOOP('',(#6487,#6488,#6489,#6490));
#1827=EDGE_LOOP('',(#6491,#6492,#6493,#6494));
#1828=EDGE_LOOP('',(#6495,#6496,#6497,#6498));
#1829=EDGE_LOOP('',(#6499,#6500,#6501,#6502));
#1830=EDGE_LOOP('',(#6503,#6504,#6505,#6506));
#1831=EDGE_LOOP('',(#6507,#6508,#6509,#6510));
#1832=EDGE_LOOP('',(#6511,#6512,#6513,#6514));
#1833=EDGE_LOOP('',(#6515));
#1834=EDGE_LOOP('',(#6516));
#1835=EDGE_LOOP('',(#6517,#6518,#6519,#6520));
#1836=EDGE_LOOP('',(#6521,#6522,#6523,#6524));
#1837=EDGE_LOOP('',(#6525,#6526,#6527,#6528));
#1838=EDGE_LOOP('',(#6529,#6530,#6531,#6532));
#1839=EDGE_LOOP('',(#6533,#6534,#6535,#6536));
#1840=EDGE_LOOP('',(#6537,#6538,#6539,#6540));
#1841=EDGE_LOOP('',(#6541,#6542,#6543,#6544));
#1842=EDGE_LOOP('',(#6545,#6546,#6547,#6548));
#1843=EDGE_LOOP('',(#6549));
#1844=EDGE_LOOP('',(#6550));
#1845=EDGE_LOOP('',(#6551));
#1846=EDGE_LOOP('',(#6552));
#1847=EDGE_LOOP('',(#6553,#6554,#6555,#6556));
#1848=EDGE_LOOP('',(#6557,#6558,#6559,#6560));
#1849=EDGE_LOOP('',(#6561));
#1850=EDGE_LOOP('',(#6562));
#1851=EDGE_LOOP('',(#6563));
#1852=EDGE_LOOP('',(#6564));
#1853=EDGE_LOOP('',(#6565,#6566,#6567,#6568));
#1854=EDGE_LOOP('',(#6569,#6570,#6571,#6572));
#1855=EDGE_LOOP('',(#6573));
#1856=EDGE_LOOP('',(#6574));
#1857=EDGE_LOOP('',(#6575));
#1858=EDGE_LOOP('',(#6576));
#1859=EDGE_LOOP('',(#6577,#6578,#6579,#6580));
#1860=EDGE_LOOP('',(#6581,#6582,#6583,#6584));
#1861=EDGE_LOOP('',(#6585));
#1862=EDGE_LOOP('',(#6586));
#1863=EDGE_LOOP('',(#6587));
#1864=EDGE_LOOP('',(#6588));
#1865=EDGE_LOOP('',(#6589,#6590,#6591,#6592));
#1866=EDGE_LOOP('',(#6593,#6594,#6595,#6596));
#1867=EDGE_LOOP('',(#6597,#6598,#6599,#6600));
#1868=EDGE_LOOP('',(#6601,#6602,#6603,#6604));
#1869=EDGE_LOOP('',(#6605,#6606,#6607,#6608));
#1870=EDGE_LOOP('',(#6609,#6610,#6611,#6612));
#1871=EDGE_LOOP('',(#6613,#6614,#6615,#6616));
#1872=EDGE_LOOP('',(#6617,#6618,#6619,#6620));
#1873=EDGE_LOOP('',(#6621,#6622,#6623,#6624));
#1874=EDGE_LOOP('',(#6625,#6626,#6627,#6628));
#1875=EDGE_LOOP('',(#6629,#6630,#6631,#6632));
#1876=EDGE_LOOP('',(#6633,#6634,#6635,#6636));
#1877=EDGE_LOOP('',(#6637));
#1878=EDGE_LOOP('',(#6638));
#1879=EDGE_LOOP('',(#6639));
#1880=EDGE_LOOP('',(#6640));
#1881=EDGE_LOOP('',(#6641));
#1882=EDGE_LOOP('',(#6642));
#1883=EDGE_LOOP('',(#6643));
#1884=EDGE_LOOP('',(#6644,#6645,#6646,#6647));
#1885=EDGE_LOOP('',(#6648));
#1886=EDGE_LOOP('',(#6649));
#1887=EDGE_LOOP('',(#6650));
#1888=EDGE_LOOP('',(#6651));
#1889=EDGE_LOOP('',(#6652));
#1890=EDGE_LOOP('',(#6653));
#1891=EDGE_LOOP('',(#6654));
#1892=EDGE_LOOP('',(#6655,#6656,#6657,#6658));
#1893=EDGE_LOOP('',(#6659));
#1894=EDGE_LOOP('',(#6660));
#1895=EDGE_LOOP('',(#6661,#6662,#6663,#6664));
#1896=EDGE_LOOP('',(#6665,#6666,#6667,#6668));
#1897=EDGE_LOOP('',(#6669,#6670,#6671,#6672));
#1898=EDGE_LOOP('',(#6673,#6674,#6675,#6676));
#1899=EDGE_LOOP('',(#6677,#6678,#6679,#6680));
#1900=EDGE_LOOP('',(#6681,#6682,#6683,#6684));
#1901=EDGE_LOOP('',(#6685,#6686,#6687,#6688));
#1902=EDGE_LOOP('',(#6689));
#1903=EDGE_LOOP('',(#6690));
#1904=EDGE_LOOP('',(#6691,#6692,#6693,#6694));
#1905=EDGE_LOOP('',(#6695,#6696,#6697,#6698));
#1906=EDGE_LOOP('',(#6699,#6700,#6701,#6702));
#1907=EDGE_LOOP('',(#6703,#6704,#6705,#6706));
#1908=EDGE_LOOP('',(#6707,#6708,#6709,#6710));
#1909=EDGE_LOOP('',(#6711,#6712,#6713,#6714));
#1910=EDGE_LOOP('',(#6715,#6716,#6717,#6718));
#1911=EDGE_LOOP('',(#6719,#6720,#6721,#6722));
#1912=EDGE_LOOP('',(#6723));
#1913=EDGE_LOOP('',(#6724));
#1914=EDGE_LOOP('',(#6725));
#1915=EDGE_LOOP('',(#6726));
#1916=EDGE_LOOP('',(#6727,#6728,#6729,#6730));
#1917=EDGE_LOOP('',(#6731,#6732,#6733,#6734));
#1918=EDGE_LOOP('',(#6735));
#1919=EDGE_LOOP('',(#6736));
#1920=EDGE_LOOP('',(#6737));
#1921=EDGE_LOOP('',(#6738));
#1922=EDGE_LOOP('',(#6739,#6740,#6741,#6742));
#1923=EDGE_LOOP('',(#6743,#6744,#6745,#6746));
#1924=EDGE_LOOP('',(#6747));
#1925=EDGE_LOOP('',(#6748));
#1926=EDGE_LOOP('',(#6749));
#1927=EDGE_LOOP('',(#6750));
#1928=EDGE_LOOP('',(#6751,#6752,#6753,#6754));
#1929=EDGE_LOOP('',(#6755,#6756,#6757,#6758));
#1930=EDGE_LOOP('',(#6759,#6760,#6761,#6762));
#1931=EDGE_LOOP('',(#6763,#6764,#6765,#6766));
#1932=EDGE_LOOP('',(#6767,#6768,#6769,#6770));
#1933=EDGE_LOOP('',(#6771,#6772,#6773,#6774));
#1934=EDGE_LOOP('',(#6775,#6776,#6777,#6778));
#1935=EDGE_LOOP('',(#6779,#6780,#6781,#6782));
#1936=EDGE_LOOP('',(#6783,#6784,#6785,#6786));
#1937=EDGE_LOOP('',(#6787,#6788,#6789,#6790));
#1938=EDGE_LOOP('',(#6791,#6792,#6793,#6794));
#1939=EDGE_LOOP('',(#6795,#6796,#6797,#6798));
#1940=EDGE_LOOP('',(#6799,#6800,#6801,#6802));
#1941=EDGE_LOOP('',(#6803));
#1942=EDGE_LOOP('',(#6804));
#1943=EDGE_LOOP('',(#6805));
#1944=EDGE_LOOP('',(#6806));
#1945=EDGE_LOOP('',(#6807));
#1946=EDGE_LOOP('',(#6808));
#1947=EDGE_LOOP('',(#6809));
#1948=EDGE_LOOP('',(#6810));
#1949=EDGE_LOOP('',(#6811,#6812,#6813,#6814));
#1950=EDGE_LOOP('',(#6815));
#1951=EDGE_LOOP('',(#6816));
#1952=EDGE_LOOP('',(#6817));
#1953=EDGE_LOOP('',(#6818));
#1954=EDGE_LOOP('',(#6819));
#1955=EDGE_LOOP('',(#6820));
#1956=EDGE_LOOP('',(#6821));
#1957=EDGE_LOOP('',(#6822));
#1958=EDGE_LOOP('',(#6823,#6824,#6825,#6826));
#1959=EDGE_LOOP('',(#6827));
#1960=EDGE_LOOP('',(#6828));
#1961=EDGE_LOOP('',(#6829,#6830,#6831,#6832));
#1962=EDGE_LOOP('',(#6833,#6834,#6835,#6836));
#1963=EDGE_LOOP('',(#6837,#6838,#6839,#6840));
#1964=EDGE_LOOP('',(#6841,#6842,#6843,#6844));
#1965=EDGE_LOOP('',(#6845,#6846,#6847,#6848));
#1966=EDGE_LOOP('',(#6849,#6850,#6851,#6852));
#1967=EDGE_LOOP('',(#6853,#6854,#6855,#6856));
#1968=EDGE_LOOP('',(#6857));
#1969=EDGE_LOOP('',(#6858));
#1970=EDGE_LOOP('',(#6859,#6860,#6861,#6862));
#1971=EDGE_LOOP('',(#6863,#6864,#6865,#6866));
#1972=EDGE_LOOP('',(#6867,#6868,#6869,#6870));
#1973=EDGE_LOOP('',(#6871,#6872,#6873,#6874));
#1974=EDGE_LOOP('',(#6875,#6876,#6877,#6878));
#1975=EDGE_LOOP('',(#6879,#6880,#6881,#6882));
#1976=EDGE_LOOP('',(#6883,#6884,#6885,#6886));
#1977=EDGE_LOOP('',(#6887,#6888,#6889,#6890));
#1978=EDGE_LOOP('',(#6891));
#1979=EDGE_LOOP('',(#6892));
#1980=EDGE_LOOP('',(#6893));
#1981=EDGE_LOOP('',(#6894));
#1982=EDGE_LOOP('',(#6895,#6896,#6897,#6898));
#1983=EDGE_LOOP('',(#6899,#6900,#6901,#6902));
#1984=EDGE_LOOP('',(#6903));
#1985=EDGE_LOOP('',(#6904));
#1986=EDGE_LOOP('',(#6905));
#1987=EDGE_LOOP('',(#6906));
#1988=EDGE_LOOP('',(#6907,#6908,#6909,#6910));
#1989=EDGE_LOOP('',(#6911,#6912,#6913,#6914));
#1990=EDGE_LOOP('',(#6915));
#1991=EDGE_LOOP('',(#6916));
#1992=EDGE_LOOP('',(#6917));
#1993=EDGE_LOOP('',(#6918));
#1994=EDGE_LOOP('',(#6919,#6920,#6921,#6922));
#1995=EDGE_LOOP('',(#6923,#6924,#6925,#6926));
#1996=EDGE_LOOP('',(#6927));
#1997=EDGE_LOOP('',(#6928));
#1998=EDGE_LOOP('',(#6929));
#1999=EDGE_LOOP('',(#6930));
#2000=EDGE_LOOP('',(#6931,#6932,#6933,#6934));
#2001=EDGE_LOOP('',(#6935,#6936,#6937,#6938));
#2002=EDGE_LOOP('',(#6939,#6940,#6941,#6942));
#2003=EDGE_LOOP('',(#6943,#6944,#6945,#6946));
#2004=EDGE_LOOP('',(#6947,#6948,#6949,#6950));
#2005=EDGE_LOOP('',(#6951,#6952,#6953,#6954));
#2006=EDGE_LOOP('',(#6955,#6956,#6957,#6958));
#2007=EDGE_LOOP('',(#6959,#6960,#6961,#6962));
#2008=EDGE_LOOP('',(#6963,#6964,#6965,#6966));
#2009=EDGE_LOOP('',(#6967,#6968,#6969,#6970));
#2010=EDGE_LOOP('',(#6971,#6972,#6973,#6974));
#2011=EDGE_LOOP('',(#6975,#6976,#6977,#6978));
#2012=EDGE_LOOP('',(#6979,#6980,#6981,#6982));
#2013=EDGE_LOOP('',(#6983,#6984,#6985,#6986));
#2014=EDGE_LOOP('',(#6987,#6988,#6989,#6990));
#2015=EDGE_LOOP('',(#6991,#6992,#6993,#6994));
#2016=EDGE_LOOP('',(#6995,#6996,#6997,#6998));
#2017=EDGE_LOOP('',(#6999,#7000,#7001,#7002));
#2018=EDGE_LOOP('',(#7003,#7004,#7005,#7006));
#2019=EDGE_LOOP('',(#7007,#7008,#7009,#7010));
#2020=EDGE_LOOP('',(#7011,#7012,#7013,#7014));
#2021=EDGE_LOOP('',(#7015,#7016,#7017,#7018));
#2022=EDGE_LOOP('',(#7019,#7020,#7021,#7022));
#2023=EDGE_LOOP('',(#7023,#7024,#7025,#7026));
#2024=EDGE_LOOP('',(#7027,#7028,#7029,#7030));
#2025=EDGE_LOOP('',(#7031,#7032,#7033,#7034));
#2026=EDGE_LOOP('',(#7035,#7036,#7037,#7038));
#2027=EDGE_LOOP('',(#7039,#7040,#7041,#7042));
#2028=EDGE_LOOP('',(#7043,#7044,#7045,#7046));
#2029=EDGE_LOOP('',(#7047,#7048,#7049,#7050));
#2030=EDGE_LOOP('',(#7051,#7052,#7053,#7054));
#2031=EDGE_LOOP('',(#7055));
#2032=EDGE_LOOP('',(#7056));
#2033=EDGE_LOOP('',(#7057));
#2034=EDGE_LOOP('',(#7058));
#2035=EDGE_LOOP('',(#7059,#7060,#7061,#7062));
#2036=EDGE_LOOP('',(#7063));
#2037=EDGE_LOOP('',(#7064,#7065,#7066,#7067));
#2038=EDGE_LOOP('',(#7068));
#2039=EDGE_LOOP('',(#7069));
#2040=EDGE_LOOP('',(#7070));
#2041=EDGE_LOOP('',(#7071,#7072,#7073,#7074));
#2042=EDGE_LOOP('',(#7075,#7076,#7077,#7078));
#2043=EDGE_LOOP('',(#7079,#7080,#7081,#7082));
#2044=EDGE_LOOP('',(#7083));
#2045=EDGE_LOOP('',(#7084));
#2046=EDGE_LOOP('',(#7085));
#2047=EDGE_LOOP('',(#7086));
#2048=EDGE_LOOP('',(#7087,#7088,#7089,#7090));
#2049=EDGE_LOOP('',(#7091));
#2050=EDGE_LOOP('',(#7092,#7093,#7094,#7095));
#2051=EDGE_LOOP('',(#7096));
#2052=EDGE_LOOP('',(#7097));
#2053=EDGE_LOOP('',(#7098));
#2054=EDGE_LOOP('',(#7099,#7100,#7101,#7102));
#2055=EDGE_LOOP('',(#7103));
#2056=EDGE_LOOP('',(#7104));
#2057=EDGE_LOOP('',(#7105,#7106,#7107,#7108));
#2058=EDGE_LOOP('',(#7109,#7110,#7111,#7112));
#2059=EDGE_LOOP('',(#7113,#7114,#7115,#7116));
#2060=EDGE_LOOP('',(#7117,#7118,#7119,#7120));
#2061=EDGE_LOOP('',(#7121,#7122,#7123,#7124));
#2062=EDGE_LOOP('',(#7125,#7126,#7127,#7128));
#2063=EDGE_LOOP('',(#7129,#7130,#7131,#7132));
#2064=EDGE_LOOP('',(#7133,#7134,#7135,#7136));
#2065=EDGE_LOOP('',(#7137,#7138,#7139,#7140));
#2066=EDGE_LOOP('',(#7141,#7142,#7143,#7144));
#2067=EDGE_LOOP('',(#7145,#7146,#7147,#7148));
#2068=EDGE_LOOP('',(#7149,#7150,#7151,#7152));
#2069=EDGE_LOOP('',(#7153,#7154,#7155,#7156));
#2070=EDGE_LOOP('',(#7157,#7158,#7159,#7160));
#2071=EDGE_LOOP('',(#7161,#7162,#7163,#7164));
#2072=EDGE_LOOP('',(#7165,#7166,#7167,#7168));
#2073=EDGE_LOOP('',(#7169,#7170,#7171,#7172));
#2074=EDGE_LOOP('',(#7173,#7174,#7175,#7176));
#2075=EDGE_LOOP('',(#7177,#7178,#7179,#7180));
#2076=EDGE_LOOP('',(#7181,#7182,#7183,#7184));
#2077=EDGE_LOOP('',(#7185));
#2078=EDGE_LOOP('',(#7186));
#2079=EDGE_LOOP('',(#7187));
#2080=EDGE_LOOP('',(#7188));
#2081=EDGE_LOOP('',(#7189,#7190,#7191,#7192));
#2082=EDGE_LOOP('',(#7193,#7194,#7195,#7196));
#2083=EDGE_LOOP('',(#7197,#7198,#7199,#7200));
#2084=EDGE_LOOP('',(#7201,#7202,#7203,#7204));
#2085=EDGE_LOOP('',(#7205,#7206,#7207,#7208));
#2086=EDGE_LOOP('',(#7209,#7210,#7211,#7212));
#2087=EDGE_LOOP('',(#7213,#7214,#7215,#7216));
#2088=EDGE_LOOP('',(#7217,#7218,#7219,#7220));
#2089=EDGE_LOOP('',(#7221,#7222,#7223,#7224));
#2090=EDGE_LOOP('',(#7225,#7226,#7227,#7228));
#2091=EDGE_LOOP('',(#7229,#7230,#7231,#7232));
#2092=EDGE_LOOP('',(#7233,#7234,#7235,#7236));
#2093=EDGE_LOOP('',(#7237,#7238,#7239,#7240));
#2094=EDGE_LOOP('',(#7241,#7242,#7243,#7244));
#2095=EDGE_LOOP('',(#7245));
#2096=EDGE_LOOP('',(#7246));
#2097=EDGE_LOOP('',(#7247));
#2098=EDGE_LOOP('',(#7248));
#2099=EDGE_LOOP('',(#7249,#7250,#7251,#7252));
#2100=EDGE_LOOP('',(#7253,#7254,#7255,#7256));
#2101=EDGE_LOOP('',(#7257,#7258,#7259,#7260));
#2102=EDGE_LOOP('',(#7261,#7262,#7263,#7264));
#2103=EDGE_LOOP('',(#7265,#7266,#7267,#7268));
#2104=EDGE_LOOP('',(#7269,#7270,#7271,#7272));
#2105=EDGE_LOOP('',(#7273,#7274,#7275,#7276));
#2106=EDGE_LOOP('',(#7277,#7278,#7279,#7280));
#2107=EDGE_LOOP('',(#7281,#7282,#7283,#7284));
#2108=EDGE_LOOP('',(#7285,#7286,#7287,#7288));
#2109=EDGE_LOOP('',(#7289,#7290,#7291,#7292));
#2110=EDGE_LOOP('',(#7293,#7294,#7295,#7296));
#2111=EDGE_LOOP('',(#7297,#7298,#7299,#7300));
#2112=EDGE_LOOP('',(#7301,#7302,#7303,#7304));
#2113=EDGE_LOOP('',(#7305));
#2114=EDGE_LOOP('',(#7306));
#2115=EDGE_LOOP('',(#7307));
#2116=EDGE_LOOP('',(#7308));
#2117=EDGE_LOOP('',(#7309,#7310,#7311,#7312));
#2118=EDGE_LOOP('',(#7313,#7314,#7315,#7316));
#2119=EDGE_LOOP('',(#7317,#7318,#7319,#7320));
#2120=EDGE_LOOP('',(#7321,#7322,#7323,#7324));
#2121=EDGE_LOOP('',(#7325,#7326,#7327,#7328));
#2122=EDGE_LOOP('',(#7329,#7330,#7331,#7332));
#2123=EDGE_LOOP('',(#7333,#7334,#7335,#7336));
#2124=EDGE_LOOP('',(#7337,#7338,#7339,#7340));
#2125=EDGE_LOOP('',(#7341,#7342,#7343,#7344));
#2126=EDGE_LOOP('',(#7345,#7346,#7347,#7348));
#2127=EDGE_LOOP('',(#7349,#7350,#7351,#7352));
#2128=EDGE_LOOP('',(#7353,#7354,#7355,#7356));
#2129=EDGE_LOOP('',(#7357,#7358,#7359,#7360));
#2130=EDGE_LOOP('',(#7361,#7362,#7363,#7364));
#2131=EDGE_LOOP('',(#7365));
#2132=EDGE_LOOP('',(#7366));
#2133=EDGE_LOOP('',(#7367));
#2134=EDGE_LOOP('',(#7368));
#2135=EDGE_LOOP('',(#7369,#7370,#7371,#7372));
#2136=EDGE_LOOP('',(#7373,#7374,#7375,#7376));
#2137=EDGE_LOOP('',(#7377,#7378,#7379,#7380));
#2138=EDGE_LOOP('',(#7381,#7382,#7383,#7384));
#2139=EDGE_LOOP('',(#7385,#7386,#7387,#7388));
#2140=EDGE_LOOP('',(#7389,#7390,#7391,#7392));
#2141=EDGE_LOOP('',(#7393,#7394,#7395,#7396));
#2142=EDGE_LOOP('',(#7397,#7398,#7399,#7400));
#2143=EDGE_LOOP('',(#7401,#7402,#7403,#7404));
#2144=EDGE_LOOP('',(#7405,#7406,#7407,#7408));
#2145=EDGE_LOOP('',(#7409,#7410,#7411,#7412));
#2146=EDGE_LOOP('',(#7413));
#2147=EDGE_LOOP('',(#7414));
#2148=EDGE_LOOP('',(#7415));
#2149=EDGE_LOOP('',(#7416));
#2150=EDGE_LOOP('',(#7417));
#2151=EDGE_LOOP('',(#7418));
#2152=EDGE_LOOP('',(#7419,#7420,#7421,#7422));
#2153=EDGE_LOOP('',(#7423));
#2154=EDGE_LOOP('',(#7424));
#2155=EDGE_LOOP('',(#7425));
#2156=EDGE_LOOP('',(#7426));
#2157=EDGE_LOOP('',(#7427));
#2158=EDGE_LOOP('',(#7428));
#2159=EDGE_LOOP('',(#7429,#7430,#7431,#7432));
#2160=EDGE_LOOP('',(#7433,#7434,#7435,#7436));
#2161=EDGE_LOOP('',(#7437,#7438,#7439,#7440));
#2162=EDGE_LOOP('',(#7441,#7442,#7443,#7444));
#2163=EDGE_LOOP('',(#7445,#7446,#7447,#7448));
#2164=EDGE_LOOP('',(#7449,#7450,#7451,#7452));
#2165=EDGE_LOOP('',(#7453,#7454,#7455,#7456));
#2166=EDGE_LOOP('',(#7457,#7458,#7459,#7460));
#2167=EDGE_LOOP('',(#7461,#7462,#7463,#7464));
#2168=EDGE_LOOP('',(#7465,#7466,#7467,#7468));
#2169=EDGE_LOOP('',(#7469,#7470,#7471,#7472));
#2170=EDGE_LOOP('',(#7473,#7474,#7475,#7476));
#2171=EDGE_LOOP('',(#7477,#7478,#7479,#7480));
#2172=EDGE_LOOP('',(#7481));
#2173=EDGE_LOOP('',(#7482));
#2174=EDGE_LOOP('',(#7483,#7484,#7485,#7486));
#2175=EDGE_LOOP('',(#7487,#7488,#7489,#7490));
#2176=EDGE_LOOP('',(#7491,#7492,#7493,#7494));
#2177=EDGE_LOOP('',(#7495,#7496,#7497,#7498));
#2178=EDGE_LOOP('',(#7499,#7500,#7501,#7502));
#2179=EDGE_LOOP('',(#7503,#7504,#7505,#7506));
#2180=EDGE_LOOP('',(#7507,#7508,#7509,#7510));
#2181=EDGE_LOOP('',(#7511));
#2182=EDGE_LOOP('',(#7512));
#2183=EDGE_LOOP('',(#7513,#7514,#7515,#7516));
#2184=EDGE_LOOP('',(#7517,#7518,#7519,#7520));
#2185=EDGE_LOOP('',(#7521,#7522,#7523,#7524));
#2186=EDGE_LOOP('',(#7525,#7526,#7527,#7528));
#2187=EDGE_LOOP('',(#7529,#7530,#7531,#7532));
#2188=EDGE_LOOP('',(#7533,#7534,#7535,#7536));
#2189=EDGE_LOOP('',(#7537,#7538,#7539,#7540));
#2190=EDGE_LOOP('',(#7541,#7542,#7543,#7544));
#2191=EDGE_LOOP('',(#7545));
#2192=EDGE_LOOP('',(#7546));
#2193=EDGE_LOOP('',(#7547));
#2194=EDGE_LOOP('',(#7548));
#2195=EDGE_LOOP('',(#7549,#7550,#7551,#7552));
#2196=EDGE_LOOP('',(#7553,#7554,#7555,#7556));
#2197=EDGE_LOOP('',(#7557));
#2198=EDGE_LOOP('',(#7558));
#2199=EDGE_LOOP('',(#7559));
#2200=EDGE_LOOP('',(#7560));
#2201=LINE('',#11947,#2945);
#2202=LINE('',#11949,#2946);
#2203=LINE('',#11951,#2947);
#2204=LINE('',#11952,#2948);
#2205=LINE('',#11955,#2949);
#2206=LINE('',#11957,#2950);
#2207=LINE('',#11958,#2951);
#2208=LINE('',#11961,#2952);
#2209=LINE('',#11963,#2953);
#2210=LINE('',#11964,#2954);
#2211=LINE('',#11966,#2955);
#2212=LINE('',#11967,#2956);
#2213=LINE('',#11972,#2957);
#2214=LINE('',#11974,#2958);
#2215=LINE('',#11976,#2959);
#2216=LINE('',#11977,#2960);
#2217=LINE('',#11980,#2961);
#2218=LINE('',#11982,#2962);
#2219=LINE('',#11983,#2963);
#2220=LINE('',#11986,#2964);
#2221=LINE('',#11988,#2965);
#2222=LINE('',#11989,#2966);
#2223=LINE('',#11991,#2967);
#2224=LINE('',#11992,#2968);
#2225=LINE('',#11998,#2969);
#2226=LINE('',#12000,#2970);
#2227=LINE('',#12002,#2971);
#2228=LINE('',#12003,#2972);
#2229=LINE('',#12006,#2973);
#2230=LINE('',#12008,#2974);
#2231=LINE('',#12009,#2975);
#2232=LINE('',#12012,#2976);
#2233=LINE('',#12014,#2977);
#2234=LINE('',#12015,#2978);
#2235=LINE('',#12017,#2979);
#2236=LINE('',#12018,#2980);
#2237=LINE('',#12024,#2981);
#2238=LINE('',#12026,#2982);
#2239=LINE('',#12028,#2983);
#2240=LINE('',#12029,#2984);
#2241=LINE('',#12032,#2985);
#2242=LINE('',#12034,#2986);
#2243=LINE('',#12035,#2987);
#2244=LINE('',#12038,#2988);
#2245=LINE('',#12040,#2989);
#2246=LINE('',#12041,#2990);
#2247=LINE('',#12043,#2991);
#2248=LINE('',#12044,#2992);
#2249=LINE('',#12051,#2993);
#2250=LINE('',#12057,#2994);
#2251=LINE('',#12063,#2995);
#2252=LINE('',#12069,#2996);
#2253=LINE('',#12075,#2997);
#2254=LINE('',#12081,#2998);
#2255=LINE('',#12087,#2999);
#2256=LINE('',#12093,#3000);
#2257=LINE('',#12099,#3001);
#2258=LINE('',#12105,#3002);
#2259=LINE('',#12111,#3003);
#2260=LINE('',#12117,#3004);
#2261=LINE('',#12122,#3005);
#2262=LINE('',#12124,#3006);
#2263=LINE('',#12126,#3007);
#2264=LINE('',#12127,#3008);
#2265=LINE('',#12130,#3009);
#2266=LINE('',#12132,#3010);
#2267=LINE('',#12133,#3011);
#2268=LINE('',#12136,#3012);
#2269=LINE('',#12138,#3013);
#2270=LINE('',#12139,#3014);
#2271=LINE('',#12141,#3015);
#2272=LINE('',#12142,#3016);
#2273=LINE('',#12148,#3017);
#2274=LINE('',#12150,#3018);
#2275=LINE('',#12152,#3019);
#2276=LINE('',#12153,#3020);
#2277=LINE('',#12156,#3021);
#2278=LINE('',#12158,#3022);
#2279=LINE('',#12159,#3023);
#2280=LINE('',#12162,#3024);
#2281=LINE('',#12164,#3025);
#2282=LINE('',#12165,#3026);
#2283=LINE('',#12167,#3027);
#2284=LINE('',#12168,#3028);
#2285=LINE('',#12174,#3029);
#2286=LINE('',#12176,#3030);
#2287=LINE('',#12178,#3031);
#2288=LINE('',#12179,#3032);
#2289=LINE('',#12182,#3033);
#2290=LINE('',#12184,#3034);
#2291=LINE('',#12185,#3035);
#2292=LINE('',#12188,#3036);
#2293=LINE('',#12190,#3037);
#2294=LINE('',#12191,#3038);
#2295=LINE('',#12193,#3039);
#2296=LINE('',#12194,#3040);
#2297=LINE('',#12201,#3041);
#2298=LINE('',#12208,#3042);
#2299=LINE('',#12210,#3043);
#2300=LINE('',#12212,#3044);
#2301=LINE('',#12213,#3045);
#2302=LINE('',#12216,#3046);
#2303=LINE('',#12218,#3047);
#2304=LINE('',#12219,#3048);
#2305=LINE('',#12222,#3049);
#2306=LINE('',#12224,#3050);
#2307=LINE('',#12225,#3051);
#2308=LINE('',#12227,#3052);
#2309=LINE('',#12228,#3053);
#2310=LINE('',#12235,#3054);
#2311=LINE('',#12242,#3055);
#2312=LINE('',#12244,#3056);
#2313=LINE('',#12246,#3057);
#2314=LINE('',#12247,#3058);
#2315=LINE('',#12250,#3059);
#2316=LINE('',#12252,#3060);
#2317=LINE('',#12253,#3061);
#2318=LINE('',#12256,#3062);
#2319=LINE('',#12258,#3063);
#2320=LINE('',#12259,#3064);
#2321=LINE('',#12261,#3065);
#2322=LINE('',#12262,#3066);
#2323=LINE('',#12269,#3067);
#2324=LINE('',#12275,#3068);
#2325=LINE('',#12283,#3069);
#2326=LINE('',#12289,#3070);
#2327=LINE('',#12297,#3071);
#2328=LINE('',#12303,#3072);
#2329=LINE('',#12311,#3073);
#2330=LINE('',#12317,#3074);
#2331=LINE('',#12325,#3075);
#2332=LINE('',#12331,#3076);
#2333=LINE('',#12339,#3077);
#2334=LINE('',#12345,#3078);
#2335=LINE('',#12353,#3079);
#2336=LINE('',#12359,#3080);
#2337=LINE('',#12367,#3081);
#2338=LINE('',#12373,#3082);
#2339=LINE('',#12381,#3083);
#2340=LINE('',#12387,#3084);
#2341=LINE('',#12393,#3085);
#2342=LINE('',#12399,#3086);
#2343=LINE('',#12405,#3087);
#2344=LINE('',#12411,#3088);
#2345=LINE('',#12417,#3089);
#2346=LINE('',#12423,#3090);
#2347=LINE('',#12429,#3091);
#2348=LINE('',#12435,#3092);
#2349=LINE('',#12440,#3093);
#2350=LINE('',#12442,#3094);
#2351=LINE('',#12444,#3095);
#2352=LINE('',#12445,#3096);
#2353=LINE('',#12448,#3097);
#2354=LINE('',#12450,#3098);
#2355=LINE('',#12451,#3099);
#2356=LINE('',#12454,#3100);
#2357=LINE('',#12456,#3101);
#2358=LINE('',#12457,#3102);
#2359=LINE('',#12459,#3103);
#2360=LINE('',#12460,#3104);
#2361=LINE('',#12466,#3105);
#2362=LINE('',#12468,#3106);
#2363=LINE('',#12470,#3107);
#2364=LINE('',#12471,#3108);
#2365=LINE('',#12474,#3109);
#2366=LINE('',#12476,#3110);
#2367=LINE('',#12477,#3111);
#2368=LINE('',#12480,#3112);
#2369=LINE('',#12482,#3113);
#2370=LINE('',#12483,#3114);
#2371=LINE('',#12485,#3115);
#2372=LINE('',#12486,#3116);
#2373=LINE('',#12492,#3117);
#2374=LINE('',#12494,#3118);
#2375=LINE('',#12496,#3119);
#2376=LINE('',#12497,#3120);
#2377=LINE('',#12500,#3121);
#2378=LINE('',#12502,#3122);
#2379=LINE('',#12503,#3123);
#2380=LINE('',#12506,#3124);
#2381=LINE('',#12508,#3125);
#2382=LINE('',#12509,#3126);
#2383=LINE('',#12511,#3127);
#2384=LINE('',#12512,#3128);
#2385=LINE('',#12519,#3129);
#2386=LINE('',#12526,#3130);
#2387=LINE('',#12528,#3131);
#2388=LINE('',#12530,#3132);
#2389=LINE('',#12531,#3133);
#2390=LINE('',#12534,#3134);
#2391=LINE('',#12536,#3135);
#2392=LINE('',#12537,#3136);
#2393=LINE('',#12540,#3137);
#2394=LINE('',#12542,#3138);
#2395=LINE('',#12543,#3139);
#2396=LINE('',#12545,#3140);
#2397=LINE('',#12546,#3141);
#2398=LINE('',#12553,#3142);
#2399=LINE('',#12560,#3143);
#2400=LINE('',#12562,#3144);
#2401=LINE('',#12564,#3145);
#2402=LINE('',#12565,#3146);
#2403=LINE('',#12568,#3147);
#2404=LINE('',#12570,#3148);
#2405=LINE('',#12571,#3149);
#2406=LINE('',#12574,#3150);
#2407=LINE('',#12576,#3151);
#2408=LINE('',#12577,#3152);
#2409=LINE('',#12579,#3153);
#2410=LINE('',#12580,#3154);
#2411=LINE('',#12587,#3155);
#2412=LINE('',#12594,#3156);
#2413=LINE('',#12596,#3157);
#2414=LINE('',#12598,#3158);
#2415=LINE('',#12599,#3159);
#2416=LINE('',#12602,#3160);
#2417=LINE('',#12604,#3161);
#2418=LINE('',#12605,#3162);
#2419=LINE('',#12608,#3163);
#2420=LINE('',#12610,#3164);
#2421=LINE('',#12611,#3165);
#2422=LINE('',#12613,#3166);
#2423=LINE('',#12614,#3167);
#2424=LINE('',#12621,#3168);
#2425=LINE('',#12627,#3169);
#2426=LINE('',#12635,#3170);
#2427=LINE('',#12641,#3171);
#2428=LINE('',#12649,#3172);
#2429=LINE('',#12655,#3173);
#2430=LINE('',#12663,#3174);
#2431=LINE('',#12669,#3175);
#2432=LINE('',#12677,#3176);
#2433=LINE('',#12683,#3177);
#2434=LINE('',#12691,#3178);
#2435=LINE('',#12697,#3179);
#2436=LINE('',#12705,#3180);
#2437=LINE('',#12711,#3181);
#2438=LINE('',#12717,#3182);
#2439=LINE('',#12723,#3183);
#2440=LINE('',#12729,#3184);
#2441=LINE('',#12735,#3185);
#2442=LINE('',#12741,#3186);
#2443=LINE('',#12747,#3187);
#2444=LINE('',#12752,#3188);
#2445=LINE('',#12754,#3189);
#2446=LINE('',#12756,#3190);
#2447=LINE('',#12757,#3191);
#2448=LINE('',#12760,#3192);
#2449=LINE('',#12762,#3193);
#2450=LINE('',#12763,#3194);
#2451=LINE('',#12766,#3195);
#2452=LINE('',#12768,#3196);
#2453=LINE('',#12769,#3197);
#2454=LINE('',#12771,#3198);
#2455=LINE('',#12772,#3199);
#2456=LINE('',#12779,#3200);
#2457=LINE('',#12786,#3201);
#2458=LINE('',#12788,#3202);
#2459=LINE('',#12790,#3203);
#2460=LINE('',#12791,#3204);
#2461=LINE('',#12794,#3205);
#2462=LINE('',#12796,#3206);
#2463=LINE('',#12797,#3207);
#2464=LINE('',#12800,#3208);
#2465=LINE('',#12802,#3209);
#2466=LINE('',#12803,#3210);
#2467=LINE('',#12805,#3211);
#2468=LINE('',#12806,#3212);
#2469=LINE('',#12813,#3213);
#2470=LINE('',#12820,#3214);
#2471=LINE('',#12822,#3215);
#2472=LINE('',#12824,#3216);
#2473=LINE('',#12825,#3217);
#2474=LINE('',#12828,#3218);
#2475=LINE('',#12830,#3219);
#2476=LINE('',#12831,#3220);
#2477=LINE('',#12834,#3221);
#2478=LINE('',#12836,#3222);
#2479=LINE('',#12837,#3223);
#2480=LINE('',#12839,#3224);
#2481=LINE('',#12840,#3225);
#2482=LINE('',#12847,#3226);
#2483=LINE('',#12854,#3227);
#2484=LINE('',#12856,#3228);
#2485=LINE('',#12858,#3229);
#2486=LINE('',#12859,#3230);
#2487=LINE('',#12862,#3231);
#2488=LINE('',#12864,#3232);
#2489=LINE('',#12865,#3233);
#2490=LINE('',#12868,#3234);
#2491=LINE('',#12870,#3235);
#2492=LINE('',#12871,#3236);
#2493=LINE('',#12873,#3237);
#2494=LINE('',#12874,#3238);
#2495=LINE('',#12881,#3239);
#2496=LINE('',#12887,#3240);
#2497=LINE('',#12895,#3241);
#2498=LINE('',#12901,#3242);
#2499=LINE('',#12909,#3243);
#2500=LINE('',#12915,#3244);
#2501=LINE('',#12923,#3245);
#2502=LINE('',#12929,#3246);
#2503=LINE('',#12937,#3247);
#2504=LINE('',#12943,#3248);
#2505=LINE('',#12949,#3249);
#2506=LINE('',#12955,#3250);
#2507=LINE('',#12961,#3251);
#2508=LINE('',#12967,#3252);
#2509=LINE('',#12973,#3253);
#2510=LINE('',#12979,#3254);
#2511=LINE('',#12984,#3255);
#2512=LINE('',#12986,#3256);
#2513=LINE('',#12988,#3257);
#2514=LINE('',#12989,#3258);
#2515=LINE('',#12992,#3259);
#2516=LINE('',#12994,#3260);
#2517=LINE('',#12995,#3261);
#2518=LINE('',#12998,#3262);
#2519=LINE('',#13000,#3263);
#2520=LINE('',#13001,#3264);
#2521=LINE('',#13003,#3265);
#2522=LINE('',#13004,#3266);
#2523=LINE('',#13011,#3267);
#2524=LINE('',#13018,#3268);
#2525=LINE('',#13020,#3269);
#2526=LINE('',#13022,#3270);
#2527=LINE('',#13023,#3271);
#2528=LINE('',#13026,#3272);
#2529=LINE('',#13028,#3273);
#2530=LINE('',#13029,#3274);
#2531=LINE('',#13032,#3275);
#2532=LINE('',#13034,#3276);
#2533=LINE('',#13035,#3277);
#2534=LINE('',#13037,#3278);
#2535=LINE('',#13038,#3279);
#2536=LINE('',#13045,#3280);
#2537=LINE('',#13052,#3281);
#2538=LINE('',#13054,#3282);
#2539=LINE('',#13056,#3283);
#2540=LINE('',#13057,#3284);
#2541=LINE('',#13060,#3285);
#2542=LINE('',#13062,#3286);
#2543=LINE('',#13063,#3287);
#2544=LINE('',#13066,#3288);
#2545=LINE('',#13068,#3289);
#2546=LINE('',#13069,#3290);
#2547=LINE('',#13071,#3291);
#2548=LINE('',#13072,#3292);
#2549=LINE('',#13079,#3293);
#2550=LINE('',#13086,#3294);
#2551=LINE('',#13088,#3295);
#2552=LINE('',#13090,#3296);
#2553=LINE('',#13091,#3297);
#2554=LINE('',#13094,#3298);
#2555=LINE('',#13096,#3299);
#2556=LINE('',#13097,#3300);
#2557=LINE('',#13100,#3301);
#2558=LINE('',#13102,#3302);
#2559=LINE('',#13103,#3303);
#2560=LINE('',#13105,#3304);
#2561=LINE('',#13106,#3305);
#2562=LINE('',#13113,#3306);
#2563=LINE('',#13120,#3307);
#2564=LINE('',#13122,#3308);
#2565=LINE('',#13124,#3309);
#2566=LINE('',#13125,#3310);
#2567=LINE('',#13128,#3311);
#2568=LINE('',#13130,#3312);
#2569=LINE('',#13131,#3313);
#2570=LINE('',#13134,#3314);
#2571=LINE('',#13136,#3315);
#2572=LINE('',#13137,#3316);
#2573=LINE('',#13139,#3317);
#2574=LINE('',#13140,#3318);
#2575=LINE('',#13147,#3319);
#2576=LINE('',#13153,#3320);
#2577=LINE('',#13161,#3321);
#2578=LINE('',#13167,#3322);
#2579=LINE('',#13175,#3323);
#2580=LINE('',#13181,#3324);
#2581=LINE('',#13189,#3325);
#2582=LINE('',#13195,#3326);
#2583=LINE('',#13203,#3327);
#2584=LINE('',#13209,#3328);
#2585=LINE('',#13215,#3329);
#2586=LINE('',#13221,#3330);
#2587=LINE('',#13227,#3331);
#2588=LINE('',#13233,#3332);
#2589=LINE('',#13239,#3333);
#2590=LINE('',#13244,#3334);
#2591=LINE('',#13246,#3335);
#2592=LINE('',#13248,#3336);
#2593=LINE('',#13249,#3337);
#2594=LINE('',#13252,#3338);
#2595=LINE('',#13254,#3339);
#2596=LINE('',#13255,#3340);
#2597=LINE('',#13258,#3341);
#2598=LINE('',#13260,#3342);
#2599=LINE('',#13261,#3343);
#2600=LINE('',#13263,#3344);
#2601=LINE('',#13264,#3345);
#2602=LINE('',#13271,#3346);
#2603=LINE('',#13278,#3347);
#2604=LINE('',#13280,#3348);
#2605=LINE('',#13282,#3349);
#2606=LINE('',#13283,#3350);
#2607=LINE('',#13286,#3351);
#2608=LINE('',#13288,#3352);
#2609=LINE('',#13289,#3353);
#2610=LINE('',#13292,#3354);
#2611=LINE('',#13294,#3355);
#2612=LINE('',#13295,#3356);
#2613=LINE('',#13297,#3357);
#2614=LINE('',#13298,#3358);
#2615=LINE('',#13305,#3359);
#2616=LINE('',#13312,#3360);
#2617=LINE('',#13314,#3361);
#2618=LINE('',#13316,#3362);
#2619=LINE('',#13317,#3363);
#2620=LINE('',#13320,#3364);
#2621=LINE('',#13322,#3365);
#2622=LINE('',#13323,#3366);
#2623=LINE('',#13326,#3367);
#2624=LINE('',#13328,#3368);
#2625=LINE('',#13329,#3369);
#2626=LINE('',#13331,#3370);
#2627=LINE('',#13332,#3371);
#2628=LINE('',#13339,#3372);
#2629=LINE('',#13345,#3373);
#2630=LINE('',#13353,#3374);
#2631=LINE('',#13359,#3375);
#2632=LINE('',#13367,#3376);
#2633=LINE('',#13373,#3377);
#2634=LINE('',#13381,#3378);
#2635=LINE('',#13387,#3379);
#2636=LINE('',#13393,#3380);
#2637=LINE('',#13399,#3381);
#2638=LINE('',#13405,#3382);
#2639=LINE('',#13411,#3383);
#2640=LINE('',#13417,#3384);
#2641=LINE('',#13423,#3385);
#2642=LINE('',#13428,#3386);
#2643=LINE('',#13430,#3387);
#2644=LINE('',#13432,#3388);
#2645=LINE('',#13433,#3389);
#2646=LINE('',#13436,#3390);
#2647=LINE('',#13438,#3391);
#2648=LINE('',#13439,#3392);
#2649=LINE('',#13442,#3393);
#2650=LINE('',#13444,#3394);
#2651=LINE('',#13445,#3395);
#2652=LINE('',#13447,#3396);
#2653=LINE('',#13448,#3397);
#2654=LINE('',#13455,#3398);
#2655=LINE('',#13462,#3399);
#2656=LINE('',#13464,#3400);
#2657=LINE('',#13466,#3401);
#2658=LINE('',#13467,#3402);
#2659=LINE('',#13470,#3403);
#2660=LINE('',#13472,#3404);
#2661=LINE('',#13473,#3405);
#2662=LINE('',#13476,#3406);
#2663=LINE('',#13478,#3407);
#2664=LINE('',#13479,#3408);
#2665=LINE('',#13481,#3409);
#2666=LINE('',#13482,#3410);
#2667=LINE('',#13489,#3411);
#2668=LINE('',#13496,#3412);
#2669=LINE('',#13498,#3413);
#2670=LINE('',#13500,#3414);
#2671=LINE('',#13501,#3415);
#2672=LINE('',#13504,#3416);
#2673=LINE('',#13506,#3417);
#2674=LINE('',#13507,#3418);
#2675=LINE('',#13510,#3419);
#2676=LINE('',#13512,#3420);
#2677=LINE('',#13513,#3421);
#2678=LINE('',#13515,#3422);
#2679=LINE('',#13516,#3423);
#2680=LINE('',#13523,#3424);
#2681=LINE('',#13529,#3425);
#2682=LINE('',#13537,#3426);
#2683=LINE('',#13543,#3427);
#2684=LINE('',#13551,#3428);
#2685=LINE('',#13557,#3429);
#2686=LINE('',#13565,#3430);
#2687=LINE('',#13571,#3431);
#2688=LINE('',#13579,#3432);
#2689=LINE('',#13584,#3433);
#2690=LINE('',#13586,#3434);
#2691=LINE('',#13588,#3435);
#2692=LINE('',#13589,#3436);
#2693=LINE('',#13592,#3437);
#2694=LINE('',#13594,#3438);
#2695=LINE('',#13595,#3439);
#2696=LINE('',#13598,#3440);
#2697=LINE('',#13600,#3441);
#2698=LINE('',#13601,#3442);
#2699=LINE('',#13603,#3443);
#2700=LINE('',#13604,#3444);
#2701=LINE('',#13609,#3445);
#2702=LINE('',#13614,#3446);
#2703=LINE('',#13616,#3447);
#2704=LINE('',#13618,#3448);
#2705=LINE('',#13619,#3449);
#2706=LINE('',#13622,#3450);
#2707=LINE('',#13624,#3451);
#2708=LINE('',#13625,#3452);
#2709=LINE('',#13628,#3453);
#2710=LINE('',#13630,#3454);
#2711=LINE('',#13631,#3455);
#2712=LINE('',#13633,#3456);
#2713=LINE('',#13634,#3457);
#2714=LINE('',#13639,#3458);
#2715=LINE('',#13644,#3459);
#2716=LINE('',#13646,#3460);
#2717=LINE('',#13648,#3461);
#2718=LINE('',#13649,#3462);
#2719=LINE('',#13652,#3463);
#2720=LINE('',#13654,#3464);
#2721=LINE('',#13655,#3465);
#2722=LINE('',#13658,#3466);
#2723=LINE('',#13660,#3467);
#2724=LINE('',#13661,#3468);
#2725=LINE('',#13663,#3469);
#2726=LINE('',#13664,#3470);
#2727=LINE('',#13669,#3471);
#2728=LINE('',#13674,#3472);
#2729=LINE('',#13676,#3473);
#2730=LINE('',#13678,#3474);
#2731=LINE('',#13679,#3475);
#2732=LINE('',#13682,#3476);
#2733=LINE('',#13684,#3477);
#2734=LINE('',#13685,#3478);
#2735=LINE('',#13688,#3479);
#2736=LINE('',#13690,#3480);
#2737=LINE('',#13691,#3481);
#2738=LINE('',#13693,#3482);
#2739=LINE('',#13694,#3483);
#2740=LINE('',#13699,#3484);
#2741=LINE('',#13705,#3485);
#2742=LINE('',#13711,#3486);
#2743=LINE('',#13717,#3487);
#2744=LINE('',#13722,#3488);
#2745=LINE('',#13724,#3489);
#2746=LINE('',#13726,#3490);
#2747=LINE('',#13727,#3491);
#2748=LINE('',#13730,#3492);
#2749=LINE('',#13732,#3493);
#2750=LINE('',#13733,#3494);
#2751=LINE('',#13736,#3495);
#2752=LINE('',#13738,#3496);
#2753=LINE('',#13739,#3497);
#2754=LINE('',#13741,#3498);
#2755=LINE('',#13742,#3499);
#2756=LINE('',#13749,#3500);
#2757=LINE('',#13756,#3501);
#2758=LINE('',#13758,#3502);
#2759=LINE('',#13760,#3503);
#2760=LINE('',#13761,#3504);
#2761=LINE('',#13764,#3505);
#2762=LINE('',#13766,#3506);
#2763=LINE('',#13767,#3507);
#2764=LINE('',#13770,#3508);
#2765=LINE('',#13772,#3509);
#2766=LINE('',#13773,#3510);
#2767=LINE('',#13775,#3511);
#2768=LINE('',#13776,#3512);
#2769=LINE('',#13782,#3513);
#2770=LINE('',#13784,#3514);
#2771=LINE('',#13786,#3515);
#2772=LINE('',#13787,#3516);
#2773=LINE('',#13790,#3517);
#2774=LINE('',#13792,#3518);
#2775=LINE('',#13793,#3519);
#2776=LINE('',#13796,#3520);
#2777=LINE('',#13798,#3521);
#2778=LINE('',#13799,#3522);
#2779=LINE('',#13801,#3523);
#2780=LINE('',#13802,#3524);
#2781=LINE('',#13808,#3525);
#2782=LINE('',#13810,#3526);
#2783=LINE('',#13812,#3527);
#2784=LINE('',#13813,#3528);
#2785=LINE('',#13816,#3529);
#2786=LINE('',#13818,#3530);
#2787=LINE('',#13819,#3531);
#2788=LINE('',#13822,#3532);
#2789=LINE('',#13824,#3533);
#2790=LINE('',#13825,#3534);
#2791=LINE('',#13827,#3535);
#2792=LINE('',#13828,#3536);
#2793=LINE('',#13835,#3537);
#2794=LINE('',#13841,#3538);
#2795=LINE('',#13848,#3539);
#2796=LINE('',#13850,#3540);
#2797=LINE('',#13852,#3541);
#2798=LINE('',#13853,#3542);
#2799=LINE('',#13856,#3543);
#2800=LINE('',#13858,#3544);
#2801=LINE('',#13859,#3545);
#2802=LINE('',#13862,#3546);
#2803=LINE('',#13864,#3547);
#2804=LINE('',#13865,#3548);
#2805=LINE('',#13867,#3549);
#2806=LINE('',#13868,#3550);
#2807=LINE('',#13874,#3551);
#2808=LINE('',#13876,#3552);
#2809=LINE('',#13878,#3553);
#2810=LINE('',#13879,#3554);
#2811=LINE('',#13882,#3555);
#2812=LINE('',#13884,#3556);
#2813=LINE('',#13885,#3557);
#2814=LINE('',#13888,#3558);
#2815=LINE('',#13890,#3559);
#2816=LINE('',#13891,#3560);
#2817=LINE('',#13893,#3561);
#2818=LINE('',#13894,#3562);
#2819=LINE('',#13901,#3563);
#2820=LINE('',#13907,#3564);
#2821=LINE('',#13914,#3565);
#2822=LINE('',#13916,#3566);
#2823=LINE('',#13918,#3567);
#2824=LINE('',#13919,#3568);
#2825=LINE('',#13922,#3569);
#2826=LINE('',#13924,#3570);
#2827=LINE('',#13925,#3571);
#2828=LINE('',#13928,#3572);
#2829=LINE('',#13930,#3573);
#2830=LINE('',#13931,#3574);
#2831=LINE('',#13933,#3575);
#2832=LINE('',#13934,#3576);
#2833=LINE('',#13940,#3577);
#2834=LINE('',#13942,#3578);
#2835=LINE('',#13944,#3579);
#2836=LINE('',#13945,#3580);
#2837=LINE('',#13948,#3581);
#2838=LINE('',#13950,#3582);
#2839=LINE('',#13951,#3583);
#2840=LINE('',#13954,#3584);
#2841=LINE('',#13956,#3585);
#2842=LINE('',#13957,#3586);
#2843=LINE('',#13959,#3587);
#2844=LINE('',#13960,#3588);
#2845=LINE('',#13967,#3589);
#2846=LINE('',#13973,#3590);
#2847=LINE('',#13980,#3591);
#2848=LINE('',#13982,#3592);
#2849=LINE('',#13984,#3593);
#2850=LINE('',#13985,#3594);
#2851=LINE('',#13988,#3595);
#2852=LINE('',#13990,#3596);
#2853=LINE('',#13991,#3597);
#2854=LINE('',#13994,#3598);
#2855=LINE('',#13996,#3599);
#2856=LINE('',#13997,#3600);
#2857=LINE('',#13999,#3601);
#2858=LINE('',#14000,#3602);
#2859=LINE('',#14006,#3603);
#2860=LINE('',#14008,#3604);
#2861=LINE('',#14010,#3605);
#2862=LINE('',#14011,#3606);
#2863=LINE('',#14014,#3607);
#2864=LINE('',#14016,#3608);
#2865=LINE('',#14017,#3609);
#2866=LINE('',#14020,#3610);
#2867=LINE('',#14022,#3611);
#2868=LINE('',#14023,#3612);
#2869=LINE('',#14025,#3613);
#2870=LINE('',#14026,#3614);
#2871=LINE('',#14033,#3615);
#2872=LINE('',#14039,#3616);
#2873=LINE('',#14047,#3617);
#2874=LINE('',#14053,#3618);
#2875=LINE('',#14059,#3619);
#2876=LINE('',#14065,#3620);
#2877=LINE('',#14071,#3621);
#2878=LINE('',#14077,#3622);
#2879=LINE('',#14082,#3623);
#2880=LINE('',#14084,#3624);
#2881=LINE('',#14086,#3625);
#2882=LINE('',#14087,#3626);
#2883=LINE('',#14090,#3627);
#2884=LINE('',#14092,#3628);
#2885=LINE('',#14093,#3629);
#2886=LINE('',#14096,#3630);
#2887=LINE('',#14098,#3631);
#2888=LINE('',#14099,#3632);
#2889=LINE('',#14101,#3633);
#2890=LINE('',#14102,#3634);
#2891=LINE('',#14108,#3635);
#2892=LINE('',#14110,#3636);
#2893=LINE('',#14112,#3637);
#2894=LINE('',#14113,#3638);
#2895=LINE('',#14116,#3639);
#2896=LINE('',#14118,#3640);
#2897=LINE('',#14119,#3641);
#2898=LINE('',#14122,#3642);
#2899=LINE('',#14124,#3643);
#2900=LINE('',#14125,#3644);
#2901=LINE('',#14127,#3645);
#2902=LINE('',#14128,#3646);
#2903=LINE('',#14134,#3647);
#2904=LINE('',#14136,#3648);
#2905=LINE('',#14138,#3649);
#2906=LINE('',#14139,#3650);
#2907=LINE('',#14142,#3651);
#2908=LINE('',#14144,#3652);
#2909=LINE('',#14145,#3653);
#2910=LINE('',#14148,#3654);
#2911=LINE('',#14150,#3655);
#2912=LINE('',#14151,#3656);
#2913=LINE('',#14153,#3657);
#2914=LINE('',#14154,#3658);
#2915=LINE('',#14161,#3659);
#2916=LINE('',#14168,#3660);
#2917=LINE('',#14170,#3661);
#2918=LINE('',#14172,#3662);
#2919=LINE('',#14173,#3663);
#2920=LINE('',#14176,#3664);
#2921=LINE('',#14178,#3665);
#2922=LINE('',#14179,#3666);
#2923=LINE('',#14182,#3667);
#2924=LINE('',#14184,#3668);
#2925=LINE('',#14185,#3669);
#2926=LINE('',#14187,#3670);
#2927=LINE('',#14188,#3671);
#2928=LINE('',#14195,#3672);
#2929=LINE('',#14202,#3673);
#2930=LINE('',#14204,#3674);
#2931=LINE('',#14206,#3675);
#2932=LINE('',#14207,#3676);
#2933=LINE('',#14210,#3677);
#2934=LINE('',#14212,#3678);
#2935=LINE('',#14213,#3679);
#2936=LINE('',#14216,#3680);
#2937=LINE('',#14218,#3681);
#2938=LINE('',#14219,#3682);
#2939=LINE('',#14221,#3683);
#2940=LINE('',#14222,#3684);
#2941=LINE('',#14229,#3685);
#2942=LINE('',#14235,#3686);
#2943=LINE('',#14243,#3687);
#2944=LINE('',#14249,#3688);
#2945=VECTOR('',#9479,10.);
#2946=VECTOR('',#9480,10.);
#2947=VECTOR('',#9481,10.);
#2948=VECTOR('',#9482,10.);
#2949=VECTOR('',#9485,10.);
#2950=VECTOR('',#9486,10.);
#2951=VECTOR('',#9487,10.);
#2952=VECTOR('',#9490,10.);
#2953=VECTOR('',#9491,10.);
#2954=VECTOR('',#9492,10.);
#2955=VECTOR('',#9495,10.);
#2956=VECTOR('',#9496,10.);
#2957=VECTOR('',#9501,10.);
#2958=VECTOR('',#9502,10.);
#2959=VECTOR('',#9503,10.);
#2960=VECTOR('',#9504,10.);
#2961=VECTOR('',#9507,10.);
#2962=VECTOR('',#9508,10.);
#2963=VECTOR('',#9509,10.);
#2964=VECTOR('',#9512,10.);
#2965=VECTOR('',#9513,10.);
#2966=VECTOR('',#9514,10.);
#2967=VECTOR('',#9517,10.);
#2968=VECTOR('',#9518,10.);
#2969=VECTOR('',#9525,10.);
#2970=VECTOR('',#9526,10.);
#2971=VECTOR('',#9527,10.);
#2972=VECTOR('',#9528,10.);
#2973=VECTOR('',#9531,10.);
#2974=VECTOR('',#9532,10.);
#2975=VECTOR('',#9533,10.);
#2976=VECTOR('',#9536,10.);
#2977=VECTOR('',#9537,10.);
#2978=VECTOR('',#9538,10.);
#2979=VECTOR('',#9541,10.);
#2980=VECTOR('',#9542,10.);
#2981=VECTOR('',#9549,10.);
#2982=VECTOR('',#9550,10.);
#2983=VECTOR('',#9551,10.);
#2984=VECTOR('',#9552,10.);
#2985=VECTOR('',#9555,10.);
#2986=VECTOR('',#9556,10.);
#2987=VECTOR('',#9557,10.);
#2988=VECTOR('',#9560,10.);
#2989=VECTOR('',#9561,10.);
#2990=VECTOR('',#9562,10.);
#2991=VECTOR('',#9565,10.);
#2992=VECTOR('',#9566,10.);
#2993=VECTOR('',#9575,1.8);
#2994=VECTOR('',#9582,1.8);
#2995=VECTOR('',#9589,1.8);
#2996=VECTOR('',#9596,1.8);
#2997=VECTOR('',#9603,1.8);
#2998=VECTOR('',#9610,1.8);
#2999=VECTOR('',#9617,1.8);
#3000=VECTOR('',#9624,1.8);
#3001=VECTOR('',#9631,1.6);
#3002=VECTOR('',#9638,1.6);
#3003=VECTOR('',#9645,1.6);
#3004=VECTOR('',#9652,1.6);
#3005=VECTOR('',#9657,10.);
#3006=VECTOR('',#9658,10.);
#3007=VECTOR('',#9659,10.);
#3008=VECTOR('',#9660,10.);
#3009=VECTOR('',#9663,10.);
#3010=VECTOR('',#9664,10.);
#3011=VECTOR('',#9665,10.);
#3012=VECTOR('',#9668,10.);
#3013=VECTOR('',#9669,10.);
#3014=VECTOR('',#9670,10.);
#3015=VECTOR('',#9673,10.);
#3016=VECTOR('',#9674,10.);
#3017=VECTOR('',#9681,10.);
#3018=VECTOR('',#9682,10.);
#3019=VECTOR('',#9683,10.);
#3020=VECTOR('',#9684,10.);
#3021=VECTOR('',#9687,10.);
#3022=VECTOR('',#9688,10.);
#3023=VECTOR('',#9689,10.);
#3024=VECTOR('',#9692,10.);
#3025=VECTOR('',#9693,10.);
#3026=VECTOR('',#9694,10.);
#3027=VECTOR('',#9697,10.);
#3028=VECTOR('',#9698,10.);
#3029=VECTOR('',#9705,10.);
#3030=VECTOR('',#9706,10.);
#3031=VECTOR('',#9707,10.);
#3032=VECTOR('',#9708,10.);
#3033=VECTOR('',#9711,10.);
#3034=VECTOR('',#9712,10.);
#3035=VECTOR('',#9713,10.);
#3036=VECTOR('',#9716,10.);
#3037=VECTOR('',#9717,10.);
#3038=VECTOR('',#9718,10.);
#3039=VECTOR('',#9721,10.);
#3040=VECTOR('',#9722,10.);
#3041=VECTOR('',#9731,6.);
#3042=VECTOR('',#9740,10.);
#3043=VECTOR('',#9741,10.);
#3044=VECTOR('',#9742,10.);
#3045=VECTOR('',#9743,10.);
#3046=VECTOR('',#9746,10.);
#3047=VECTOR('',#9747,10.);
#3048=VECTOR('',#9748,10.);
#3049=VECTOR('',#9751,10.);
#3050=VECTOR('',#9752,10.);
#3051=VECTOR('',#9753,10.);
#3052=VECTOR('',#9756,10.);
#3053=VECTOR('',#9757,10.);
#3054=VECTOR('',#9766,6.);
#3055=VECTOR('',#9775,10.);
#3056=VECTOR('',#9776,10.);
#3057=VECTOR('',#9777,10.);
#3058=VECTOR('',#9778,10.);
#3059=VECTOR('',#9781,10.);
#3060=VECTOR('',#9782,10.);
#3061=VECTOR('',#9783,10.);
#3062=VECTOR('',#9786,10.);
#3063=VECTOR('',#9787,10.);
#3064=VECTOR('',#9788,10.);
#3065=VECTOR('',#9791,10.);
#3066=VECTOR('',#9792,10.);
#3067=VECTOR('',#9801,1.8);
#3068=VECTOR('',#9808,4.);
#3069=VECTOR('',#9819,1.8);
#3070=VECTOR('',#9826,4.);
#3071=VECTOR('',#9837,1.8);
#3072=VECTOR('',#9844,4.);
#3073=VECTOR('',#9855,1.8);
#3074=VECTOR('',#9862,4.);
#3075=VECTOR('',#9873,1.8);
#3076=VECTOR('',#9880,4.);
#3077=VECTOR('',#9891,1.8);
#3078=VECTOR('',#9898,4.);
#3079=VECTOR('',#9909,1.8);
#3080=VECTOR('',#9916,4.);
#3081=VECTOR('',#9927,1.8);
#3082=VECTOR('',#9934,4.);
#3083=VECTOR('',#9945,1.8);
#3084=VECTOR('',#9952,1.8);
#3085=VECTOR('',#9959,1.8);
#3086=VECTOR('',#9966,1.8);
#3087=VECTOR('',#9973,1.8);
#3088=VECTOR('',#9980,1.8);
#3089=VECTOR('',#9987,1.6);
#3090=VECTOR('',#9994,1.6);
#3091=VECTOR('',#10001,1.6);
#3092=VECTOR('',#10008,1.6);
#3093=VECTOR('',#10013,10.);
#3094=VECTOR('',#10014,10.);
#3095=VECTOR('',#10015,10.);
#3096=VECTOR('',#10016,10.);
#3097=VECTOR('',#10019,10.);
#3098=VECTOR('',#10020,10.);
#3099=VECTOR('',#10021,10.);
#3100=VECTOR('',#10024,10.);
#3101=VECTOR('',#10025,10.);
#3102=VECTOR('',#10026,10.);
#3103=VECTOR('',#10029,10.);
#3104=VECTOR('',#10030,10.);
#3105=VECTOR('',#10037,10.);
#3106=VECTOR('',#10038,10.);
#3107=VECTOR('',#10039,10.);
#3108=VECTOR('',#10040,10.);
#3109=VECTOR('',#10043,10.);
#3110=VECTOR('',#10044,10.);
#3111=VECTOR('',#10045,10.);
#3112=VECTOR('',#10048,10.);
#3113=VECTOR('',#10049,10.);
#3114=VECTOR('',#10050,10.);
#3115=VECTOR('',#10053,10.);
#3116=VECTOR('',#10054,10.);
#3117=VECTOR('',#10061,10.);
#3118=VECTOR('',#10062,10.);
#3119=VECTOR('',#10063,10.);
#3120=VECTOR('',#10064,10.);
#3121=VECTOR('',#10067,10.);
#3122=VECTOR('',#10068,10.);
#3123=VECTOR('',#10069,10.);
#3124=VECTOR('',#10072,10.);
#3125=VECTOR('',#10073,10.);
#3126=VECTOR('',#10074,10.);
#3127=VECTOR('',#10077,10.);
#3128=VECTOR('',#10078,10.);
#3129=VECTOR('',#10087,8.);
#3130=VECTOR('',#10096,10.);
#3131=VECTOR('',#10097,10.);
#3132=VECTOR('',#10098,10.);
#3133=VECTOR('',#10099,10.);
#3134=VECTOR('',#10102,10.);
#3135=VECTOR('',#10103,10.);
#3136=VECTOR('',#10104,10.);
#3137=VECTOR('',#10107,10.);
#3138=VECTOR('',#10108,10.);
#3139=VECTOR('',#10109,10.);
#3140=VECTOR('',#10112,10.);
#3141=VECTOR('',#10113,10.);
#3142=VECTOR('',#10122,5.5);
#3143=VECTOR('',#10131,10.);
#3144=VECTOR('',#10132,10.);
#3145=VECTOR('',#10133,10.);
#3146=VECTOR('',#10134,10.);
#3147=VECTOR('',#10137,10.);
#3148=VECTOR('',#10138,10.);
#3149=VECTOR('',#10139,10.);
#3150=VECTOR('',#10142,10.);
#3151=VECTOR('',#10143,10.);
#3152=VECTOR('',#10144,10.);
#3153=VECTOR('',#10147,10.);
#3154=VECTOR('',#10148,10.);
#3155=VECTOR('',#10157,5.50000000000001);
#3156=VECTOR('',#10166,10.);
#3157=VECTOR('',#10167,10.);
#3158=VECTOR('',#10168,10.);
#3159=VECTOR('',#10169,10.);
#3160=VECTOR('',#10172,10.);
#3161=VECTOR('',#10173,10.);
#3162=VECTOR('',#10174,10.);
#3163=VECTOR('',#10177,10.);
#3164=VECTOR('',#10178,10.);
#3165=VECTOR('',#10179,10.);
#3166=VECTOR('',#10182,10.);
#3167=VECTOR('',#10183,10.);
#3168=VECTOR('',#10192,1.8);
#3169=VECTOR('',#10199,4.);
#3170=VECTOR('',#10210,1.8);
#3171=VECTOR('',#10217,4.);
#3172=VECTOR('',#10228,1.8);
#3173=VECTOR('',#10235,4.);
#3174=VECTOR('',#10246,1.8);
#3175=VECTOR('',#10253,4.);
#3176=VECTOR('',#10264,1.8);
#3177=VECTOR('',#10271,4.);
#3178=VECTOR('',#10282,1.8);
#3179=VECTOR('',#10289,4.);
#3180=VECTOR('',#10300,1.8);
#3181=VECTOR('',#10307,1.8);
#3182=VECTOR('',#10314,1.8);
#3183=VECTOR('',#10321,1.8);
#3184=VECTOR('',#10328,1.6);
#3185=VECTOR('',#10335,1.6);
#3186=VECTOR('',#10342,1.6);
#3187=VECTOR('',#10349,1.6);
#3188=VECTOR('',#10354,10.);
#3189=VECTOR('',#10355,10.);
#3190=VECTOR('',#10356,10.);
#3191=VECTOR('',#10357,10.);
#3192=VECTOR('',#10360,10.);
#3193=VECTOR('',#10361,10.);
#3194=VECTOR('',#10362,10.);
#3195=VECTOR('',#10365,10.);
#3196=VECTOR('',#10366,10.);
#3197=VECTOR('',#10367,10.);
#3198=VECTOR('',#10370,10.);
#3199=VECTOR('',#10371,10.);
#3200=VECTOR('',#10380,8.5);
#3201=VECTOR('',#10389,10.);
#3202=VECTOR('',#10390,10.);
#3203=VECTOR('',#10391,10.);
#3204=VECTOR('',#10392,10.);
#3205=VECTOR('',#10395,10.);
#3206=VECTOR('',#10396,10.);
#3207=VECTOR('',#10397,10.);
#3208=VECTOR('',#10400,10.);
#3209=VECTOR('',#10401,10.);
#3210=VECTOR('',#10402,10.);
#3211=VECTOR('',#10405,10.);
#3212=VECTOR('',#10406,10.);
#3213=VECTOR('',#10415,5.50000000000001);
#3214=VECTOR('',#10424,10.);
#3215=VECTOR('',#10425,10.);
#3216=VECTOR('',#10426,10.);
#3217=VECTOR('',#10427,10.);
#3218=VECTOR('',#10430,10.);
#3219=VECTOR('',#10431,10.);
#3220=VECTOR('',#10432,10.);
#3221=VECTOR('',#10435,10.);
#3222=VECTOR('',#10436,10.);
#3223=VECTOR('',#10437,10.);
#3224=VECTOR('',#10440,10.);
#3225=VECTOR('',#10441,10.);
#3226=VECTOR('',#10450,5.50000000000001);
#3227=VECTOR('',#10459,10.);
#3228=VECTOR('',#10460,10.);
#3229=VECTOR('',#10461,10.);
#3230=VECTOR('',#10462,10.);
#3231=VECTOR('',#10465,10.);
#3232=VECTOR('',#10466,10.);
#3233=VECTOR('',#10467,10.);
#3234=VECTOR('',#10470,10.);
#3235=VECTOR('',#10471,10.);
#3236=VECTOR('',#10472,10.);
#3237=VECTOR('',#10475,10.);
#3238=VECTOR('',#10476,10.);
#3239=VECTOR('',#10485,1.8);
#3240=VECTOR('',#10492,4.);
#3241=VECTOR('',#10503,1.8);
#3242=VECTOR('',#10510,4.);
#3243=VECTOR('',#10521,1.8);
#3244=VECTOR('',#10528,4.);
#3245=VECTOR('',#10539,1.8);
#3246=VECTOR('',#10546,4.);
#3247=VECTOR('',#10557,1.8);
#3248=VECTOR('',#10564,1.8);
#3249=VECTOR('',#10571,1.8);
#3250=VECTOR('',#10578,1.8);
#3251=VECTOR('',#10585,1.6);
#3252=VECTOR('',#10592,1.6);
#3253=VECTOR('',#10599,1.6);
#3254=VECTOR('',#10606,1.6);
#3255=VECTOR('',#10611,10.);
#3256=VECTOR('',#10612,10.);
#3257=VECTOR('',#10613,10.);
#3258=VECTOR('',#10614,10.);
#3259=VECTOR('',#10617,10.);
#3260=VECTOR('',#10618,10.);
#3261=VECTOR('',#10619,10.);
#3262=VECTOR('',#10622,10.);
#3263=VECTOR('',#10623,10.);
#3264=VECTOR('',#10624,10.);
#3265=VECTOR('',#10627,10.);
#3266=VECTOR('',#10628,10.);
#3267=VECTOR('',#10637,5.50000000000001);
#3268=VECTOR('',#10646,10.);
#3269=VECTOR('',#10647,10.);
#3270=VECTOR('',#10648,10.);
#3271=VECTOR('',#10649,10.);
#3272=VECTOR('',#10652,10.);
#3273=VECTOR('',#10653,10.);
#3274=VECTOR('',#10654,10.);
#3275=VECTOR('',#10657,10.);
#3276=VECTOR('',#10658,10.);
#3277=VECTOR('',#10659,10.);
#3278=VECTOR('',#10662,10.);
#3279=VECTOR('',#10663,10.);
#3280=VECTOR('',#10672,5.50000000000001);
#3281=VECTOR('',#10681,10.);
#3282=VECTOR('',#10682,10.);
#3283=VECTOR('',#10683,10.);
#3284=VECTOR('',#10684,10.);
#3285=VECTOR('',#10687,10.);
#3286=VECTOR('',#10688,10.);
#3287=VECTOR('',#10689,10.);
#3288=VECTOR('',#10692,10.);
#3289=VECTOR('',#10693,10.);
#3290=VECTOR('',#10694,10.);
#3291=VECTOR('',#10697,10.);
#3292=VECTOR('',#10698,10.);
#3293=VECTOR('',#10707,5.50000000000001);
#3294=VECTOR('',#10716,10.);
#3295=VECTOR('',#10717,10.);
#3296=VECTOR('',#10718,10.);
#3297=VECTOR('',#10719,10.);
#3298=VECTOR('',#10722,10.);
#3299=VECTOR('',#10723,10.);
#3300=VECTOR('',#10724,10.);
#3301=VECTOR('',#10727,10.);
#3302=VECTOR('',#10728,10.);
#3303=VECTOR('',#10729,10.);
#3304=VECTOR('',#10732,10.);
#3305=VECTOR('',#10733,10.);
#3306=VECTOR('',#10742,5.50000000000001);
#3307=VECTOR('',#10751,10.);
#3308=VECTOR('',#10752,10.);
#3309=VECTOR('',#10753,10.);
#3310=VECTOR('',#10754,10.);
#3311=VECTOR('',#10757,10.);
#3312=VECTOR('',#10758,10.);
#3313=VECTOR('',#10759,10.);
#3314=VECTOR('',#10762,10.);
#3315=VECTOR('',#10763,10.);
#3316=VECTOR('',#10764,10.);
#3317=VECTOR('',#10767,10.);
#3318=VECTOR('',#10768,10.);
#3319=VECTOR('',#10777,1.8);
#3320=VECTOR('',#10784,4.);
#3321=VECTOR('',#10795,1.8);
#3322=VECTOR('',#10802,3.99999999999999);
#3323=VECTOR('',#10813,1.8);
#3324=VECTOR('',#10820,4.);
#3325=VECTOR('',#10831,1.8);
#3326=VECTOR('',#10838,3.99999999999999);
#3327=VECTOR('',#10849,1.8);
#3328=VECTOR('',#10856,1.8);
#3329=VECTOR('',#10863,1.8);
#3330=VECTOR('',#10870,1.6);
#3331=VECTOR('',#10877,1.6);
#3332=VECTOR('',#10884,1.6);
#3333=VECTOR('',#10891,1.6);
#3334=VECTOR('',#10896,10.);
#3335=VECTOR('',#10897,10.);
#3336=VECTOR('',#10898,10.);
#3337=VECTOR('',#10899,10.);
#3338=VECTOR('',#10902,10.);
#3339=VECTOR('',#10903,10.);
#3340=VECTOR('',#10904,10.);
#3341=VECTOR('',#10907,10.);
#3342=VECTOR('',#10908,10.);
#3343=VECTOR('',#10909,10.);
#3344=VECTOR('',#10912,10.);
#3345=VECTOR('',#10913,10.);
#3346=VECTOR('',#10922,6.00000000000001);
#3347=VECTOR('',#10931,10.);
#3348=VECTOR('',#10932,10.);
#3349=VECTOR('',#10933,10.);
#3350=VECTOR('',#10934,10.);
#3351=VECTOR('',#10937,10.);
#3352=VECTOR('',#10938,10.);
#3353=VECTOR('',#10939,10.);
#3354=VECTOR('',#10942,10.);
#3355=VECTOR('',#10943,10.);
#3356=VECTOR('',#10944,10.);
#3357=VECTOR('',#10947,10.);
#3358=VECTOR('',#10948,10.);
#3359=VECTOR('',#10957,6.00000000000001);
#3360=VECTOR('',#10966,10.);
#3361=VECTOR('',#10967,10.);
#3362=VECTOR('',#10968,10.);
#3363=VECTOR('',#10969,10.);
#3364=VECTOR('',#10972,10.);
#3365=VECTOR('',#10973,10.);
#3366=VECTOR('',#10974,10.);
#3367=VECTOR('',#10977,10.);
#3368=VECTOR('',#10978,10.);
#3369=VECTOR('',#10979,10.);
#3370=VECTOR('',#10982,10.);
#3371=VECTOR('',#10983,10.);
#3372=VECTOR('',#10992,1.8);
#3373=VECTOR('',#10999,3.99999999999999);
#3374=VECTOR('',#11010,1.8);
#3375=VECTOR('',#11017,3.99999999999999);
#3376=VECTOR('',#11028,1.8);
#3377=VECTOR('',#11035,3.99999999999999);
#3378=VECTOR('',#11046,1.8);
#3379=VECTOR('',#11053,1.8);
#3380=VECTOR('',#11060,1.8);
#3381=VECTOR('',#11067,1.8);
#3382=VECTOR('',#11074,1.6);
#3383=VECTOR('',#11081,1.6);
#3384=VECTOR('',#11088,1.6);
#3385=VECTOR('',#11095,1.6);
#3386=VECTOR('',#11100,10.);
#3387=VECTOR('',#11101,10.);
#3388=VECTOR('',#11102,10.);
#3389=VECTOR('',#11103,10.);
#3390=VECTOR('',#11106,10.);
#3391=VECTOR('',#11107,10.);
#3392=VECTOR('',#11108,10.);
#3393=VECTOR('',#11111,10.);
#3394=VECTOR('',#11112,10.);
#3395=VECTOR('',#11113,10.);
#3396=VECTOR('',#11116,10.);
#3397=VECTOR('',#11117,10.);
#3398=VECTOR('',#11126,6.00000000000001);
#3399=VECTOR('',#11135,10.);
#3400=VECTOR('',#11136,10.);
#3401=VECTOR('',#11137,10.);
#3402=VECTOR('',#11138,10.);
#3403=VECTOR('',#11141,10.);
#3404=VECTOR('',#11142,10.);
#3405=VECTOR('',#11143,10.);
#3406=VECTOR('',#11146,10.);
#3407=VECTOR('',#11147,10.);
#3408=VECTOR('',#11148,10.);
#3409=VECTOR('',#11151,10.);
#3410=VECTOR('',#11152,10.);
#3411=VECTOR('',#11161,6.00000000000001);
#3412=VECTOR('',#11170,10.);
#3413=VECTOR('',#11171,10.);
#3414=VECTOR('',#11172,10.);
#3415=VECTOR('',#11173,10.);
#3416=VECTOR('',#11176,10.);
#3417=VECTOR('',#11177,10.);
#3418=VECTOR('',#11178,10.);
#3419=VECTOR('',#11181,10.);
#3420=VECTOR('',#11182,10.);
#3421=VECTOR('',#11183,10.);
#3422=VECTOR('',#11186,10.);
#3423=VECTOR('',#11187,10.);
#3424=VECTOR('',#11196,1.8);
#3425=VECTOR('',#11203,3.99999999999999);
#3426=VECTOR('',#11214,1.8);
#3427=VECTOR('',#11221,3.99999999999999);
#3428=VECTOR('',#11232,1.8);
#3429=VECTOR('',#11239,3.99999999999999);
#3430=VECTOR('',#11250,1.8);
#3431=VECTOR('',#11257,3.99999999999999);
#3432=VECTOR('',#11268,1.8);
#3433=VECTOR('',#11273,10.);
#3434=VECTOR('',#11274,10.);
#3435=VECTOR('',#11275,10.);
#3436=VECTOR('',#11276,10.);
#3437=VECTOR('',#11279,10.);
#3438=VECTOR('',#11280,10.);
#3439=VECTOR('',#11281,10.);
#3440=VECTOR('',#11284,10.);
#3441=VECTOR('',#11285,10.);
#3442=VECTOR('',#11286,10.);
#3443=VECTOR('',#11289,10.);
#3444=VECTOR('',#11290,10.);
#3445=VECTOR('',#11295,1.8);
#3446=VECTOR('',#11300,10.);
#3447=VECTOR('',#11301,10.);
#3448=VECTOR('',#11302,10.);
#3449=VECTOR('',#11303,10.);
#3450=VECTOR('',#11306,10.);
#3451=VECTOR('',#11307,10.);
#3452=VECTOR('',#11308,10.);
#3453=VECTOR('',#11311,10.);
#3454=VECTOR('',#11312,10.);
#3455=VECTOR('',#11313,10.);
#3456=VECTOR('',#11316,10.);
#3457=VECTOR('',#11317,10.);
#3458=VECTOR('',#11322,1.8);
#3459=VECTOR('',#11327,10.);
#3460=VECTOR('',#11328,10.);
#3461=VECTOR('',#11329,10.);
#3462=VECTOR('',#11330,10.);
#3463=VECTOR('',#11333,10.);
#3464=VECTOR('',#11334,10.);
#3465=VECTOR('',#11335,10.);
#3466=VECTOR('',#11338,10.);
#3467=VECTOR('',#11339,10.);
#3468=VECTOR('',#11340,10.);
#3469=VECTOR('',#11343,10.);
#3470=VECTOR('',#11344,10.);
#3471=VECTOR('',#11349,1.8);
#3472=VECTOR('',#11354,10.);
#3473=VECTOR('',#11355,10.);
#3474=VECTOR('',#11356,10.);
#3475=VECTOR('',#11357,10.);
#3476=VECTOR('',#11360,10.);
#3477=VECTOR('',#11361,10.);
#3478=VECTOR('',#11362,10.);
#3479=VECTOR('',#11365,10.);
#3480=VECTOR('',#11366,10.);
#3481=VECTOR('',#11367,10.);
#3482=VECTOR('',#11370,10.);
#3483=VECTOR('',#11371,10.);
#3484=VECTOR('',#11376,1.6);
#3485=VECTOR('',#11383,1.6);
#3486=VECTOR('',#11390,1.6);
#3487=VECTOR('',#11397,1.6);
#3488=VECTOR('',#11402,10.);
#3489=VECTOR('',#11403,10.);
#3490=VECTOR('',#11404,10.);
#3491=VECTOR('',#11405,10.);
#3492=VECTOR('',#11408,10.);
#3493=VECTOR('',#11409,10.);
#3494=VECTOR('',#11410,10.);
#3495=VECTOR('',#11413,10.);
#3496=VECTOR('',#11414,10.);
#3497=VECTOR('',#11415,10.);
#3498=VECTOR('',#11418,10.);
#3499=VECTOR('',#11419,10.);
#3500=VECTOR('',#11428,7.5);
#3501=VECTOR('',#11437,10.);
#3502=VECTOR('',#11438,10.);
#3503=VECTOR('',#11439,10.);
#3504=VECTOR('',#11440,10.);
#3505=VECTOR('',#11443,10.);
#3506=VECTOR('',#11444,10.);
#3507=VECTOR('',#11445,10.);
#3508=VECTOR('',#11448,10.);
#3509=VECTOR('',#11449,10.);
#3510=VECTOR('',#11450,10.);
#3511=VECTOR('',#11453,10.);
#3512=VECTOR('',#11454,10.);
#3513=VECTOR('',#11461,10.);
#3514=VECTOR('',#11462,10.);
#3515=VECTOR('',#11463,10.);
#3516=VECTOR('',#11464,10.);
#3517=VECTOR('',#11467,10.);
#3518=VECTOR('',#11468,10.);
#3519=VECTOR('',#11469,10.);
#3520=VECTOR('',#11472,10.);
#3521=VECTOR('',#11473,10.);
#3522=VECTOR('',#11474,10.);
#3523=VECTOR('',#11477,10.);
#3524=VECTOR('',#11478,10.);
#3525=VECTOR('',#11485,10.);
#3526=VECTOR('',#11486,10.);
#3527=VECTOR('',#11487,10.);
#3528=VECTOR('',#11488,10.);
#3529=VECTOR('',#11491,10.);
#3530=VECTOR('',#11492,10.);
#3531=VECTOR('',#11493,10.);
#3532=VECTOR('',#11496,10.);
#3533=VECTOR('',#11497,10.);
#3534=VECTOR('',#11498,10.);
#3535=VECTOR('',#11501,10.);
#3536=VECTOR('',#11502,10.);
#3537=VECTOR('',#11511,1.8);
#3538=VECTOR('',#11518,3.99999999999999);
#3539=VECTOR('',#11527,10.);
#3540=VECTOR('',#11528,10.);
#3541=VECTOR('',#11529,10.);
#3542=VECTOR('',#11530,10.);
#3543=VECTOR('',#11533,10.);
#3544=VECTOR('',#11534,10.);
#3545=VECTOR('',#11535,10.);
#3546=VECTOR('',#11538,10.);
#3547=VECTOR('',#11539,10.);
#3548=VECTOR('',#11540,10.);
#3549=VECTOR('',#11543,10.);
#3550=VECTOR('',#11544,10.);
#3551=VECTOR('',#11551,10.);
#3552=VECTOR('',#11552,10.);
#3553=VECTOR('',#11553,10.);
#3554=VECTOR('',#11554,10.);
#3555=VECTOR('',#11557,10.);
#3556=VECTOR('',#11558,10.);
#3557=VECTOR('',#11559,10.);
#3558=VECTOR('',#11562,10.);
#3559=VECTOR('',#11563,10.);
#3560=VECTOR('',#11564,10.);
#3561=VECTOR('',#11567,10.);
#3562=VECTOR('',#11568,10.);
#3563=VECTOR('',#11577,1.8);
#3564=VECTOR('',#11584,3.99999999999999);
#3565=VECTOR('',#11593,10.);
#3566=VECTOR('',#11594,10.);
#3567=VECTOR('',#11595,10.);
#3568=VECTOR('',#11596,10.);
#3569=VECTOR('',#11599,10.);
#3570=VECTOR('',#11600,10.);
#3571=VECTOR('',#11601,10.);
#3572=VECTOR('',#11604,10.);
#3573=VECTOR('',#11605,10.);
#3574=VECTOR('',#11606,10.);
#3575=VECTOR('',#11609,10.);
#3576=VECTOR('',#11610,10.);
#3577=VECTOR('',#11617,10.);
#3578=VECTOR('',#11618,10.);
#3579=VECTOR('',#11619,10.);
#3580=VECTOR('',#11620,10.);
#3581=VECTOR('',#11623,10.);
#3582=VECTOR('',#11624,10.);
#3583=VECTOR('',#11625,10.);
#3584=VECTOR('',#11628,10.);
#3585=VECTOR('',#11629,10.);
#3586=VECTOR('',#11630,10.);
#3587=VECTOR('',#11633,10.);
#3588=VECTOR('',#11634,10.);
#3589=VECTOR('',#11643,1.8);
#3590=VECTOR('',#11650,3.99999999999999);
#3591=VECTOR('',#11659,10.);
#3592=VECTOR('',#11660,10.);
#3593=VECTOR('',#11661,10.);
#3594=VECTOR('',#11662,10.);
#3595=VECTOR('',#11665,10.);
#3596=VECTOR('',#11666,10.);
#3597=VECTOR('',#11667,10.);
#3598=VECTOR('',#11670,10.);
#3599=VECTOR('',#11671,10.);
#3600=VECTOR('',#11672,10.);
#3601=VECTOR('',#11675,10.);
#3602=VECTOR('',#11676,10.);
#3603=VECTOR('',#11683,10.);
#3604=VECTOR('',#11684,10.);
#3605=VECTOR('',#11685,10.);
#3606=VECTOR('',#11686,10.);
#3607=VECTOR('',#11689,10.);
#3608=VECTOR('',#11690,10.);
#3609=VECTOR('',#11691,10.);
#3610=VECTOR('',#11694,10.);
#3611=VECTOR('',#11695,10.);
#3612=VECTOR('',#11696,10.);
#3613=VECTOR('',#11699,10.);
#3614=VECTOR('',#11700,10.);
#3615=VECTOR('',#11709,1.8);
#3616=VECTOR('',#11716,3.99999999999999);
#3617=VECTOR('',#11727,1.8);
#3618=VECTOR('',#11734,1.8);
#3619=VECTOR('',#11741,1.59999999999997);
#3620=VECTOR('',#11748,1.59999999999997);
#3621=VECTOR('',#11755,1.6);
#3622=VECTOR('',#11762,1.6);
#3623=VECTOR('',#11767,10.);
#3624=VECTOR('',#11768,10.);
#3625=VECTOR('',#11769,10.);
#3626=VECTOR('',#11770,10.);
#3627=VECTOR('',#11773,10.);
#3628=VECTOR('',#11774,10.);
#3629=VECTOR('',#11775,10.);
#3630=VECTOR('',#11778,10.);
#3631=VECTOR('',#11779,10.);
#3632=VECTOR('',#11780,10.);
#3633=VECTOR('',#11783,10.);
#3634=VECTOR('',#11784,10.);
#3635=VECTOR('',#11791,10.);
#3636=VECTOR('',#11792,10.);
#3637=VECTOR('',#11793,10.);
#3638=VECTOR('',#11794,10.);
#3639=VECTOR('',#11797,10.);
#3640=VECTOR('',#11798,10.);
#3641=VECTOR('',#11799,10.);
#3642=VECTOR('',#11802,10.);
#3643=VECTOR('',#11803,10.);
#3644=VECTOR('',#11804,10.);
#3645=VECTOR('',#11807,10.);
#3646=VECTOR('',#11808,10.);
#3647=VECTOR('',#11815,10.);
#3648=VECTOR('',#11816,10.);
#3649=VECTOR('',#11817,10.);
#3650=VECTOR('',#11818,10.);
#3651=VECTOR('',#11821,10.);
#3652=VECTOR('',#11822,10.);
#3653=VECTOR('',#11823,10.);
#3654=VECTOR('',#11826,10.);
#3655=VECTOR('',#11827,10.);
#3656=VECTOR('',#11828,10.);
#3657=VECTOR('',#11831,10.);
#3658=VECTOR('',#11832,10.);
#3659=VECTOR('',#11841,6.00000000000001);
#3660=VECTOR('',#11850,10.);
#3661=VECTOR('',#11851,10.);
#3662=VECTOR('',#11852,10.);
#3663=VECTOR('',#11853,10.);
#3664=VECTOR('',#11856,10.);
#3665=VECTOR('',#11857,10.);
#3666=VECTOR('',#11858,10.);
#3667=VECTOR('',#11861,10.);
#3668=VECTOR('',#11862,10.);
#3669=VECTOR('',#11863,10.);
#3670=VECTOR('',#11866,10.);
#3671=VECTOR('',#11867,10.);
#3672=VECTOR('',#11876,6.00000000000001);
#3673=VECTOR('',#11885,10.);
#3674=VECTOR('',#11886,10.);
#3675=VECTOR('',#11887,10.);
#3676=VECTOR('',#11888,10.);
#3677=VECTOR('',#11891,10.);
#3678=VECTOR('',#11892,10.);
#3679=VECTOR('',#11893,10.);
#3680=VECTOR('',#11896,10.);
#3681=VECTOR('',#11897,10.);
#3682=VECTOR('',#11898,10.);
#3683=VECTOR('',#11901,10.);
#3684=VECTOR('',#11902,10.);
#3685=VECTOR('',#11911,1.8);
#3686=VECTOR('',#11918,3.99999999999999);
#3687=VECTOR('',#11929,1.8);
#3688=VECTOR('',#11936,3.99999999999999);
#3689=VERTEX_POINT('',#11945);
#3690=VERTEX_POINT('',#11946);
#3691=VERTEX_POINT('',#11948);
#3692=VERTEX_POINT('',#11950);
#3693=VERTEX_POINT('',#11954);
#3694=VERTEX_POINT('',#11956);
#3695=VERTEX_POINT('',#11960);
#3696=VERTEX_POINT('',#11962);
#3697=VERTEX_POINT('',#11970);
#3698=VERTEX_POINT('',#11971);
#3699=VERTEX_POINT('',#11973);
#3700=VERTEX_POINT('',#11975);
#3701=VERTEX_POINT('',#11979);
#3702=VERTEX_POINT('',#11981);
#3703=VERTEX_POINT('',#11985);
#3704=VERTEX_POINT('',#11987);
#3705=VERTEX_POINT('',#11996);
#3706=VERTEX_POINT('',#11997);
#3707=VERTEX_POINT('',#11999);
#3708=VERTEX_POINT('',#12001);
#3709=VERTEX_POINT('',#12005);
#3710=VERTEX_POINT('',#12007);
#3711=VERTEX_POINT('',#12011);
#3712=VERTEX_POINT('',#12013);
#3713=VERTEX_POINT('',#12022);
#3714=VERTEX_POINT('',#12023);
#3715=VERTEX_POINT('',#12025);
#3716=VERTEX_POINT('',#12027);
#3717=VERTEX_POINT('',#12031);
#3718=VERTEX_POINT('',#12033);
#3719=VERTEX_POINT('',#12037);
#3720=VERTEX_POINT('',#12039);
#3721=VERTEX_POINT('',#12048);
#3722=VERTEX_POINT('',#12050);
#3723=VERTEX_POINT('',#12054);
#3724=VERTEX_POINT('',#12056);
#3725=VERTEX_POINT('',#12060);
#3726=VERTEX_POINT('',#12062);
#3727=VERTEX_POINT('',#12066);
#3728=VERTEX_POINT('',#12068);
#3729=VERTEX_POINT('',#12072);
#3730=VERTEX_POINT('',#12074);
#3731=VERTEX_POINT('',#12078);
#3732=VERTEX_POINT('',#12080);
#3733=VERTEX_POINT('',#12084);
#3734=VERTEX_POINT('',#12086);
#3735=VERTEX_POINT('',#12090);
#3736=VERTEX_POINT('',#12092);
#3737=VERTEX_POINT('',#12096);
#3738=VERTEX_POINT('',#12098);
#3739=VERTEX_POINT('',#12102);
#3740=VERTEX_POINT('',#12104);
#3741=VERTEX_POINT('',#12108);
#3742=VERTEX_POINT('',#12110);
#3743=VERTEX_POINT('',#12114);
#3744=VERTEX_POINT('',#12116);
#3745=VERTEX_POINT('',#12120);
#3746=VERTEX_POINT('',#12121);
#3747=VERTEX_POINT('',#12123);
#3748=VERTEX_POINT('',#12125);
#3749=VERTEX_POINT('',#12129);
#3750=VERTEX_POINT('',#12131);
#3751=VERTEX_POINT('',#12135);
#3752=VERTEX_POINT('',#12137);
#3753=VERTEX_POINT('',#12146);
#3754=VERTEX_POINT('',#12147);
#3755=VERTEX_POINT('',#12149);
#3756=VERTEX_POINT('',#12151);
#3757=VERTEX_POINT('',#12155);
#3758=VERTEX_POINT('',#12157);
#3759=VERTEX_POINT('',#12161);
#3760=VERTEX_POINT('',#12163);
#3761=VERTEX_POINT('',#12172);
#3762=VERTEX_POINT('',#12173);
#3763=VERTEX_POINT('',#12175);
#3764=VERTEX_POINT('',#12177);
#3765=VERTEX_POINT('',#12181);
#3766=VERTEX_POINT('',#12183);
#3767=VERTEX_POINT('',#12187);
#3768=VERTEX_POINT('',#12189);
#3769=VERTEX_POINT('',#12198);
#3770=VERTEX_POINT('',#12200);
#3771=VERTEX_POINT('',#12206);
#3772=VERTEX_POINT('',#12207);
#3773=VERTEX_POINT('',#12209);
#3774=VERTEX_POINT('',#12211);
#3775=VERTEX_POINT('',#12215);
#3776=VERTEX_POINT('',#12217);
#3777=VERTEX_POINT('',#12221);
#3778=VERTEX_POINT('',#12223);
#3779=VERTEX_POINT('',#12232);
#3780=VERTEX_POINT('',#12234);
#3781=VERTEX_POINT('',#12240);
#3782=VERTEX_POINT('',#12241);
#3783=VERTEX_POINT('',#12243);
#3784=VERTEX_POINT('',#12245);
#3785=VERTEX_POINT('',#12249);
#3786=VERTEX_POINT('',#12251);
#3787=VERTEX_POINT('',#12255);
#3788=VERTEX_POINT('',#12257);
#3789=VERTEX_POINT('',#12266);
#3790=VERTEX_POINT('',#12268);
#3791=VERTEX_POINT('',#12272);
#3792=VERTEX_POINT('',#12274);
#3793=VERTEX_POINT('',#12280);
#3794=VERTEX_POINT('',#12282);
#3795=VERTEX_POINT('',#12286);
#3796=VERTEX_POINT('',#12288);
#3797=VERTEX_POINT('',#12294);
#3798=VERTEX_POINT('',#12296);
#3799=VERTEX_POINT('',#12300);
#3800=VERTEX_POINT('',#12302);
#3801=VERTEX_POINT('',#12308);
#3802=VERTEX_POINT('',#12310);
#3803=VERTEX_POINT('',#12314);
#3804=VERTEX_POINT('',#12316);
#3805=VERTEX_POINT('',#12322);
#3806=VERTEX_POINT('',#12324);
#3807=VERTEX_POINT('',#12328);
#3808=VERTEX_POINT('',#12330);
#3809=VERTEX_POINT('',#12336);
#3810=VERTEX_POINT('',#12338);
#3811=VERTEX_POINT('',#12342);
#3812=VERTEX_POINT('',#12344);
#3813=VERTEX_POINT('',#12350);
#3814=VERTEX_POINT('',#12352);
#3815=VERTEX_POINT('',#12356);
#3816=VERTEX_POINT('',#12358);
#3817=VERTEX_POINT('',#12364);
#3818=VERTEX_POINT('',#12366);
#3819=VERTEX_POINT('',#12370);
#3820=VERTEX_POINT('',#12372);
#3821=VERTEX_POINT('',#12378);
#3822=VERTEX_POINT('',#12380);
#3823=VERTEX_POINT('',#12384);
#3824=VERTEX_POINT('',#12386);
#3825=VERTEX_POINT('',#12390);
#3826=VERTEX_POINT('',#12392);
#3827=VERTEX_POINT('',#12396);
#3828=VERTEX_POINT('',#12398);
#3829=VERTEX_POINT('',#12402);
#3830=VERTEX_POINT('',#12404);
#3831=VERTEX_POINT('',#12408);
#3832=VERTEX_POINT('',#12410);
#3833=VERTEX_POINT('',#12414);
#3834=VERTEX_POINT('',#12416);
#3835=VERTEX_POINT('',#12420);
#3836=VERTEX_POINT('',#12422);
#3837=VERTEX_POINT('',#12426);
#3838=VERTEX_POINT('',#12428);
#3839=VERTEX_POINT('',#12432);
#3840=VERTEX_POINT('',#12434);
#3841=VERTEX_POINT('',#12438);
#3842=VERTEX_POINT('',#12439);
#3843=VERTEX_POINT('',#12441);
#3844=VERTEX_POINT('',#12443);
#3845=VERTEX_POINT('',#12447);
#3846=VERTEX_POINT('',#12449);
#3847=VERTEX_POINT('',#12453);
#3848=VERTEX_POINT('',#12455);
#3849=VERTEX_POINT('',#12464);
#3850=VERTEX_POINT('',#12465);
#3851=VERTEX_POINT('',#12467);
#3852=VERTEX_POINT('',#12469);
#3853=VERTEX_POINT('',#12473);
#3854=VERTEX_POINT('',#12475);
#3855=VERTEX_POINT('',#12479);
#3856=VERTEX_POINT('',#12481);
#3857=VERTEX_POINT('',#12490);
#3858=VERTEX_POINT('',#12491);
#3859=VERTEX_POINT('',#12493);
#3860=VERTEX_POINT('',#12495);
#3861=VERTEX_POINT('',#12499);
#3862=VERTEX_POINT('',#12501);
#3863=VERTEX_POINT('',#12505);
#3864=VERTEX_POINT('',#12507);
#3865=VERTEX_POINT('',#12516);
#3866=VERTEX_POINT('',#12518);
#3867=VERTEX_POINT('',#12524);
#3868=VERTEX_POINT('',#12525);
#3869=VERTEX_POINT('',#12527);
#3870=VERTEX_POINT('',#12529);
#3871=VERTEX_POINT('',#12533);
#3872=VERTEX_POINT('',#12535);
#3873=VERTEX_POINT('',#12539);
#3874=VERTEX_POINT('',#12541);
#3875=VERTEX_POINT('',#12550);
#3876=VERTEX_POINT('',#12552);
#3877=VERTEX_POINT('',#12558);
#3878=VERTEX_POINT('',#12559);
#3879=VERTEX_POINT('',#12561);
#3880=VERTEX_POINT('',#12563);
#3881=VERTEX_POINT('',#12567);
#3882=VERTEX_POINT('',#12569);
#3883=VERTEX_POINT('',#12573);
#3884=VERTEX_POINT('',#12575);
#3885=VERTEX_POINT('',#12584);
#3886=VERTEX_POINT('',#12586);
#3887=VERTEX_POINT('',#12592);
#3888=VERTEX_POINT('',#12593);
#3889=VERTEX_POINT('',#12595);
#3890=VERTEX_POINT('',#12597);
#3891=VERTEX_POINT('',#12601);
#3892=VERTEX_POINT('',#12603);
#3893=VERTEX_POINT('',#12607);
#3894=VERTEX_POINT('',#12609);
#3895=VERTEX_POINT('',#12618);
#3896=VERTEX_POINT('',#12620);
#3897=VERTEX_POINT('',#12624);
#3898=VERTEX_POINT('',#12626);
#3899=VERTEX_POINT('',#12632);
#3900=VERTEX_POINT('',#12634);
#3901=VERTEX_POINT('',#12638);
#3902=VERTEX_POINT('',#12640);
#3903=VERTEX_POINT('',#12646);
#3904=VERTEX_POINT('',#12648);
#3905=VERTEX_POINT('',#12652);
#3906=VERTEX_POINT('',#12654);
#3907=VERTEX_POINT('',#12660);
#3908=VERTEX_POINT('',#12662);
#3909=VERTEX_POINT('',#12666);
#3910=VERTEX_POINT('',#12668);
#3911=VERTEX_POINT('',#12674);
#3912=VERTEX_POINT('',#12676);
#3913=VERTEX_POINT('',#12680);
#3914=VERTEX_POINT('',#12682);
#3915=VERTEX_POINT('',#12688);
#3916=VERTEX_POINT('',#12690);
#3917=VERTEX_POINT('',#12694);
#3918=VERTEX_POINT('',#12696);
#3919=VERTEX_POINT('',#12702);
#3920=VERTEX_POINT('',#12704);
#3921=VERTEX_POINT('',#12708);
#3922=VERTEX_POINT('',#12710);
#3923=VERTEX_POINT('',#12714);
#3924=VERTEX_POINT('',#12716);
#3925=VERTEX_POINT('',#12720);
#3926=VERTEX_POINT('',#12722);
#3927=VERTEX_POINT('',#12726);
#3928=VERTEX_POINT('',#12728);
#3929=VERTEX_POINT('',#12732);
#3930=VERTEX_POINT('',#12734);
#3931=VERTEX_POINT('',#12738);
#3932=VERTEX_POINT('',#12740);
#3933=VERTEX_POINT('',#12744);
#3934=VERTEX_POINT('',#12746);
#3935=VERTEX_POINT('',#12750);
#3936=VERTEX_POINT('',#12751);
#3937=VERTEX_POINT('',#12753);
#3938=VERTEX_POINT('',#12755);
#3939=VERTEX_POINT('',#12759);
#3940=VERTEX_POINT('',#12761);
#3941=VERTEX_POINT('',#12765);
#3942=VERTEX_POINT('',#12767);
#3943=VERTEX_POINT('',#12776);
#3944=VERTEX_POINT('',#12778);
#3945=VERTEX_POINT('',#12784);
#3946=VERTEX_POINT('',#12785);
#3947=VERTEX_POINT('',#12787);
#3948=VERTEX_POINT('',#12789);
#3949=VERTEX_POINT('',#12793);
#3950=VERTEX_POINT('',#12795);
#3951=VERTEX_POINT('',#12799);
#3952=VERTEX_POINT('',#12801);
#3953=VERTEX_POINT('',#12810);
#3954=VERTEX_POINT('',#12812);
#3955=VERTEX_POINT('',#12818);
#3956=VERTEX_POINT('',#12819);
#3957=VERTEX_POINT('',#12821);
#3958=VERTEX_POINT('',#12823);
#3959=VERTEX_POINT('',#12827);
#3960=VERTEX_POINT('',#12829);
#3961=VERTEX_POINT('',#12833);
#3962=VERTEX_POINT('',#12835);
#3963=VERTEX_POINT('',#12844);
#3964=VERTEX_POINT('',#12846);
#3965=VERTEX_POINT('',#12852);
#3966=VERTEX_POINT('',#12853);
#3967=VERTEX_POINT('',#12855);
#3968=VERTEX_POINT('',#12857);
#3969=VERTEX_POINT('',#12861);
#3970=VERTEX_POINT('',#12863);
#3971=VERTEX_POINT('',#12867);
#3972=VERTEX_POINT('',#12869);
#3973=VERTEX_POINT('',#12878);
#3974=VERTEX_POINT('',#12880);
#3975=VERTEX_POINT('',#12884);
#3976=VERTEX_POINT('',#12886);
#3977=VERTEX_POINT('',#12892);
#3978=VERTEX_POINT('',#12894);
#3979=VERTEX_POINT('',#12898);
#3980=VERTEX_POINT('',#12900);
#3981=VERTEX_POINT('',#12906);
#3982=VERTEX_POINT('',#12908);
#3983=VERTEX_POINT('',#12912);
#3984=VERTEX_POINT('',#12914);
#3985=VERTEX_POINT('',#12920);
#3986=VERTEX_POINT('',#12922);
#3987=VERTEX_POINT('',#12926);
#3988=VERTEX_POINT('',#12928);
#3989=VERTEX_POINT('',#12934);
#3990=VERTEX_POINT('',#12936);
#3991=VERTEX_POINT('',#12940);
#3992=VERTEX_POINT('',#12942);
#3993=VERTEX_POINT('',#12946);
#3994=VERTEX_POINT('',#12948);
#3995=VERTEX_POINT('',#12952);
#3996=VERTEX_POINT('',#12954);
#3997=VERTEX_POINT('',#12958);
#3998=VERTEX_POINT('',#12960);
#3999=VERTEX_POINT('',#12964);
#4000=VERTEX_POINT('',#12966);
#4001=VERTEX_POINT('',#12970);
#4002=VERTEX_POINT('',#12972);
#4003=VERTEX_POINT('',#12976);
#4004=VERTEX_POINT('',#12978);
#4005=VERTEX_POINT('',#12982);
#4006=VERTEX_POINT('',#12983);
#4007=VERTEX_POINT('',#12985);
#4008=VERTEX_POINT('',#12987);
#4009=VERTEX_POINT('',#12991);
#4010=VERTEX_POINT('',#12993);
#4011=VERTEX_POINT('',#12997);
#4012=VERTEX_POINT('',#12999);
#4013=VERTEX_POINT('',#13008);
#4014=VERTEX_POINT('',#13010);
#4015=VERTEX_POINT('',#13016);
#4016=VERTEX_POINT('',#13017);
#4017=VERTEX_POINT('',#13019);
#4018=VERTEX_POINT('',#13021);
#4019=VERTEX_POINT('',#13025);
#4020=VERTEX_POINT('',#13027);
#4021=VERTEX_POINT('',#13031);
#4022=VERTEX_POINT('',#13033);
#4023=VERTEX_POINT('',#13042);
#4024=VERTEX_POINT('',#13044);
#4025=VERTEX_POINT('',#13050);
#4026=VERTEX_POINT('',#13051);
#4027=VERTEX_POINT('',#13053);
#4028=VERTEX_POINT('',#13055);
#4029=VERTEX_POINT('',#13059);
#4030=VERTEX_POINT('',#13061);
#4031=VERTEX_POINT('',#13065);
#4032=VERTEX_POINT('',#13067);
#4033=VERTEX_POINT('',#13076);
#4034=VERTEX_POINT('',#13078);
#4035=VERTEX_POINT('',#13084);
#4036=VERTEX_POINT('',#13085);
#4037=VERTEX_POINT('',#13087);
#4038=VERTEX_POINT('',#13089);
#4039=VERTEX_POINT('',#13093);
#4040=VERTEX_POINT('',#13095);
#4041=VERTEX_POINT('',#13099);
#4042=VERTEX_POINT('',#13101);
#4043=VERTEX_POINT('',#13110);
#4044=VERTEX_POINT('',#13112);
#4045=VERTEX_POINT('',#13118);
#4046=VERTEX_POINT('',#13119);
#4047=VERTEX_POINT('',#13121);
#4048=VERTEX_POINT('',#13123);
#4049=VERTEX_POINT('',#13127);
#4050=VERTEX_POINT('',#13129);
#4051=VERTEX_POINT('',#13133);
#4052=VERTEX_POINT('',#13135);
#4053=VERTEX_POINT('',#13144);
#4054=VERTEX_POINT('',#13146);
#4055=VERTEX_POINT('',#13150);
#4056=VERTEX_POINT('',#13152);
#4057=VERTEX_POINT('',#13158);
#4058=VERTEX_POINT('',#13160);
#4059=VERTEX_POINT('',#13164);
#4060=VERTEX_POINT('',#13166);
#4061=VERTEX_POINT('',#13172);
#4062=VERTEX_POINT('',#13174);
#4063=VERTEX_POINT('',#13178);
#4064=VERTEX_POINT('',#13180);
#4065=VERTEX_POINT('',#13186);
#4066=VERTEX_POINT('',#13188);
#4067=VERTEX_POINT('',#13192);
#4068=VERTEX_POINT('',#13194);
#4069=VERTEX_POINT('',#13200);
#4070=VERTEX_POINT('',#13202);
#4071=VERTEX_POINT('',#13206);
#4072=VERTEX_POINT('',#13208);
#4073=VERTEX_POINT('',#13212);
#4074=VERTEX_POINT('',#13214);
#4075=VERTEX_POINT('',#13218);
#4076=VERTEX_POINT('',#13220);
#4077=VERTEX_POINT('',#13224);
#4078=VERTEX_POINT('',#13226);
#4079=VERTEX_POINT('',#13230);
#4080=VERTEX_POINT('',#13232);
#4081=VERTEX_POINT('',#13236);
#4082=VERTEX_POINT('',#13238);
#4083=VERTEX_POINT('',#13242);
#4084=VERTEX_POINT('',#13243);
#4085=VERTEX_POINT('',#13245);
#4086=VERTEX_POINT('',#13247);
#4087=VERTEX_POINT('',#13251);
#4088=VERTEX_POINT('',#13253);
#4089=VERTEX_POINT('',#13257);
#4090=VERTEX_POINT('',#13259);
#4091=VERTEX_POINT('',#13268);
#4092=VERTEX_POINT('',#13270);
#4093=VERTEX_POINT('',#13276);
#4094=VERTEX_POINT('',#13277);
#4095=VERTEX_POINT('',#13279);
#4096=VERTEX_POINT('',#13281);
#4097=VERTEX_POINT('',#13285);
#4098=VERTEX_POINT('',#13287);
#4099=VERTEX_POINT('',#13291);
#4100=VERTEX_POINT('',#13293);
#4101=VERTEX_POINT('',#13302);
#4102=VERTEX_POINT('',#13304);
#4103=VERTEX_POINT('',#13310);
#4104=VERTEX_POINT('',#13311);
#4105=VERTEX_POINT('',#13313);
#4106=VERTEX_POINT('',#13315);
#4107=VERTEX_POINT('',#13319);
#4108=VERTEX_POINT('',#13321);
#4109=VERTEX_POINT('',#13325);
#4110=VERTEX_POINT('',#13327);
#4111=VERTEX_POINT('',#13336);
#4112=VERTEX_POINT('',#13338);
#4113=VERTEX_POINT('',#13342);
#4114=VERTEX_POINT('',#13344);
#4115=VERTEX_POINT('',#13350);
#4116=VERTEX_POINT('',#13352);
#4117=VERTEX_POINT('',#13356);
#4118=VERTEX_POINT('',#13358);
#4119=VERTEX_POINT('',#13364);
#4120=VERTEX_POINT('',#13366);
#4121=VERTEX_POINT('',#13370);
#4122=VERTEX_POINT('',#13372);
#4123=VERTEX_POINT('',#13378);
#4124=VERTEX_POINT('',#13380);
#4125=VERTEX_POINT('',#13384);
#4126=VERTEX_POINT('',#13386);
#4127=VERTEX_POINT('',#13390);
#4128=VERTEX_POINT('',#13392);
#4129=VERTEX_POINT('',#13396);
#4130=VERTEX_POINT('',#13398);
#4131=VERTEX_POINT('',#13402);
#4132=VERTEX_POINT('',#13404);
#4133=VERTEX_POINT('',#13408);
#4134=VERTEX_POINT('',#13410);
#4135=VERTEX_POINT('',#13414);
#4136=VERTEX_POINT('',#13416);
#4137=VERTEX_POINT('',#13420);
#4138=VERTEX_POINT('',#13422);
#4139=VERTEX_POINT('',#13426);
#4140=VERTEX_POINT('',#13427);
#4141=VERTEX_POINT('',#13429);
#4142=VERTEX_POINT('',#13431);
#4143=VERTEX_POINT('',#13435);
#4144=VERTEX_POINT('',#13437);
#4145=VERTEX_POINT('',#13441);
#4146=VERTEX_POINT('',#13443);
#4147=VERTEX_POINT('',#13452);
#4148=VERTEX_POINT('',#13454);
#4149=VERTEX_POINT('',#13460);
#4150=VERTEX_POINT('',#13461);
#4151=VERTEX_POINT('',#13463);
#4152=VERTEX_POINT('',#13465);
#4153=VERTEX_POINT('',#13469);
#4154=VERTEX_POINT('',#13471);
#4155=VERTEX_POINT('',#13475);
#4156=VERTEX_POINT('',#13477);
#4157=VERTEX_POINT('',#13486);
#4158=VERTEX_POINT('',#13488);
#4159=VERTEX_POINT('',#13494);
#4160=VERTEX_POINT('',#13495);
#4161=VERTEX_POINT('',#13497);
#4162=VERTEX_POINT('',#13499);
#4163=VERTEX_POINT('',#13503);
#4164=VERTEX_POINT('',#13505);
#4165=VERTEX_POINT('',#13509);
#4166=VERTEX_POINT('',#13511);
#4167=VERTEX_POINT('',#13520);
#4168=VERTEX_POINT('',#13522);
#4169=VERTEX_POINT('',#13526);
#4170=VERTEX_POINT('',#13528);
#4171=VERTEX_POINT('',#13534);
#4172=VERTEX_POINT('',#13536);
#4173=VERTEX_POINT('',#13540);
#4174=VERTEX_POINT('',#13542);
#4175=VERTEX_POINT('',#13548);
#4176=VERTEX_POINT('',#13550);
#4177=VERTEX_POINT('',#13554);
#4178=VERTEX_POINT('',#13556);
#4179=VERTEX_POINT('',#13562);
#4180=VERTEX_POINT('',#13564);
#4181=VERTEX_POINT('',#13568);
#4182=VERTEX_POINT('',#13570);
#4183=VERTEX_POINT('',#13576);
#4184=VERTEX_POINT('',#13578);
#4185=VERTEX_POINT('',#13582);
#4186=VERTEX_POINT('',#13583);
#4187=VERTEX_POINT('',#13585);
#4188=VERTEX_POINT('',#13587);
#4189=VERTEX_POINT('',#13591);
#4190=VERTEX_POINT('',#13593);
#4191=VERTEX_POINT('',#13597);
#4192=VERTEX_POINT('',#13599);
#4193=VERTEX_POINT('',#13606);
#4194=VERTEX_POINT('',#13608);
#4195=VERTEX_POINT('',#13612);
#4196=VERTEX_POINT('',#13613);
#4197=VERTEX_POINT('',#13615);
#4198=VERTEX_POINT('',#13617);
#4199=VERTEX_POINT('',#13621);
#4200=VERTEX_POINT('',#13623);
#4201=VERTEX_POINT('',#13627);
#4202=VERTEX_POINT('',#13629);
#4203=VERTEX_POINT('',#13636);
#4204=VERTEX_POINT('',#13638);
#4205=VERTEX_POINT('',#13642);
#4206=VERTEX_POINT('',#13643);
#4207=VERTEX_POINT('',#13645);
#4208=VERTEX_POINT('',#13647);
#4209=VERTEX_POINT('',#13651);
#4210=VERTEX_POINT('',#13653);
#4211=VERTEX_POINT('',#13657);
#4212=VERTEX_POINT('',#13659);
#4213=VERTEX_POINT('',#13666);
#4214=VERTEX_POINT('',#13668);
#4215=VERTEX_POINT('',#13672);
#4216=VERTEX_POINT('',#13673);
#4217=VERTEX_POINT('',#13675);
#4218=VERTEX_POINT('',#13677);
#4219=VERTEX_POINT('',#13681);
#4220=VERTEX_POINT('',#13683);
#4221=VERTEX_POINT('',#13687);
#4222=VERTEX_POINT('',#13689);
#4223=VERTEX_POINT('',#13696);
#4224=VERTEX_POINT('',#13698);
#4225=VERTEX_POINT('',#13702);
#4226=VERTEX_POINT('',#13704);
#4227=VERTEX_POINT('',#13708);
#4228=VERTEX_POINT('',#13710);
#4229=VERTEX_POINT('',#13714);
#4230=VERTEX_POINT('',#13716);
#4231=VERTEX_POINT('',#13720);
#4232=VERTEX_POINT('',#13721);
#4233=VERTEX_POINT('',#13723);
#4234=VERTEX_POINT('',#13725);
#4235=VERTEX_POINT('',#13729);
#4236=VERTEX_POINT('',#13731);
#4237=VERTEX_POINT('',#13735);
#4238=VERTEX_POINT('',#13737);
#4239=VERTEX_POINT('',#13746);
#4240=VERTEX_POINT('',#13748);
#4241=VERTEX_POINT('',#13754);
#4242=VERTEX_POINT('',#13755);
#4243=VERTEX_POINT('',#13757);
#4244=VERTEX_POINT('',#13759);
#4245=VERTEX_POINT('',#13763);
#4246=VERTEX_POINT('',#13765);
#4247=VERTEX_POINT('',#13769);
#4248=VERTEX_POINT('',#13771);
#4249=VERTEX_POINT('',#13780);
#4250=VERTEX_POINT('',#13781);
#4251=VERTEX_POINT('',#13783);
#4252=VERTEX_POINT('',#13785);
#4253=VERTEX_POINT('',#13789);
#4254=VERTEX_POINT('',#13791);
#4255=VERTEX_POINT('',#13795);
#4256=VERTEX_POINT('',#13797);
#4257=VERTEX_POINT('',#13806);
#4258=VERTEX_POINT('',#13807);
#4259=VERTEX_POINT('',#13809);
#4260=VERTEX_POINT('',#13811);
#4261=VERTEX_POINT('',#13815);
#4262=VERTEX_POINT('',#13817);
#4263=VERTEX_POINT('',#13821);
#4264=VERTEX_POINT('',#13823);
#4265=VERTEX_POINT('',#13832);
#4266=VERTEX_POINT('',#13834);
#4267=VERTEX_POINT('',#13838);
#4268=VERTEX_POINT('',#13840);
#4269=VERTEX_POINT('',#13846);
#4270=VERTEX_POINT('',#13847);
#4271=VERTEX_POINT('',#13849);
#4272=VERTEX_POINT('',#13851);
#4273=VERTEX_POINT('',#13855);
#4274=VERTEX_POINT('',#13857);
#4275=VERTEX_POINT('',#13861);
#4276=VERTEX_POINT('',#13863);
#4277=VERTEX_POINT('',#13872);
#4278=VERTEX_POINT('',#13873);
#4279=VERTEX_POINT('',#13875);
#4280=VERTEX_POINT('',#13877);
#4281=VERTEX_POINT('',#13881);
#4282=VERTEX_POINT('',#13883);
#4283=VERTEX_POINT('',#13887);
#4284=VERTEX_POINT('',#13889);
#4285=VERTEX_POINT('',#13898);
#4286=VERTEX_POINT('',#13900);
#4287=VERTEX_POINT('',#13904);
#4288=VERTEX_POINT('',#13906);
#4289=VERTEX_POINT('',#13912);
#4290=VERTEX_POINT('',#13913);
#4291=VERTEX_POINT('',#13915);
#4292=VERTEX_POINT('',#13917);
#4293=VERTEX_POINT('',#13921);
#4294=VERTEX_POINT('',#13923);
#4295=VERTEX_POINT('',#13927);
#4296=VERTEX_POINT('',#13929);
#4297=VERTEX_POINT('',#13938);
#4298=VERTEX_POINT('',#13939);
#4299=VERTEX_POINT('',#13941);
#4300=VERTEX_POINT('',#13943);
#4301=VERTEX_POINT('',#13947);
#4302=VERTEX_POINT('',#13949);
#4303=VERTEX_POINT('',#13953);
#4304=VERTEX_POINT('',#13955);
#4305=VERTEX_POINT('',#13964);
#4306=VERTEX_POINT('',#13966);
#4307=VERTEX_POINT('',#13970);
#4308=VERTEX_POINT('',#13972);
#4309=VERTEX_POINT('',#13978);
#4310=VERTEX_POINT('',#13979);
#4311=VERTEX_POINT('',#13981);
#4312=VERTEX_POINT('',#13983);
#4313=VERTEX_POINT('',#13987);
#4314=VERTEX_POINT('',#13989);
#4315=VERTEX_POINT('',#13993);
#4316=VERTEX_POINT('',#13995);
#4317=VERTEX_POINT('',#14004);
#4318=VERTEX_POINT('',#14005);
#4319=VERTEX_POINT('',#14007);
#4320=VERTEX_POINT('',#14009);
#4321=VERTEX_POINT('',#14013);
#4322=VERTEX_POINT('',#14015);
#4323=VERTEX_POINT('',#14019);
#4324=VERTEX_POINT('',#14021);
#4325=VERTEX_POINT('',#14030);
#4326=VERTEX_POINT('',#14032);
#4327=VERTEX_POINT('',#14036);
#4328=VERTEX_POINT('',#14038);
#4329=VERTEX_POINT('',#14044);
#4330=VERTEX_POINT('',#14046);
#4331=VERTEX_POINT('',#14050);
#4332=VERTEX_POINT('',#14052);
#4333=VERTEX_POINT('',#14056);
#4334=VERTEX_POINT('',#14058);
#4335=VERTEX_POINT('',#14062);
#4336=VERTEX_POINT('',#14064);
#4337=VERTEX_POINT('',#14068);
#4338=VERTEX_POINT('',#14070);
#4339=VERTEX_POINT('',#14074);
#4340=VERTEX_POINT('',#14076);
#4341=VERTEX_POINT('',#14080);
#4342=VERTEX_POINT('',#14081);
#4343=VERTEX_POINT('',#14083);
#4344=VERTEX_POINT('',#14085);
#4345=VERTEX_POINT('',#14089);
#4346=VERTEX_POINT('',#14091);
#4347=VERTEX_POINT('',#14095);
#4348=VERTEX_POINT('',#14097);
#4349=VERTEX_POINT('',#14106);
#4350=VERTEX_POINT('',#14107);
#4351=VERTEX_POINT('',#14109);
#4352=VERTEX_POINT('',#14111);
#4353=VERTEX_POINT('',#14115);
#4354=VERTEX_POINT('',#14117);
#4355=VERTEX_POINT('',#14121);
#4356=VERTEX_POINT('',#14123);
#4357=VERTEX_POINT('',#14132);
#4358=VERTEX_POINT('',#14133);
#4359=VERTEX_POINT('',#14135);
#4360=VERTEX_POINT('',#14137);
#4361=VERTEX_POINT('',#14141);
#4362=VERTEX_POINT('',#14143);
#4363=VERTEX_POINT('',#14147);
#4364=VERTEX_POINT('',#14149);
#4365=VERTEX_POINT('',#14158);
#4366=VERTEX_POINT('',#14160);
#4367=VERTEX_POINT('',#14166);
#4368=VERTEX_POINT('',#14167);
#4369=VERTEX_POINT('',#14169);
#4370=VERTEX_POINT('',#14171);
#4371=VERTEX_POINT('',#14175);
#4372=VERTEX_POINT('',#14177);
#4373=VERTEX_POINT('',#14181);
#4374=VERTEX_POINT('',#14183);
#4375=VERTEX_POINT('',#14192);
#4376=VERTEX_POINT('',#14194);
#4377=VERTEX_POINT('',#14200);
#4378=VERTEX_POINT('',#14201);
#4379=VERTEX_POINT('',#14203);
#4380=VERTEX_POINT('',#14205);
#4381=VERTEX_POINT('',#14209);
#4382=VERTEX_POINT('',#14211);
#4383=VERTEX_POINT('',#14215);
#4384=VERTEX_POINT('',#14217);
#4385=VERTEX_POINT('',#14226);
#4386=VERTEX_POINT('',#14228);
#4387=VERTEX_POINT('',#14232);
#4388=VERTEX_POINT('',#14234);
#4389=VERTEX_POINT('',#14240);
#4390=VERTEX_POINT('',#14242);
#4391=VERTEX_POINT('',#14246);
#4392=VERTEX_POINT('',#14248);
#4393=EDGE_CURVE('',#3689,#3690,#2201,.T.);
#4394=EDGE_CURVE('',#3689,#3691,#2202,.T.);
#4395=EDGE_CURVE('',#3691,#3692,#2203,.T.);
#4396=EDGE_CURVE('',#3690,#3692,#2204,.T.);
#4397=EDGE_CURVE('',#3693,#3689,#2205,.T.);
#4398=EDGE_CURVE('',#3693,#3694,#2206,.T.);
#4399=EDGE_CURVE('',#3694,#3691,#2207,.T.);
#4400=EDGE_CURVE('',#3695,#3693,#2208,.T.);
#4401=EDGE_CURVE('',#3695,#3696,#2209,.T.);
#4402=EDGE_CURVE('',#3696,#3694,#2210,.T.);
#4403=EDGE_CURVE('',#3690,#3695,#2211,.T.);
#4404=EDGE_CURVE('',#3692,#3696,#2212,.T.);
#4405=EDGE_CURVE('',#3697,#3698,#2213,.T.);
#4406=EDGE_CURVE('',#3697,#3699,#2214,.T.);
#4407=EDGE_CURVE('',#3700,#3699,#2215,.T.);
#4408=EDGE_CURVE('',#3698,#3700,#2216,.T.);
#4409=EDGE_CURVE('',#3698,#3701,#2217,.T.);
#4410=EDGE_CURVE('',#3702,#3700,#2218,.T.);
#4411=EDGE_CURVE('',#3701,#3702,#2219,.T.);
#4412=EDGE_CURVE('',#3701,#3703,#2220,.T.);
#4413=EDGE_CURVE('',#3704,#3702,#2221,.T.);
#4414=EDGE_CURVE('',#3703,#3704,#2222,.T.);
#4415=EDGE_CURVE('',#3703,#3697,#2223,.T.);
#4416=EDGE_CURVE('',#3699,#3704,#2224,.T.);
#4417=EDGE_CURVE('',#3705,#3706,#2225,.T.);
#4418=EDGE_CURVE('',#3705,#3707,#2226,.T.);
#4419=EDGE_CURVE('',#3708,#3707,#2227,.T.);
#4420=EDGE_CURVE('',#3706,#3708,#2228,.T.);
#4421=EDGE_CURVE('',#3706,#3709,#2229,.T.);
#4422=EDGE_CURVE('',#3710,#3708,#2230,.T.);
#4423=EDGE_CURVE('',#3709,#3710,#2231,.T.);
#4424=EDGE_CURVE('',#3709,#3711,#2232,.T.);
#4425=EDGE_CURVE('',#3712,#3710,#2233,.T.);
#4426=EDGE_CURVE('',#3711,#3712,#2234,.T.);
#4427=EDGE_CURVE('',#3711,#3705,#2235,.T.);
#4428=EDGE_CURVE('',#3707,#3712,#2236,.T.);
#4429=EDGE_CURVE('',#3713,#3714,#2237,.T.);
#4430=EDGE_CURVE('',#3713,#3715,#2238,.T.);
#4431=EDGE_CURVE('',#3716,#3715,#2239,.T.);
#4432=EDGE_CURVE('',#3714,#3716,#2240,.T.);
#4433=EDGE_CURVE('',#3714,#3717,#2241,.T.);
#4434=EDGE_CURVE('',#3718,#3716,#2242,.T.);
#4435=EDGE_CURVE('',#3717,#3718,#2243,.T.);
#4436=EDGE_CURVE('',#3717,#3719,#2244,.T.);
#4437=EDGE_CURVE('',#3720,#3718,#2245,.T.);
#4438=EDGE_CURVE('',#3719,#3720,#2246,.T.);
#4439=EDGE_CURVE('',#3719,#3713,#2247,.T.);
#4440=EDGE_CURVE('',#3715,#3720,#2248,.T.);
#4441=EDGE_CURVE('',#3721,#3721,#13,.T.);
#4442=EDGE_CURVE('',#3721,#3722,#2249,.T.);
#4443=EDGE_CURVE('',#3722,#3722,#14,.T.);
#4444=EDGE_CURVE('',#3723,#3723,#15,.T.);
#4445=EDGE_CURVE('',#3723,#3724,#2250,.T.);
#4446=EDGE_CURVE('',#3724,#3724,#16,.T.);
#4447=EDGE_CURVE('',#3725,#3725,#17,.T.);
#4448=EDGE_CURVE('',#3725,#3726,#2251,.T.);
#4449=EDGE_CURVE('',#3726,#3726,#18,.T.);
#4450=EDGE_CURVE('',#3727,#3727,#19,.T.);
#4451=EDGE_CURVE('',#3727,#3728,#2252,.T.);
#4452=EDGE_CURVE('',#3728,#3728,#20,.T.);
#4453=EDGE_CURVE('',#3729,#3729,#21,.T.);
#4454=EDGE_CURVE('',#3729,#3730,#2253,.T.);
#4455=EDGE_CURVE('',#3730,#3730,#22,.T.);
#4456=EDGE_CURVE('',#3731,#3731,#23,.T.);
#4457=EDGE_CURVE('',#3731,#3732,#2254,.T.);
#4458=EDGE_CURVE('',#3732,#3732,#24,.T.);
#4459=EDGE_CURVE('',#3733,#3733,#25,.T.);
#4460=EDGE_CURVE('',#3733,#3734,#2255,.T.);
#4461=EDGE_CURVE('',#3734,#3734,#26,.T.);
#4462=EDGE_CURVE('',#3735,#3735,#27,.T.);
#4463=EDGE_CURVE('',#3735,#3736,#2256,.T.);
#4464=EDGE_CURVE('',#3736,#3736,#28,.T.);
#4465=EDGE_CURVE('',#3737,#3737,#29,.T.);
#4466=EDGE_CURVE('',#3737,#3738,#2257,.T.);
#4467=EDGE_CURVE('',#3738,#3738,#30,.T.);
#4468=EDGE_CURVE('',#3739,#3739,#31,.T.);
#4469=EDGE_CURVE('',#3739,#3740,#2258,.T.);
#4470=EDGE_CURVE('',#3740,#3740,#32,.T.);
#4471=EDGE_CURVE('',#3741,#3741,#33,.T.);
#4472=EDGE_CURVE('',#3741,#3742,#2259,.T.);
#4473=EDGE_CURVE('',#3742,#3742,#34,.T.);
#4474=EDGE_CURVE('',#3743,#3743,#35,.T.);
#4475=EDGE_CURVE('',#3743,#3744,#2260,.T.);
#4476=EDGE_CURVE('',#3744,#3744,#36,.T.);
#4477=EDGE_CURVE('',#3745,#3746,#2261,.T.);
#4478=EDGE_CURVE('',#3746,#3747,#2262,.T.);
#4479=EDGE_CURVE('',#3748,#3747,#2263,.T.);
#4480=EDGE_CURVE('',#3745,#3748,#2264,.T.);
#4481=EDGE_CURVE('',#3749,#3745,#2265,.T.);
#4482=EDGE_CURVE('',#3750,#3748,#2266,.T.);
#4483=EDGE_CURVE('',#3749,#3750,#2267,.T.);
#4484=EDGE_CURVE('',#3751,#3749,#2268,.T.);
#4485=EDGE_CURVE('',#3752,#3750,#2269,.T.);
#4486=EDGE_CURVE('',#3751,#3752,#2270,.T.);
#4487=EDGE_CURVE('',#3746,#3751,#2271,.T.);
#4488=EDGE_CURVE('',#3747,#3752,#2272,.T.);
#4489=EDGE_CURVE('',#3753,#3754,#2273,.T.);
#4490=EDGE_CURVE('',#3754,#3755,#2274,.T.);
#4491=EDGE_CURVE('',#3756,#3755,#2275,.T.);
#4492=EDGE_CURVE('',#3753,#3756,#2276,.T.);
#4493=EDGE_CURVE('',#3757,#3753,#2277,.T.);
#4494=EDGE_CURVE('',#3758,#3756,#2278,.T.);
#4495=EDGE_CURVE('',#3757,#3758,#2279,.T.);
#4496=EDGE_CURVE('',#3759,#3757,#2280,.T.);
#4497=EDGE_CURVE('',#3760,#3758,#2281,.T.);
#4498=EDGE_CURVE('',#3759,#3760,#2282,.T.);
#4499=EDGE_CURVE('',#3754,#3759,#2283,.T.);
#4500=EDGE_CURVE('',#3755,#3760,#2284,.T.);
#4501=EDGE_CURVE('',#3761,#3762,#2285,.T.);
#4502=EDGE_CURVE('',#3762,#3763,#2286,.T.);
#4503=EDGE_CURVE('',#3764,#3763,#2287,.T.);
#4504=EDGE_CURVE('',#3761,#3764,#2288,.T.);
#4505=EDGE_CURVE('',#3765,#3761,#2289,.T.);
#4506=EDGE_CURVE('',#3766,#3764,#2290,.T.);
#4507=EDGE_CURVE('',#3765,#3766,#2291,.T.);
#4508=EDGE_CURVE('',#3767,#3765,#2292,.T.);
#4509=EDGE_CURVE('',#3768,#3766,#2293,.T.);
#4510=EDGE_CURVE('',#3767,#3768,#2294,.T.);
#4511=EDGE_CURVE('',#3762,#3767,#2295,.T.);
#4512=EDGE_CURVE('',#3763,#3768,#2296,.T.);
#4513=EDGE_CURVE('',#3769,#3769,#37,.T.);
#4514=EDGE_CURVE('',#3769,#3770,#2297,.T.);
#4515=EDGE_CURVE('',#3770,#3770,#38,.T.);
#4516=EDGE_CURVE('',#3771,#3772,#2298,.T.);
#4517=EDGE_CURVE('',#3772,#3773,#2299,.T.);
#4518=EDGE_CURVE('',#3774,#3773,#2300,.T.);
#4519=EDGE_CURVE('',#3771,#3774,#2301,.T.);
#4520=EDGE_CURVE('',#3775,#3771,#2302,.T.);
#4521=EDGE_CURVE('',#3776,#3774,#2303,.T.);
#4522=EDGE_CURVE('',#3775,#3776,#2304,.T.);
#4523=EDGE_CURVE('',#3777,#3775,#2305,.T.);
#4524=EDGE_CURVE('',#3778,#3776,#2306,.T.);
#4525=EDGE_CURVE('',#3777,#3778,#2307,.T.);
#4526=EDGE_CURVE('',#3772,#3777,#2308,.T.);
#4527=EDGE_CURVE('',#3773,#3778,#2309,.T.);
#4528=EDGE_CURVE('',#3779,#3779,#39,.T.);
#4529=EDGE_CURVE('',#3779,#3780,#2310,.T.);
#4530=EDGE_CURVE('',#3780,#3780,#40,.T.);
#4531=EDGE_CURVE('',#3781,#3782,#2311,.T.);
#4532=EDGE_CURVE('',#3782,#3783,#2312,.T.);
#4533=EDGE_CURVE('',#3784,#3783,#2313,.T.);
#4534=EDGE_CURVE('',#3781,#3784,#2314,.T.);
#4535=EDGE_CURVE('',#3785,#3781,#2315,.T.);
#4536=EDGE_CURVE('',#3786,#3784,#2316,.T.);
#4537=EDGE_CURVE('',#3785,#3786,#2317,.T.);
#4538=EDGE_CURVE('',#3787,#3785,#2318,.T.);
#4539=EDGE_CURVE('',#3788,#3786,#2319,.T.);
#4540=EDGE_CURVE('',#3787,#3788,#2320,.T.);
#4541=EDGE_CURVE('',#3782,#3787,#2321,.T.);
#4542=EDGE_CURVE('',#3783,#3788,#2322,.T.);
#4543=EDGE_CURVE('',#3789,#3789,#41,.T.);
#4544=EDGE_CURVE('',#3789,#3790,#2323,.T.);
#4545=EDGE_CURVE('',#3790,#3790,#42,.T.);
#4546=EDGE_CURVE('',#3791,#3791,#43,.T.);
#4547=EDGE_CURVE('',#3791,#3792,#2324,.T.);
#4548=EDGE_CURVE('',#3792,#3792,#44,.T.);
#4549=EDGE_CURVE('',#3793,#3793,#45,.T.);
#4550=EDGE_CURVE('',#3793,#3794,#2325,.T.);
#4551=EDGE_CURVE('',#3794,#3794,#46,.T.);
#4552=EDGE_CURVE('',#3795,#3795,#47,.T.);
#4553=EDGE_CURVE('',#3795,#3796,#2326,.T.);
#4554=EDGE_CURVE('',#3796,#3796,#48,.T.);
#4555=EDGE_CURVE('',#3797,#3797,#49,.T.);
#4556=EDGE_CURVE('',#3797,#3798,#2327,.T.);
#4557=EDGE_CURVE('',#3798,#3798,#50,.T.);
#4558=EDGE_CURVE('',#3799,#3799,#51,.T.);
#4559=EDGE_CURVE('',#3799,#3800,#2328,.T.);
#4560=EDGE_CURVE('',#3800,#3800,#52,.T.);
#4561=EDGE_CURVE('',#3801,#3801,#53,.T.);
#4562=EDGE_CURVE('',#3801,#3802,#2329,.T.);
#4563=EDGE_CURVE('',#3802,#3802,#54,.T.);
#4564=EDGE_CURVE('',#3803,#3803,#55,.T.);
#4565=EDGE_CURVE('',#3803,#3804,#2330,.T.);
#4566=EDGE_CURVE('',#3804,#3804,#56,.T.);
#4567=EDGE_CURVE('',#3805,#3805,#57,.T.);
#4568=EDGE_CURVE('',#3805,#3806,#2331,.T.);
#4569=EDGE_CURVE('',#3806,#3806,#58,.T.);
#4570=EDGE_CURVE('',#3807,#3807,#59,.T.);
#4571=EDGE_CURVE('',#3807,#3808,#2332,.T.);
#4572=EDGE_CURVE('',#3808,#3808,#60,.T.);
#4573=EDGE_CURVE('',#3809,#3809,#61,.T.);
#4574=EDGE_CURVE('',#3809,#3810,#2333,.T.);
#4575=EDGE_CURVE('',#3810,#3810,#62,.T.);
#4576=EDGE_CURVE('',#3811,#3811,#63,.T.);
#4577=EDGE_CURVE('',#3811,#3812,#2334,.T.);
#4578=EDGE_CURVE('',#3812,#3812,#64,.T.);
#4579=EDGE_CURVE('',#3813,#3813,#65,.T.);
#4580=EDGE_CURVE('',#3813,#3814,#2335,.T.);
#4581=EDGE_CURVE('',#3814,#3814,#66,.T.);
#4582=EDGE_CURVE('',#3815,#3815,#67,.T.);
#4583=EDGE_CURVE('',#3815,#3816,#2336,.T.);
#4584=EDGE_CURVE('',#3816,#3816,#68,.T.);
#4585=EDGE_CURVE('',#3817,#3817,#69,.T.);
#4586=EDGE_CURVE('',#3817,#3818,#2337,.T.);
#4587=EDGE_CURVE('',#3818,#3818,#70,.T.);
#4588=EDGE_CURVE('',#3819,#3819,#71,.T.);
#4589=EDGE_CURVE('',#3819,#3820,#2338,.T.);
#4590=EDGE_CURVE('',#3820,#3820,#72,.T.);
#4591=EDGE_CURVE('',#3821,#3821,#73,.T.);
#4592=EDGE_CURVE('',#3821,#3822,#2339,.T.);
#4593=EDGE_CURVE('',#3822,#3822,#74,.T.);
#4594=EDGE_CURVE('',#3823,#3823,#75,.T.);
#4595=EDGE_CURVE('',#3823,#3824,#2340,.T.);
#4596=EDGE_CURVE('',#3824,#3824,#76,.T.);
#4597=EDGE_CURVE('',#3825,#3825,#77,.T.);
#4598=EDGE_CURVE('',#3825,#3826,#2341,.T.);
#4599=EDGE_CURVE('',#3826,#3826,#78,.T.);
#4600=EDGE_CURVE('',#3827,#3827,#79,.T.);
#4601=EDGE_CURVE('',#3827,#3828,#2342,.T.);
#4602=EDGE_CURVE('',#3828,#3828,#80,.T.);
#4603=EDGE_CURVE('',#3829,#3829,#81,.T.);
#4604=EDGE_CURVE('',#3829,#3830,#2343,.T.);
#4605=EDGE_CURVE('',#3830,#3830,#82,.T.);
#4606=EDGE_CURVE('',#3831,#3831,#83,.T.);
#4607=EDGE_CURVE('',#3831,#3832,#2344,.T.);
#4608=EDGE_CURVE('',#3832,#3832,#84,.T.);
#4609=EDGE_CURVE('',#3833,#3833,#85,.T.);
#4610=EDGE_CURVE('',#3833,#3834,#2345,.T.);
#4611=EDGE_CURVE('',#3834,#3834,#86,.T.);
#4612=EDGE_CURVE('',#3835,#3835,#87,.T.);
#4613=EDGE_CURVE('',#3835,#3836,#2346,.T.);
#4614=EDGE_CURVE('',#3836,#3836,#88,.T.);
#4615=EDGE_CURVE('',#3837,#3837,#89,.T.);
#4616=EDGE_CURVE('',#3837,#3838,#2347,.T.);
#4617=EDGE_CURVE('',#3838,#3838,#90,.T.);
#4618=EDGE_CURVE('',#3839,#3839,#91,.T.);
#4619=EDGE_CURVE('',#3839,#3840,#2348,.T.);
#4620=EDGE_CURVE('',#3840,#3840,#92,.T.);
#4621=EDGE_CURVE('',#3841,#3842,#2349,.T.);
#4622=EDGE_CURVE('',#3842,#3843,#2350,.T.);
#4623=EDGE_CURVE('',#3844,#3843,#2351,.T.);
#4624=EDGE_CURVE('',#3841,#3844,#2352,.T.);
#4625=EDGE_CURVE('',#3845,#3841,#2353,.T.);
#4626=EDGE_CURVE('',#3846,#3844,#2354,.T.);
#4627=EDGE_CURVE('',#3845,#3846,#2355,.T.);
#4628=EDGE_CURVE('',#3847,#3845,#2356,.T.);
#4629=EDGE_CURVE('',#3848,#3846,#2357,.T.);
#4630=EDGE_CURVE('',#3847,#3848,#2358,.T.);
#4631=EDGE_CURVE('',#3842,#3847,#2359,.T.);
#4632=EDGE_CURVE('',#3843,#3848,#2360,.T.);
#4633=EDGE_CURVE('',#3849,#3850,#2361,.T.);
#4634=EDGE_CURVE('',#3850,#3851,#2362,.T.);
#4635=EDGE_CURVE('',#3852,#3851,#2363,.T.);
#4636=EDGE_CURVE('',#3849,#3852,#2364,.T.);
#4637=EDGE_CURVE('',#3853,#3849,#2365,.T.);
#4638=EDGE_CURVE('',#3854,#3852,#2366,.T.);
#4639=EDGE_CURVE('',#3853,#3854,#2367,.T.);
#4640=EDGE_CURVE('',#3855,#3853,#2368,.T.);
#4641=EDGE_CURVE('',#3856,#3854,#2369,.T.);
#4642=EDGE_CURVE('',#3855,#3856,#2370,.T.);
#4643=EDGE_CURVE('',#3850,#3855,#2371,.T.);
#4644=EDGE_CURVE('',#3851,#3856,#2372,.T.);
#4645=EDGE_CURVE('',#3857,#3858,#2373,.T.);
#4646=EDGE_CURVE('',#3858,#3859,#2374,.T.);
#4647=EDGE_CURVE('',#3860,#3859,#2375,.T.);
#4648=EDGE_CURVE('',#3857,#3860,#2376,.T.);
#4649=EDGE_CURVE('',#3861,#3857,#2377,.T.);
#4650=EDGE_CURVE('',#3862,#3860,#2378,.T.);
#4651=EDGE_CURVE('',#3861,#3862,#2379,.T.);
#4652=EDGE_CURVE('',#3863,#3861,#2380,.T.);
#4653=EDGE_CURVE('',#3864,#3862,#2381,.T.);
#4654=EDGE_CURVE('',#3863,#3864,#2382,.T.);
#4655=EDGE_CURVE('',#3858,#3863,#2383,.T.);
#4656=EDGE_CURVE('',#3859,#3864,#2384,.T.);
#4657=EDGE_CURVE('',#3865,#3865,#93,.T.);
#4658=EDGE_CURVE('',#3865,#3866,#2385,.T.);
#4659=EDGE_CURVE('',#3866,#3866,#94,.T.);
#4660=EDGE_CURVE('',#3867,#3868,#2386,.T.);
#4661=EDGE_CURVE('',#3868,#3869,#2387,.T.);
#4662=EDGE_CURVE('',#3870,#3869,#2388,.T.);
#4663=EDGE_CURVE('',#3867,#3870,#2389,.T.);
#4664=EDGE_CURVE('',#3871,#3867,#2390,.T.);
#4665=EDGE_CURVE('',#3872,#3870,#2391,.T.);
#4666=EDGE_CURVE('',#3871,#3872,#2392,.T.);
#4667=EDGE_CURVE('',#3873,#3871,#2393,.T.);
#4668=EDGE_CURVE('',#3874,#3872,#2394,.T.);
#4669=EDGE_CURVE('',#3873,#3874,#2395,.T.);
#4670=EDGE_CURVE('',#3868,#3873,#2396,.T.);
#4671=EDGE_CURVE('',#3869,#3874,#2397,.T.);
#4672=EDGE_CURVE('',#3875,#3875,#95,.T.);
#4673=EDGE_CURVE('',#3875,#3876,#2398,.T.);
#4674=EDGE_CURVE('',#3876,#3876,#96,.T.);
#4675=EDGE_CURVE('',#3877,#3878,#2399,.T.);
#4676=EDGE_CURVE('',#3878,#3879,#2400,.T.);
#4677=EDGE_CURVE('',#3880,#3879,#2401,.T.);
#4678=EDGE_CURVE('',#3877,#3880,#2402,.T.);
#4679=EDGE_CURVE('',#3881,#3877,#2403,.T.);
#4680=EDGE_CURVE('',#3882,#3880,#2404,.T.);
#4681=EDGE_CURVE('',#3881,#3882,#2405,.T.);
#4682=EDGE_CURVE('',#3883,#3881,#2406,.T.);
#4683=EDGE_CURVE('',#3884,#3882,#2407,.T.);
#4684=EDGE_CURVE('',#3883,#3884,#2408,.T.);
#4685=EDGE_CURVE('',#3878,#3883,#2409,.T.);
#4686=EDGE_CURVE('',#3879,#3884,#2410,.T.);
#4687=EDGE_CURVE('',#3885,#3885,#97,.T.);
#4688=EDGE_CURVE('',#3885,#3886,#2411,.T.);
#4689=EDGE_CURVE('',#3886,#3886,#98,.T.);
#4690=EDGE_CURVE('',#3887,#3888,#2412,.T.);
#4691=EDGE_CURVE('',#3888,#3889,#2413,.T.);
#4692=EDGE_CURVE('',#3890,#3889,#2414,.T.);
#4693=EDGE_CURVE('',#3887,#3890,#2415,.T.);
#4694=EDGE_CURVE('',#3891,#3887,#2416,.T.);
#4695=EDGE_CURVE('',#3892,#3890,#2417,.T.);
#4696=EDGE_CURVE('',#3891,#3892,#2418,.T.);
#4697=EDGE_CURVE('',#3893,#3891,#2419,.T.);
#4698=EDGE_CURVE('',#3894,#3892,#2420,.T.);
#4699=EDGE_CURVE('',#3893,#3894,#2421,.T.);
#4700=EDGE_CURVE('',#3888,#3893,#2422,.T.);
#4701=EDGE_CURVE('',#3889,#3894,#2423,.T.);
#4702=EDGE_CURVE('',#3895,#3895,#99,.T.);
#4703=EDGE_CURVE('',#3895,#3896,#2424,.T.);
#4704=EDGE_CURVE('',#3896,#3896,#100,.T.);
#4705=EDGE_CURVE('',#3897,#3897,#101,.T.);
#4706=EDGE_CURVE('',#3897,#3898,#2425,.T.);
#4707=EDGE_CURVE('',#3898,#3898,#102,.T.);
#4708=EDGE_CURVE('',#3899,#3899,#103,.T.);
#4709=EDGE_CURVE('',#3899,#3900,#2426,.T.);
#4710=EDGE_CURVE('',#3900,#3900,#104,.T.);
#4711=EDGE_CURVE('',#3901,#3901,#105,.T.);
#4712=EDGE_CURVE('',#3901,#3902,#2427,.T.);
#4713=EDGE_CURVE('',#3902,#3902,#106,.T.);
#4714=EDGE_CURVE('',#3903,#3903,#107,.T.);
#4715=EDGE_CURVE('',#3903,#3904,#2428,.T.);
#4716=EDGE_CURVE('',#3904,#3904,#108,.T.);
#4717=EDGE_CURVE('',#3905,#3905,#109,.T.);
#4718=EDGE_CURVE('',#3905,#3906,#2429,.T.);
#4719=EDGE_CURVE('',#3906,#3906,#110,.T.);
#4720=EDGE_CURVE('',#3907,#3907,#111,.T.);
#4721=EDGE_CURVE('',#3907,#3908,#2430,.T.);
#4722=EDGE_CURVE('',#3908,#3908,#112,.T.);
#4723=EDGE_CURVE('',#3909,#3909,#113,.T.);
#4724=EDGE_CURVE('',#3909,#3910,#2431,.T.);
#4725=EDGE_CURVE('',#3910,#3910,#114,.T.);
#4726=EDGE_CURVE('',#3911,#3911,#115,.T.);
#4727=EDGE_CURVE('',#3911,#3912,#2432,.T.);
#4728=EDGE_CURVE('',#3912,#3912,#116,.T.);
#4729=EDGE_CURVE('',#3913,#3913,#117,.T.);
#4730=EDGE_CURVE('',#3913,#3914,#2433,.T.);
#4731=EDGE_CURVE('',#3914,#3914,#118,.T.);
#4732=EDGE_CURVE('',#3915,#3915,#119,.T.);
#4733=EDGE_CURVE('',#3915,#3916,#2434,.T.);
#4734=EDGE_CURVE('',#3916,#3916,#120,.T.);
#4735=EDGE_CURVE('',#3917,#3917,#121,.T.);
#4736=EDGE_CURVE('',#3917,#3918,#2435,.T.);
#4737=EDGE_CURVE('',#3918,#3918,#122,.T.);
#4738=EDGE_CURVE('',#3919,#3919,#123,.T.);
#4739=EDGE_CURVE('',#3919,#3920,#2436,.T.);
#4740=EDGE_CURVE('',#3920,#3920,#124,.T.);
#4741=EDGE_CURVE('',#3921,#3921,#125,.T.);
#4742=EDGE_CURVE('',#3921,#3922,#2437,.T.);
#4743=EDGE_CURVE('',#3922,#3922,#126,.T.);
#4744=EDGE_CURVE('',#3923,#3923,#127,.T.);
#4745=EDGE_CURVE('',#3923,#3924,#2438,.T.);
#4746=EDGE_CURVE('',#3924,#3924,#128,.T.);
#4747=EDGE_CURVE('',#3925,#3925,#129,.T.);
#4748=EDGE_CURVE('',#3925,#3926,#2439,.T.);
#4749=EDGE_CURVE('',#3926,#3926,#130,.T.);
#4750=EDGE_CURVE('',#3927,#3927,#131,.T.);
#4751=EDGE_CURVE('',#3927,#3928,#2440,.T.);
#4752=EDGE_CURVE('',#3928,#3928,#132,.T.);
#4753=EDGE_CURVE('',#3929,#3929,#133,.T.);
#4754=EDGE_CURVE('',#3929,#3930,#2441,.T.);
#4755=EDGE_CURVE('',#3930,#3930,#134,.T.);
#4756=EDGE_CURVE('',#3931,#3931,#135,.T.);
#4757=EDGE_CURVE('',#3931,#3932,#2442,.T.);
#4758=EDGE_CURVE('',#3932,#3932,#136,.T.);
#4759=EDGE_CURVE('',#3933,#3933,#137,.T.);
#4760=EDGE_CURVE('',#3933,#3934,#2443,.T.);
#4761=EDGE_CURVE('',#3934,#3934,#138,.T.);
#4762=EDGE_CURVE('',#3935,#3936,#2444,.T.);
#4763=EDGE_CURVE('',#3936,#3937,#2445,.T.);
#4764=EDGE_CURVE('',#3938,#3937,#2446,.T.);
#4765=EDGE_CURVE('',#3935,#3938,#2447,.T.);
#4766=EDGE_CURVE('',#3939,#3935,#2448,.T.);
#4767=EDGE_CURVE('',#3940,#3938,#2449,.T.);
#4768=EDGE_CURVE('',#3939,#3940,#2450,.T.);
#4769=EDGE_CURVE('',#3941,#3939,#2451,.T.);
#4770=EDGE_CURVE('',#3942,#3940,#2452,.T.);
#4771=EDGE_CURVE('',#3941,#3942,#2453,.T.);
#4772=EDGE_CURVE('',#3936,#3941,#2454,.T.);
#4773=EDGE_CURVE('',#3937,#3942,#2455,.T.);
#4774=EDGE_CURVE('',#3943,#3943,#139,.T.);
#4775=EDGE_CURVE('',#3943,#3944,#2456,.T.);
#4776=EDGE_CURVE('',#3944,#3944,#140,.T.);
#4777=EDGE_CURVE('',#3945,#3946,#2457,.T.);
#4778=EDGE_CURVE('',#3946,#3947,#2458,.T.);
#4779=EDGE_CURVE('',#3948,#3947,#2459,.T.);
#4780=EDGE_CURVE('',#3945,#3948,#2460,.T.);
#4781=EDGE_CURVE('',#3949,#3945,#2461,.T.);
#4782=EDGE_CURVE('',#3950,#3948,#2462,.T.);
#4783=EDGE_CURVE('',#3949,#3950,#2463,.T.);
#4784=EDGE_CURVE('',#3951,#3949,#2464,.T.);
#4785=EDGE_CURVE('',#3952,#3950,#2465,.T.);
#4786=EDGE_CURVE('',#3951,#3952,#2466,.T.);
#4787=EDGE_CURVE('',#3946,#3951,#2467,.T.);
#4788=EDGE_CURVE('',#3947,#3952,#2468,.T.);
#4789=EDGE_CURVE('',#3953,#3953,#141,.T.);
#4790=EDGE_CURVE('',#3953,#3954,#2469,.T.);
#4791=EDGE_CURVE('',#3954,#3954,#142,.T.);
#4792=EDGE_CURVE('',#3955,#3956,#2470,.T.);
#4793=EDGE_CURVE('',#3956,#3957,#2471,.T.);
#4794=EDGE_CURVE('',#3958,#3957,#2472,.T.);
#4795=EDGE_CURVE('',#3955,#3958,#2473,.T.);
#4796=EDGE_CURVE('',#3959,#3955,#2474,.T.);
#4797=EDGE_CURVE('',#3960,#3958,#2475,.T.);
#4798=EDGE_CURVE('',#3959,#3960,#2476,.T.);
#4799=EDGE_CURVE('',#3961,#3959,#2477,.T.);
#4800=EDGE_CURVE('',#3962,#3960,#2478,.T.);
#4801=EDGE_CURVE('',#3961,#3962,#2479,.T.);
#4802=EDGE_CURVE('',#3956,#3961,#2480,.T.);
#4803=EDGE_CURVE('',#3957,#3962,#2481,.T.);
#4804=EDGE_CURVE('',#3963,#3963,#143,.T.);
#4805=EDGE_CURVE('',#3963,#3964,#2482,.T.);
#4806=EDGE_CURVE('',#3964,#3964,#144,.T.);
#4807=EDGE_CURVE('',#3965,#3966,#2483,.T.);
#4808=EDGE_CURVE('',#3966,#3967,#2484,.T.);
#4809=EDGE_CURVE('',#3968,#3967,#2485,.T.);
#4810=EDGE_CURVE('',#3965,#3968,#2486,.T.);
#4811=EDGE_CURVE('',#3969,#3965,#2487,.T.);
#4812=EDGE_CURVE('',#3970,#3968,#2488,.T.);
#4813=EDGE_CURVE('',#3969,#3970,#2489,.T.);
#4814=EDGE_CURVE('',#3971,#3969,#2490,.T.);
#4815=EDGE_CURVE('',#3972,#3970,#2491,.T.);
#4816=EDGE_CURVE('',#3971,#3972,#2492,.T.);
#4817=EDGE_CURVE('',#3966,#3971,#2493,.T.);
#4818=EDGE_CURVE('',#3967,#3972,#2494,.T.);
#4819=EDGE_CURVE('',#3973,#3973,#145,.T.);
#4820=EDGE_CURVE('',#3973,#3974,#2495,.T.);
#4821=EDGE_CURVE('',#3974,#3974,#146,.T.);
#4822=EDGE_CURVE('',#3975,#3975,#147,.T.);
#4823=EDGE_CURVE('',#3975,#3976,#2496,.T.);
#4824=EDGE_CURVE('',#3976,#3976,#148,.T.);
#4825=EDGE_CURVE('',#3977,#3977,#149,.T.);
#4826=EDGE_CURVE('',#3977,#3978,#2497,.T.);
#4827=EDGE_CURVE('',#3978,#3978,#150,.T.);
#4828=EDGE_CURVE('',#3979,#3979,#151,.T.);
#4829=EDGE_CURVE('',#3979,#3980,#2498,.T.);
#4830=EDGE_CURVE('',#3980,#3980,#152,.T.);
#4831=EDGE_CURVE('',#3981,#3981,#153,.T.);
#4832=EDGE_CURVE('',#3981,#3982,#2499,.T.);
#4833=EDGE_CURVE('',#3982,#3982,#154,.T.);
#4834=EDGE_CURVE('',#3983,#3983,#155,.T.);
#4835=EDGE_CURVE('',#3983,#3984,#2500,.T.);
#4836=EDGE_CURVE('',#3984,#3984,#156,.T.);
#4837=EDGE_CURVE('',#3985,#3985,#157,.T.);
#4838=EDGE_CURVE('',#3985,#3986,#2501,.T.);
#4839=EDGE_CURVE('',#3986,#3986,#158,.T.);
#4840=EDGE_CURVE('',#3987,#3987,#159,.T.);
#4841=EDGE_CURVE('',#3987,#3988,#2502,.T.);
#4842=EDGE_CURVE('',#3988,#3988,#160,.T.);
#4843=EDGE_CURVE('',#3989,#3989,#161,.T.);
#4844=EDGE_CURVE('',#3989,#3990,#2503,.T.);
#4845=EDGE_CURVE('',#3990,#3990,#162,.T.);
#4846=EDGE_CURVE('',#3991,#3991,#163,.T.);
#4847=EDGE_CURVE('',#3991,#3992,#2504,.T.);
#4848=EDGE_CURVE('',#3992,#3992,#164,.T.);
#4849=EDGE_CURVE('',#3993,#3993,#165,.T.);
#4850=EDGE_CURVE('',#3993,#3994,#2505,.T.);
#4851=EDGE_CURVE('',#3994,#3994,#166,.T.);
#4852=EDGE_CURVE('',#3995,#3995,#167,.T.);
#4853=EDGE_CURVE('',#3995,#3996,#2506,.T.);
#4854=EDGE_CURVE('',#3996,#3996,#168,.T.);
#4855=EDGE_CURVE('',#3997,#3997,#169,.T.);
#4856=EDGE_CURVE('',#3997,#3998,#2507,.T.);
#4857=EDGE_CURVE('',#3998,#3998,#170,.T.);
#4858=EDGE_CURVE('',#3999,#3999,#171,.T.);
#4859=EDGE_CURVE('',#3999,#4000,#2508,.T.);
#4860=EDGE_CURVE('',#4000,#4000,#172,.T.);
#4861=EDGE_CURVE('',#4001,#4001,#173,.T.);
#4862=EDGE_CURVE('',#4001,#4002,#2509,.T.);
#4863=EDGE_CURVE('',#4002,#4002,#174,.T.);
#4864=EDGE_CURVE('',#4003,#4003,#175,.T.);
#4865=EDGE_CURVE('',#4003,#4004,#2510,.T.);
#4866=EDGE_CURVE('',#4004,#4004,#176,.T.);
#4867=EDGE_CURVE('',#4005,#4006,#2511,.T.);
#4868=EDGE_CURVE('',#4006,#4007,#2512,.T.);
#4869=EDGE_CURVE('',#4008,#4007,#2513,.T.);
#4870=EDGE_CURVE('',#4005,#4008,#2514,.T.);
#4871=EDGE_CURVE('',#4009,#4005,#2515,.T.);
#4872=EDGE_CURVE('',#4010,#4008,#2516,.T.);
#4873=EDGE_CURVE('',#4009,#4010,#2517,.T.);
#4874=EDGE_CURVE('',#4011,#4009,#2518,.T.);
#4875=EDGE_CURVE('',#4012,#4010,#2519,.T.);
#4876=EDGE_CURVE('',#4011,#4012,#2520,.T.);
#4877=EDGE_CURVE('',#4006,#4011,#2521,.T.);
#4878=EDGE_CURVE('',#4007,#4012,#2522,.T.);
#4879=EDGE_CURVE('',#4013,#4013,#177,.T.);
#4880=EDGE_CURVE('',#4013,#4014,#2523,.T.);
#4881=EDGE_CURVE('',#4014,#4014,#178,.T.);
#4882=EDGE_CURVE('',#4015,#4016,#2524,.T.);
#4883=EDGE_CURVE('',#4016,#4017,#2525,.T.);
#4884=EDGE_CURVE('',#4018,#4017,#2526,.T.);
#4885=EDGE_CURVE('',#4015,#4018,#2527,.T.);
#4886=EDGE_CURVE('',#4019,#4015,#2528,.T.);
#4887=EDGE_CURVE('',#4020,#4018,#2529,.T.);
#4888=EDGE_CURVE('',#4019,#4020,#2530,.T.);
#4889=EDGE_CURVE('',#4021,#4019,#2531,.T.);
#4890=EDGE_CURVE('',#4022,#4020,#2532,.T.);
#4891=EDGE_CURVE('',#4021,#4022,#2533,.T.);
#4892=EDGE_CURVE('',#4016,#4021,#2534,.T.);
#4893=EDGE_CURVE('',#4017,#4022,#2535,.T.);
#4894=EDGE_CURVE('',#4023,#4023,#179,.T.);
#4895=EDGE_CURVE('',#4023,#4024,#2536,.T.);
#4896=EDGE_CURVE('',#4024,#4024,#180,.T.);
#4897=EDGE_CURVE('',#4025,#4026,#2537,.T.);
#4898=EDGE_CURVE('',#4026,#4027,#2538,.T.);
#4899=EDGE_CURVE('',#4028,#4027,#2539,.T.);
#4900=EDGE_CURVE('',#4025,#4028,#2540,.T.);
#4901=EDGE_CURVE('',#4029,#4025,#2541,.T.);
#4902=EDGE_CURVE('',#4030,#4028,#2542,.T.);
#4903=EDGE_CURVE('',#4029,#4030,#2543,.T.);
#4904=EDGE_CURVE('',#4031,#4029,#2544,.T.);
#4905=EDGE_CURVE('',#4032,#4030,#2545,.T.);
#4906=EDGE_CURVE('',#4031,#4032,#2546,.T.);
#4907=EDGE_CURVE('',#4026,#4031,#2547,.T.);
#4908=EDGE_CURVE('',#4027,#4032,#2548,.T.);
#4909=EDGE_CURVE('',#4033,#4033,#181,.T.);
#4910=EDGE_CURVE('',#4033,#4034,#2549,.T.);
#4911=EDGE_CURVE('',#4034,#4034,#182,.T.);
#4912=EDGE_CURVE('',#4035,#4036,#2550,.T.);
#4913=EDGE_CURVE('',#4036,#4037,#2551,.T.);
#4914=EDGE_CURVE('',#4038,#4037,#2552,.T.);
#4915=EDGE_CURVE('',#4035,#4038,#2553,.T.);
#4916=EDGE_CURVE('',#4039,#4035,#2554,.T.);
#4917=EDGE_CURVE('',#4040,#4038,#2555,.T.);
#4918=EDGE_CURVE('',#4039,#4040,#2556,.T.);
#4919=EDGE_CURVE('',#4041,#4039,#2557,.T.);
#4920=EDGE_CURVE('',#4042,#4040,#2558,.T.);
#4921=EDGE_CURVE('',#4041,#4042,#2559,.T.);
#4922=EDGE_CURVE('',#4036,#4041,#2560,.T.);
#4923=EDGE_CURVE('',#4037,#4042,#2561,.T.);
#4924=EDGE_CURVE('',#4043,#4043,#183,.T.);
#4925=EDGE_CURVE('',#4043,#4044,#2562,.T.);
#4926=EDGE_CURVE('',#4044,#4044,#184,.T.);
#4927=EDGE_CURVE('',#4045,#4046,#2563,.T.);
#4928=EDGE_CURVE('',#4046,#4047,#2564,.T.);
#4929=EDGE_CURVE('',#4048,#4047,#2565,.T.);
#4930=EDGE_CURVE('',#4045,#4048,#2566,.T.);
#4931=EDGE_CURVE('',#4049,#4045,#2567,.T.);
#4932=EDGE_CURVE('',#4050,#4048,#2568,.T.);
#4933=EDGE_CURVE('',#4049,#4050,#2569,.T.);
#4934=EDGE_CURVE('',#4051,#4049,#2570,.T.);
#4935=EDGE_CURVE('',#4052,#4050,#2571,.T.);
#4936=EDGE_CURVE('',#4051,#4052,#2572,.T.);
#4937=EDGE_CURVE('',#4046,#4051,#2573,.T.);
#4938=EDGE_CURVE('',#4047,#4052,#2574,.T.);
#4939=EDGE_CURVE('',#4053,#4053,#185,.T.);
#4940=EDGE_CURVE('',#4053,#4054,#2575,.T.);
#4941=EDGE_CURVE('',#4054,#4054,#186,.T.);
#4942=EDGE_CURVE('',#4055,#4055,#187,.T.);
#4943=EDGE_CURVE('',#4055,#4056,#2576,.T.);
#4944=EDGE_CURVE('',#4056,#4056,#188,.T.);
#4945=EDGE_CURVE('',#4057,#4057,#189,.T.);
#4946=EDGE_CURVE('',#4057,#4058,#2577,.T.);
#4947=EDGE_CURVE('',#4058,#4058,#190,.T.);
#4948=EDGE_CURVE('',#4059,#4059,#191,.T.);
#4949=EDGE_CURVE('',#4059,#4060,#2578,.T.);
#4950=EDGE_CURVE('',#4060,#4060,#192,.T.);
#4951=EDGE_CURVE('',#4061,#4061,#193,.T.);
#4952=EDGE_CURVE('',#4061,#4062,#2579,.T.);
#4953=EDGE_CURVE('',#4062,#4062,#194,.T.);
#4954=EDGE_CURVE('',#4063,#4063,#195,.T.);
#4955=EDGE_CURVE('',#4063,#4064,#2580,.T.);
#4956=EDGE_CURVE('',#4064,#4064,#196,.T.);
#4957=EDGE_CURVE('',#4065,#4065,#197,.T.);
#4958=EDGE_CURVE('',#4065,#4066,#2581,.T.);
#4959=EDGE_CURVE('',#4066,#4066,#198,.T.);
#4960=EDGE_CURVE('',#4067,#4067,#199,.T.);
#4961=EDGE_CURVE('',#4067,#4068,#2582,.T.);
#4962=EDGE_CURVE('',#4068,#4068,#200,.T.);
#4963=EDGE_CURVE('',#4069,#4069,#201,.T.);
#4964=EDGE_CURVE('',#4069,#4070,#2583,.T.);
#4965=EDGE_CURVE('',#4070,#4070,#202,.T.);
#4966=EDGE_CURVE('',#4071,#4071,#203,.T.);
#4967=EDGE_CURVE('',#4071,#4072,#2584,.T.);
#4968=EDGE_CURVE('',#4072,#4072,#204,.T.);
#4969=EDGE_CURVE('',#4073,#4073,#205,.T.);
#4970=EDGE_CURVE('',#4073,#4074,#2585,.T.);
#4971=EDGE_CURVE('',#4074,#4074,#206,.T.);
#4972=EDGE_CURVE('',#4075,#4075,#207,.T.);
#4973=EDGE_CURVE('',#4075,#4076,#2586,.T.);
#4974=EDGE_CURVE('',#4076,#4076,#208,.T.);
#4975=EDGE_CURVE('',#4077,#4077,#209,.T.);
#4976=EDGE_CURVE('',#4077,#4078,#2587,.T.);
#4977=EDGE_CURVE('',#4078,#4078,#210,.T.);
#4978=EDGE_CURVE('',#4079,#4079,#211,.T.);
#4979=EDGE_CURVE('',#4079,#4080,#2588,.T.);
#4980=EDGE_CURVE('',#4080,#4080,#212,.T.);
#4981=EDGE_CURVE('',#4081,#4081,#213,.T.);
#4982=EDGE_CURVE('',#4081,#4082,#2589,.T.);
#4983=EDGE_CURVE('',#4082,#4082,#214,.T.);
#4984=EDGE_CURVE('',#4083,#4084,#2590,.T.);
#4985=EDGE_CURVE('',#4084,#4085,#2591,.T.);
#4986=EDGE_CURVE('',#4086,#4085,#2592,.T.);
#4987=EDGE_CURVE('',#4083,#4086,#2593,.T.);
#4988=EDGE_CURVE('',#4087,#4083,#2594,.T.);
#4989=EDGE_CURVE('',#4088,#4086,#2595,.T.);
#4990=EDGE_CURVE('',#4087,#4088,#2596,.T.);
#4991=EDGE_CURVE('',#4089,#4087,#2597,.T.);
#4992=EDGE_CURVE('',#4090,#4088,#2598,.T.);
#4993=EDGE_CURVE('',#4089,#4090,#2599,.T.);
#4994=EDGE_CURVE('',#4084,#4089,#2600,.T.);
#4995=EDGE_CURVE('',#4085,#4090,#2601,.T.);
#4996=EDGE_CURVE('',#4091,#4091,#215,.T.);
#4997=EDGE_CURVE('',#4091,#4092,#2602,.T.);
#4998=EDGE_CURVE('',#4092,#4092,#216,.T.);
#4999=EDGE_CURVE('',#4093,#4094,#2603,.T.);
#5000=EDGE_CURVE('',#4094,#4095,#2604,.T.);
#5001=EDGE_CURVE('',#4096,#4095,#2605,.T.);
#5002=EDGE_CURVE('',#4093,#4096,#2606,.T.);
#5003=EDGE_CURVE('',#4097,#4093,#2607,.T.);
#5004=EDGE_CURVE('',#4098,#4096,#2608,.T.);
#5005=EDGE_CURVE('',#4097,#4098,#2609,.T.);
#5006=EDGE_CURVE('',#4099,#4097,#2610,.T.);
#5007=EDGE_CURVE('',#4100,#4098,#2611,.T.);
#5008=EDGE_CURVE('',#4099,#4100,#2612,.T.);
#5009=EDGE_CURVE('',#4094,#4099,#2613,.T.);
#5010=EDGE_CURVE('',#4095,#4100,#2614,.T.);
#5011=EDGE_CURVE('',#4101,#4101,#217,.T.);
#5012=EDGE_CURVE('',#4101,#4102,#2615,.T.);
#5013=EDGE_CURVE('',#4102,#4102,#218,.T.);
#5014=EDGE_CURVE('',#4103,#4104,#2616,.T.);
#5015=EDGE_CURVE('',#4104,#4105,#2617,.T.);
#5016=EDGE_CURVE('',#4106,#4105,#2618,.T.);
#5017=EDGE_CURVE('',#4103,#4106,#2619,.T.);
#5018=EDGE_CURVE('',#4107,#4103,#2620,.T.);
#5019=EDGE_CURVE('',#4108,#4106,#2621,.T.);
#5020=EDGE_CURVE('',#4107,#4108,#2622,.T.);
#5021=EDGE_CURVE('',#4109,#4107,#2623,.T.);
#5022=EDGE_CURVE('',#4110,#4108,#2624,.T.);
#5023=EDGE_CURVE('',#4109,#4110,#2625,.T.);
#5024=EDGE_CURVE('',#4104,#4109,#2626,.T.);
#5025=EDGE_CURVE('',#4105,#4110,#2627,.T.);
#5026=EDGE_CURVE('',#4111,#4111,#219,.T.);
#5027=EDGE_CURVE('',#4111,#4112,#2628,.T.);
#5028=EDGE_CURVE('',#4112,#4112,#220,.T.);
#5029=EDGE_CURVE('',#4113,#4113,#221,.T.);
#5030=EDGE_CURVE('',#4113,#4114,#2629,.T.);
#5031=EDGE_CURVE('',#4114,#4114,#222,.T.);
#5032=EDGE_CURVE('',#4115,#4115,#223,.T.);
#5033=EDGE_CURVE('',#4115,#4116,#2630,.T.);
#5034=EDGE_CURVE('',#4116,#4116,#224,.T.);
#5035=EDGE_CURVE('',#4117,#4117,#225,.T.);
#5036=EDGE_CURVE('',#4117,#4118,#2631,.T.);
#5037=EDGE_CURVE('',#4118,#4118,#226,.T.);
#5038=EDGE_CURVE('',#4119,#4119,#227,.T.);
#5039=EDGE_CURVE('',#4119,#4120,#2632,.T.);
#5040=EDGE_CURVE('',#4120,#4120,#228,.T.);
#5041=EDGE_CURVE('',#4121,#4121,#229,.T.);
#5042=EDGE_CURVE('',#4121,#4122,#2633,.T.);
#5043=EDGE_CURVE('',#4122,#4122,#230,.T.);
#5044=EDGE_CURVE('',#4123,#4123,#231,.T.);
#5045=EDGE_CURVE('',#4123,#4124,#2634,.T.);
#5046=EDGE_CURVE('',#4124,#4124,#232,.T.);
#5047=EDGE_CURVE('',#4125,#4125,#233,.T.);
#5048=EDGE_CURVE('',#4125,#4126,#2635,.T.);
#5049=EDGE_CURVE('',#4126,#4126,#234,.T.);
#5050=EDGE_CURVE('',#4127,#4127,#235,.T.);
#5051=EDGE_CURVE('',#4127,#4128,#2636,.T.);
#5052=EDGE_CURVE('',#4128,#4128,#236,.T.);
#5053=EDGE_CURVE('',#4129,#4129,#237,.T.);
#5054=EDGE_CURVE('',#4129,#4130,#2637,.T.);
#5055=EDGE_CURVE('',#4130,#4130,#238,.T.);
#5056=EDGE_CURVE('',#4131,#4131,#239,.T.);
#5057=EDGE_CURVE('',#4131,#4132,#2638,.T.);
#5058=EDGE_CURVE('',#4132,#4132,#240,.T.);
#5059=EDGE_CURVE('',#4133,#4133,#241,.T.);
#5060=EDGE_CURVE('',#4133,#4134,#2639,.T.);
#5061=EDGE_CURVE('',#4134,#4134,#242,.T.);
#5062=EDGE_CURVE('',#4135,#4135,#243,.T.);
#5063=EDGE_CURVE('',#4135,#4136,#2640,.T.);
#5064=EDGE_CURVE('',#4136,#4136,#244,.T.);
#5065=EDGE_CURVE('',#4137,#4137,#245,.T.);
#5066=EDGE_CURVE('',#4137,#4138,#2641,.T.);
#5067=EDGE_CURVE('',#4138,#4138,#246,.T.);
#5068=EDGE_CURVE('',#4139,#4140,#2642,.T.);
#5069=EDGE_CURVE('',#4140,#4141,#2643,.T.);
#5070=EDGE_CURVE('',#4142,#4141,#2644,.T.);
#5071=EDGE_CURVE('',#4139,#4142,#2645,.T.);
#5072=EDGE_CURVE('',#4143,#4139,#2646,.T.);
#5073=EDGE_CURVE('',#4144,#4142,#2647,.T.);
#5074=EDGE_CURVE('',#4143,#4144,#2648,.T.);
#5075=EDGE_CURVE('',#4145,#4143,#2649,.T.);
#5076=EDGE_CURVE('',#4146,#4144,#2650,.T.);
#5077=EDGE_CURVE('',#4145,#4146,#2651,.T.);
#5078=EDGE_CURVE('',#4140,#4145,#2652,.T.);
#5079=EDGE_CURVE('',#4141,#4146,#2653,.T.);
#5080=EDGE_CURVE('',#4147,#4147,#247,.T.);
#5081=EDGE_CURVE('',#4147,#4148,#2654,.T.);
#5082=EDGE_CURVE('',#4148,#4148,#248,.T.);
#5083=EDGE_CURVE('',#4149,#4150,#2655,.T.);
#5084=EDGE_CURVE('',#4150,#4151,#2656,.T.);
#5085=EDGE_CURVE('',#4152,#4151,#2657,.T.);
#5086=EDGE_CURVE('',#4149,#4152,#2658,.T.);
#5087=EDGE_CURVE('',#4153,#4149,#2659,.T.);
#5088=EDGE_CURVE('',#4154,#4152,#2660,.T.);
#5089=EDGE_CURVE('',#4153,#4154,#2661,.T.);
#5090=EDGE_CURVE('',#4155,#4153,#2662,.T.);
#5091=EDGE_CURVE('',#4156,#4154,#2663,.T.);
#5092=EDGE_CURVE('',#4155,#4156,#2664,.T.);
#5093=EDGE_CURVE('',#4150,#4155,#2665,.T.);
#5094=EDGE_CURVE('',#4151,#4156,#2666,.T.);
#5095=EDGE_CURVE('',#4157,#4157,#249,.T.);
#5096=EDGE_CURVE('',#4157,#4158,#2667,.T.);
#5097=EDGE_CURVE('',#4158,#4158,#250,.T.);
#5098=EDGE_CURVE('',#4159,#4160,#2668,.T.);
#5099=EDGE_CURVE('',#4160,#4161,#2669,.T.);
#5100=EDGE_CURVE('',#4162,#4161,#2670,.T.);
#5101=EDGE_CURVE('',#4159,#4162,#2671,.T.);
#5102=EDGE_CURVE('',#4163,#4159,#2672,.T.);
#5103=EDGE_CURVE('',#4164,#4162,#2673,.T.);
#5104=EDGE_CURVE('',#4163,#4164,#2674,.T.);
#5105=EDGE_CURVE('',#4165,#4163,#2675,.T.);
#5106=EDGE_CURVE('',#4166,#4164,#2676,.T.);
#5107=EDGE_CURVE('',#4165,#4166,#2677,.T.);
#5108=EDGE_CURVE('',#4160,#4165,#2678,.T.);
#5109=EDGE_CURVE('',#4161,#4166,#2679,.T.);
#5110=EDGE_CURVE('',#4167,#4167,#251,.T.);
#5111=EDGE_CURVE('',#4167,#4168,#2680,.T.);
#5112=EDGE_CURVE('',#4168,#4168,#252,.T.);
#5113=EDGE_CURVE('',#4169,#4169,#253,.T.);
#5114=EDGE_CURVE('',#4169,#4170,#2681,.T.);
#5115=EDGE_CURVE('',#4170,#4170,#254,.T.);
#5116=EDGE_CURVE('',#4171,#4171,#255,.T.);
#5117=EDGE_CURVE('',#4171,#4172,#2682,.T.);
#5118=EDGE_CURVE('',#4172,#4172,#256,.T.);
#5119=EDGE_CURVE('',#4173,#4173,#257,.T.);
#5120=EDGE_CURVE('',#4173,#4174,#2683,.T.);
#5121=EDGE_CURVE('',#4174,#4174,#258,.T.);
#5122=EDGE_CURVE('',#4175,#4175,#259,.T.);
#5123=EDGE_CURVE('',#4175,#4176,#2684,.T.);
#5124=EDGE_CURVE('',#4176,#4176,#260,.T.);
#5125=EDGE_CURVE('',#4177,#4177,#261,.T.);
#5126=EDGE_CURVE('',#4177,#4178,#2685,.T.);
#5127=EDGE_CURVE('',#4178,#4178,#262,.T.);
#5128=EDGE_CURVE('',#4179,#4179,#263,.T.);
#5129=EDGE_CURVE('',#4179,#4180,#2686,.T.);
#5130=EDGE_CURVE('',#4180,#4180,#264,.T.);
#5131=EDGE_CURVE('',#4181,#4181,#265,.T.);
#5132=EDGE_CURVE('',#4181,#4182,#2687,.T.);
#5133=EDGE_CURVE('',#4182,#4182,#266,.T.);
#5134=EDGE_CURVE('',#4183,#4183,#267,.T.);
#5135=EDGE_CURVE('',#4183,#4184,#2688,.T.);
#5136=EDGE_CURVE('',#4184,#4184,#268,.T.);
#5137=EDGE_CURVE('',#4185,#4186,#2689,.T.);
#5138=EDGE_CURVE('',#4185,#4187,#2690,.T.);
#5139=EDGE_CURVE('',#4188,#4187,#2691,.T.);
#5140=EDGE_CURVE('',#4186,#4188,#2692,.T.);
#5141=EDGE_CURVE('',#4189,#4185,#2693,.T.);
#5142=EDGE_CURVE('',#4189,#4190,#2694,.T.);
#5143=EDGE_CURVE('',#4187,#4190,#2695,.T.);
#5144=EDGE_CURVE('',#4191,#4189,#2696,.T.);
#5145=EDGE_CURVE('',#4191,#4192,#2697,.T.);
#5146=EDGE_CURVE('',#4190,#4192,#2698,.T.);
#5147=EDGE_CURVE('',#4186,#4191,#2699,.T.);
#5148=EDGE_CURVE('',#4192,#4188,#2700,.T.);
#5149=EDGE_CURVE('',#4193,#4193,#269,.T.);
#5150=EDGE_CURVE('',#4193,#4194,#2701,.T.);
#5151=EDGE_CURVE('',#4194,#4194,#270,.T.);
#5152=EDGE_CURVE('',#4195,#4196,#2702,.T.);
#5153=EDGE_CURVE('',#4195,#4197,#2703,.T.);
#5154=EDGE_CURVE('',#4198,#4197,#2704,.T.);
#5155=EDGE_CURVE('',#4196,#4198,#2705,.T.);
#5156=EDGE_CURVE('',#4199,#4195,#2706,.T.);
#5157=EDGE_CURVE('',#4199,#4200,#2707,.T.);
#5158=EDGE_CURVE('',#4197,#4200,#2708,.T.);
#5159=EDGE_CURVE('',#4201,#4199,#2709,.T.);
#5160=EDGE_CURVE('',#4201,#4202,#2710,.T.);
#5161=EDGE_CURVE('',#4200,#4202,#2711,.T.);
#5162=EDGE_CURVE('',#4196,#4201,#2712,.T.);
#5163=EDGE_CURVE('',#4202,#4198,#2713,.T.);
#5164=EDGE_CURVE('',#4203,#4203,#271,.T.);
#5165=EDGE_CURVE('',#4203,#4204,#2714,.T.);
#5166=EDGE_CURVE('',#4204,#4204,#272,.T.);
#5167=EDGE_CURVE('',#4205,#4206,#2715,.T.);
#5168=EDGE_CURVE('',#4205,#4207,#2716,.T.);
#5169=EDGE_CURVE('',#4208,#4207,#2717,.T.);
#5170=EDGE_CURVE('',#4206,#4208,#2718,.T.);
#5171=EDGE_CURVE('',#4209,#4205,#2719,.T.);
#5172=EDGE_CURVE('',#4209,#4210,#2720,.T.);
#5173=EDGE_CURVE('',#4207,#4210,#2721,.T.);
#5174=EDGE_CURVE('',#4211,#4209,#2722,.T.);
#5175=EDGE_CURVE('',#4211,#4212,#2723,.T.);
#5176=EDGE_CURVE('',#4210,#4212,#2724,.T.);
#5177=EDGE_CURVE('',#4206,#4211,#2725,.T.);
#5178=EDGE_CURVE('',#4212,#4208,#2726,.T.);
#5179=EDGE_CURVE('',#4213,#4213,#273,.T.);
#5180=EDGE_CURVE('',#4213,#4214,#2727,.T.);
#5181=EDGE_CURVE('',#4214,#4214,#274,.T.);
#5182=EDGE_CURVE('',#4215,#4216,#2728,.T.);
#5183=EDGE_CURVE('',#4215,#4217,#2729,.T.);
#5184=EDGE_CURVE('',#4218,#4217,#2730,.T.);
#5185=EDGE_CURVE('',#4216,#4218,#2731,.T.);
#5186=EDGE_CURVE('',#4219,#4215,#2732,.T.);
#5187=EDGE_CURVE('',#4219,#4220,#2733,.T.);
#5188=EDGE_CURVE('',#4217,#4220,#2734,.T.);
#5189=EDGE_CURVE('',#4221,#4219,#2735,.T.);
#5190=EDGE_CURVE('',#4221,#4222,#2736,.T.);
#5191=EDGE_CURVE('',#4220,#4222,#2737,.T.);
#5192=EDGE_CURVE('',#4216,#4221,#2738,.T.);
#5193=EDGE_CURVE('',#4222,#4218,#2739,.T.);
#5194=EDGE_CURVE('',#4223,#4223,#275,.T.);
#5195=EDGE_CURVE('',#4223,#4224,#2740,.T.);
#5196=EDGE_CURVE('',#4224,#4224,#276,.T.);
#5197=EDGE_CURVE('',#4225,#4225,#277,.T.);
#5198=EDGE_CURVE('',#4225,#4226,#2741,.T.);
#5199=EDGE_CURVE('',#4226,#4226,#278,.T.);
#5200=EDGE_CURVE('',#4227,#4227,#279,.T.);
#5201=EDGE_CURVE('',#4227,#4228,#2742,.T.);
#5202=EDGE_CURVE('',#4228,#4228,#280,.T.);
#5203=EDGE_CURVE('',#4229,#4229,#281,.T.);
#5204=EDGE_CURVE('',#4229,#4230,#2743,.T.);
#5205=EDGE_CURVE('',#4230,#4230,#282,.T.);
#5206=EDGE_CURVE('',#4231,#4232,#2744,.T.);
#5207=EDGE_CURVE('',#4232,#4233,#2745,.T.);
#5208=EDGE_CURVE('',#4234,#4233,#2746,.T.);
#5209=EDGE_CURVE('',#4231,#4234,#2747,.T.);
#5210=EDGE_CURVE('',#4235,#4231,#2748,.T.);
#5211=EDGE_CURVE('',#4236,#4234,#2749,.T.);
#5212=EDGE_CURVE('',#4235,#4236,#2750,.T.);
#5213=EDGE_CURVE('',#4237,#4235,#2751,.T.);
#5214=EDGE_CURVE('',#4238,#4236,#2752,.T.);
#5215=EDGE_CURVE('',#4237,#4238,#2753,.T.);
#5216=EDGE_CURVE('',#4232,#4237,#2754,.T.);
#5217=EDGE_CURVE('',#4233,#4238,#2755,.T.);
#5218=EDGE_CURVE('',#4239,#4239,#283,.T.);
#5219=EDGE_CURVE('',#4239,#4240,#2756,.T.);
#5220=EDGE_CURVE('',#4240,#4240,#284,.T.);
#5221=EDGE_CURVE('',#4241,#4242,#2757,.T.);
#5222=EDGE_CURVE('',#4242,#4243,#2758,.T.);
#5223=EDGE_CURVE('',#4244,#4243,#2759,.T.);
#5224=EDGE_CURVE('',#4241,#4244,#2760,.T.);
#5225=EDGE_CURVE('',#4245,#4241,#2761,.T.);
#5226=EDGE_CURVE('',#4246,#4244,#2762,.T.);
#5227=EDGE_CURVE('',#4245,#4246,#2763,.T.);
#5228=EDGE_CURVE('',#4247,#4245,#2764,.T.);
#5229=EDGE_CURVE('',#4248,#4246,#2765,.T.);
#5230=EDGE_CURVE('',#4247,#4248,#2766,.T.);
#5231=EDGE_CURVE('',#4242,#4247,#2767,.T.);
#5232=EDGE_CURVE('',#4243,#4248,#2768,.T.);
#5233=EDGE_CURVE('',#4249,#4250,#2769,.T.);
#5234=EDGE_CURVE('',#4250,#4251,#2770,.T.);
#5235=EDGE_CURVE('',#4252,#4251,#2771,.T.);
#5236=EDGE_CURVE('',#4249,#4252,#2772,.T.);
#5237=EDGE_CURVE('',#4253,#4249,#2773,.T.);
#5238=EDGE_CURVE('',#4254,#4252,#2774,.T.);
#5239=EDGE_CURVE('',#4253,#4254,#2775,.T.);
#5240=EDGE_CURVE('',#4255,#4253,#2776,.T.);
#5241=EDGE_CURVE('',#4256,#4254,#2777,.T.);
#5242=EDGE_CURVE('',#4255,#4256,#2778,.T.);
#5243=EDGE_CURVE('',#4250,#4255,#2779,.T.);
#5244=EDGE_CURVE('',#4251,#4256,#2780,.T.);
#5245=EDGE_CURVE('',#4257,#4258,#2781,.T.);
#5246=EDGE_CURVE('',#4258,#4259,#2782,.T.);
#5247=EDGE_CURVE('',#4260,#4259,#2783,.T.);
#5248=EDGE_CURVE('',#4257,#4260,#2784,.T.);
#5249=EDGE_CURVE('',#4261,#4257,#2785,.T.);
#5250=EDGE_CURVE('',#4262,#4260,#2786,.T.);
#5251=EDGE_CURVE('',#4261,#4262,#2787,.T.);
#5252=EDGE_CURVE('',#4263,#4261,#2788,.T.);
#5253=EDGE_CURVE('',#4264,#4262,#2789,.T.);
#5254=EDGE_CURVE('',#4263,#4264,#2790,.T.);
#5255=EDGE_CURVE('',#4258,#4263,#2791,.T.);
#5256=EDGE_CURVE('',#4259,#4264,#2792,.T.);
#5257=EDGE_CURVE('',#4265,#4265,#285,.T.);
#5258=EDGE_CURVE('',#4265,#4266,#2793,.T.);
#5259=EDGE_CURVE('',#4266,#4266,#286,.T.);
#5260=EDGE_CURVE('',#4267,#4267,#287,.T.);
#5261=EDGE_CURVE('',#4267,#4268,#2794,.T.);
#5262=EDGE_CURVE('',#4268,#4268,#288,.T.);
#5263=EDGE_CURVE('',#4269,#4270,#2795,.T.);
#5264=EDGE_CURVE('',#4270,#4271,#2796,.T.);
#5265=EDGE_CURVE('',#4272,#4271,#2797,.T.);
#5266=EDGE_CURVE('',#4269,#4272,#2798,.T.);
#5267=EDGE_CURVE('',#4273,#4269,#2799,.T.);
#5268=EDGE_CURVE('',#4274,#4272,#2800,.T.);
#5269=EDGE_CURVE('',#4273,#4274,#2801,.T.);
#5270=EDGE_CURVE('',#4275,#4273,#2802,.T.);
#5271=EDGE_CURVE('',#4276,#4274,#2803,.T.);
#5272=EDGE_CURVE('',#4275,#4276,#2804,.T.);
#5273=EDGE_CURVE('',#4270,#4275,#2805,.T.);
#5274=EDGE_CURVE('',#4271,#4276,#2806,.T.);
#5275=EDGE_CURVE('',#4277,#4278,#2807,.T.);
#5276=EDGE_CURVE('',#4278,#4279,#2808,.T.);
#5277=EDGE_CURVE('',#4280,#4279,#2809,.T.);
#5278=EDGE_CURVE('',#4277,#4280,#2810,.T.);
#5279=EDGE_CURVE('',#4281,#4277,#2811,.T.);
#5280=EDGE_CURVE('',#4282,#4280,#2812,.T.);
#5281=EDGE_CURVE('',#4281,#4282,#2813,.T.);
#5282=EDGE_CURVE('',#4283,#4281,#2814,.T.);
#5283=EDGE_CURVE('',#4284,#4282,#2815,.T.);
#5284=EDGE_CURVE('',#4283,#4284,#2816,.T.);
#5285=EDGE_CURVE('',#4278,#4283,#2817,.T.);
#5286=EDGE_CURVE('',#4279,#4284,#2818,.T.);
#5287=EDGE_CURVE('',#4285,#4285,#289,.T.);
#5288=EDGE_CURVE('',#4285,#4286,#2819,.T.);
#5289=EDGE_CURVE('',#4286,#4286,#290,.T.);
#5290=EDGE_CURVE('',#4287,#4287,#291,.T.);
#5291=EDGE_CURVE('',#4287,#4288,#2820,.T.);
#5292=EDGE_CURVE('',#4288,#4288,#292,.T.);
#5293=EDGE_CURVE('',#4289,#4290,#2821,.T.);
#5294=EDGE_CURVE('',#4290,#4291,#2822,.T.);
#5295=EDGE_CURVE('',#4292,#4291,#2823,.T.);
#5296=EDGE_CURVE('',#4289,#4292,#2824,.T.);
#5297=EDGE_CURVE('',#4293,#4289,#2825,.T.);
#5298=EDGE_CURVE('',#4294,#4292,#2826,.T.);
#5299=EDGE_CURVE('',#4293,#4294,#2827,.T.);
#5300=EDGE_CURVE('',#4295,#4293,#2828,.T.);
#5301=EDGE_CURVE('',#4296,#4294,#2829,.T.);
#5302=EDGE_CURVE('',#4295,#4296,#2830,.T.);
#5303=EDGE_CURVE('',#4290,#4295,#2831,.T.);
#5304=EDGE_CURVE('',#4291,#4296,#2832,.T.);
#5305=EDGE_CURVE('',#4297,#4298,#2833,.T.);
#5306=EDGE_CURVE('',#4298,#4299,#2834,.T.);
#5307=EDGE_CURVE('',#4300,#4299,#2835,.T.);
#5308=EDGE_CURVE('',#4297,#4300,#2836,.T.);
#5309=EDGE_CURVE('',#4301,#4297,#2837,.T.);
#5310=EDGE_CURVE('',#4302,#4300,#2838,.T.);
#5311=EDGE_CURVE('',#4301,#4302,#2839,.T.);
#5312=EDGE_CURVE('',#4303,#4301,#2840,.T.);
#5313=EDGE_CURVE('',#4304,#4302,#2841,.T.);
#5314=EDGE_CURVE('',#4303,#4304,#2842,.T.);
#5315=EDGE_CURVE('',#4298,#4303,#2843,.T.);
#5316=EDGE_CURVE('',#4299,#4304,#2844,.T.);
#5317=EDGE_CURVE('',#4305,#4305,#293,.T.);
#5318=EDGE_CURVE('',#4305,#4306,#2845,.T.);
#5319=EDGE_CURVE('',#4306,#4306,#294,.T.);
#5320=EDGE_CURVE('',#4307,#4307,#295,.T.);
#5321=EDGE_CURVE('',#4307,#4308,#2846,.T.);
#5322=EDGE_CURVE('',#4308,#4308,#296,.T.);
#5323=EDGE_CURVE('',#4309,#4310,#2847,.T.);
#5324=EDGE_CURVE('',#4310,#4311,#2848,.T.);
#5325=EDGE_CURVE('',#4312,#4311,#2849,.T.);
#5326=EDGE_CURVE('',#4309,#4312,#2850,.T.);
#5327=EDGE_CURVE('',#4313,#4309,#2851,.T.);
#5328=EDGE_CURVE('',#4314,#4312,#2852,.T.);
#5329=EDGE_CURVE('',#4313,#4314,#2853,.T.);
#5330=EDGE_CURVE('',#4315,#4313,#2854,.T.);
#5331=EDGE_CURVE('',#4316,#4314,#2855,.T.);
#5332=EDGE_CURVE('',#4315,#4316,#2856,.T.);
#5333=EDGE_CURVE('',#4310,#4315,#2857,.T.);
#5334=EDGE_CURVE('',#4311,#4316,#2858,.T.);
#5335=EDGE_CURVE('',#4317,#4318,#2859,.T.);
#5336=EDGE_CURVE('',#4318,#4319,#2860,.T.);
#5337=EDGE_CURVE('',#4320,#4319,#2861,.T.);
#5338=EDGE_CURVE('',#4317,#4320,#2862,.T.);
#5339=EDGE_CURVE('',#4321,#4317,#2863,.T.);
#5340=EDGE_CURVE('',#4322,#4320,#2864,.T.);
#5341=EDGE_CURVE('',#4321,#4322,#2865,.T.);
#5342=EDGE_CURVE('',#4323,#4321,#2866,.T.);
#5343=EDGE_CURVE('',#4324,#4322,#2867,.T.);
#5344=EDGE_CURVE('',#4323,#4324,#2868,.T.);
#5345=EDGE_CURVE('',#4318,#4323,#2869,.T.);
#5346=EDGE_CURVE('',#4319,#4324,#2870,.T.);
#5347=EDGE_CURVE('',#4325,#4325,#297,.T.);
#5348=EDGE_CURVE('',#4325,#4326,#2871,.T.);
#5349=EDGE_CURVE('',#4326,#4326,#298,.T.);
#5350=EDGE_CURVE('',#4327,#4327,#299,.T.);
#5351=EDGE_CURVE('',#4327,#4328,#2872,.T.);
#5352=EDGE_CURVE('',#4328,#4328,#300,.T.);
#5353=EDGE_CURVE('',#4329,#4329,#301,.T.);
#5354=EDGE_CURVE('',#4329,#4330,#2873,.T.);
#5355=EDGE_CURVE('',#4330,#4330,#302,.T.);
#5356=EDGE_CURVE('',#4331,#4331,#303,.T.);
#5357=EDGE_CURVE('',#4331,#4332,#2874,.T.);
#5358=EDGE_CURVE('',#4332,#4332,#304,.T.);
#5359=EDGE_CURVE('',#4333,#4333,#305,.T.);
#5360=EDGE_CURVE('',#4333,#4334,#2875,.T.);
#5361=EDGE_CURVE('',#4334,#4334,#306,.T.);
#5362=EDGE_CURVE('',#4335,#4335,#307,.T.);
#5363=EDGE_CURVE('',#4335,#4336,#2876,.T.);
#5364=EDGE_CURVE('',#4336,#4336,#308,.T.);
#5365=EDGE_CURVE('',#4337,#4337,#309,.T.);
#5366=EDGE_CURVE('',#4337,#4338,#2877,.T.);
#5367=EDGE_CURVE('',#4338,#4338,#310,.T.);
#5368=EDGE_CURVE('',#4339,#4339,#311,.T.);
#5369=EDGE_CURVE('',#4339,#4340,#2878,.T.);
#5370=EDGE_CURVE('',#4340,#4340,#312,.T.);
#5371=EDGE_CURVE('',#4341,#4342,#2879,.T.);
#5372=EDGE_CURVE('',#4342,#4343,#2880,.T.);
#5373=EDGE_CURVE('',#4344,#4343,#2881,.T.);
#5374=EDGE_CURVE('',#4341,#4344,#2882,.T.);
#5375=EDGE_CURVE('',#4345,#4341,#2883,.T.);
#5376=EDGE_CURVE('',#4346,#4344,#2884,.T.);
#5377=EDGE_CURVE('',#4345,#4346,#2885,.T.);
#5378=EDGE_CURVE('',#4347,#4345,#2886,.T.);
#5379=EDGE_CURVE('',#4348,#4346,#2887,.T.);
#5380=EDGE_CURVE('',#4347,#4348,#2888,.T.);
#5381=EDGE_CURVE('',#4342,#4347,#2889,.T.);
#5382=EDGE_CURVE('',#4343,#4348,#2890,.T.);
#5383=EDGE_CURVE('',#4349,#4350,#2891,.T.);
#5384=EDGE_CURVE('',#4350,#4351,#2892,.T.);
#5385=EDGE_CURVE('',#4352,#4351,#2893,.T.);
#5386=EDGE_CURVE('',#4349,#4352,#2894,.T.);
#5387=EDGE_CURVE('',#4353,#4349,#2895,.T.);
#5388=EDGE_CURVE('',#4354,#4352,#2896,.T.);
#5389=EDGE_CURVE('',#4353,#4354,#2897,.T.);
#5390=EDGE_CURVE('',#4355,#4353,#2898,.T.);
#5391=EDGE_CURVE('',#4356,#4354,#2899,.T.);
#5392=EDGE_CURVE('',#4355,#4356,#2900,.T.);
#5393=EDGE_CURVE('',#4350,#4355,#2901,.T.);
#5394=EDGE_CURVE('',#4351,#4356,#2902,.T.);
#5395=EDGE_CURVE('',#4357,#4358,#2903,.T.);
#5396=EDGE_CURVE('',#4358,#4359,#2904,.T.);
#5397=EDGE_CURVE('',#4360,#4359,#2905,.T.);
#5398=EDGE_CURVE('',#4357,#4360,#2906,.T.);
#5399=EDGE_CURVE('',#4361,#4357,#2907,.T.);
#5400=EDGE_CURVE('',#4362,#4360,#2908,.T.);
#5401=EDGE_CURVE('',#4361,#4362,#2909,.T.);
#5402=EDGE_CURVE('',#4363,#4361,#2910,.T.);
#5403=EDGE_CURVE('',#4364,#4362,#2911,.T.);
#5404=EDGE_CURVE('',#4363,#4364,#2912,.T.);
#5405=EDGE_CURVE('',#4358,#4363,#2913,.T.);
#5406=EDGE_CURVE('',#4359,#4364,#2914,.T.);
#5407=EDGE_CURVE('',#4365,#4365,#313,.T.);
#5408=EDGE_CURVE('',#4365,#4366,#2915,.T.);
#5409=EDGE_CURVE('',#4366,#4366,#314,.T.);
#5410=EDGE_CURVE('',#4367,#4368,#2916,.T.);
#5411=EDGE_CURVE('',#4368,#4369,#2917,.T.);
#5412=EDGE_CURVE('',#4370,#4369,#2918,.T.);
#5413=EDGE_CURVE('',#4367,#4370,#2919,.T.);
#5414=EDGE_CURVE('',#4371,#4367,#2920,.T.);
#5415=EDGE_CURVE('',#4372,#4370,#2921,.T.);
#5416=EDGE_CURVE('',#4371,#4372,#2922,.T.);
#5417=EDGE_CURVE('',#4373,#4371,#2923,.T.);
#5418=EDGE_CURVE('',#4374,#4372,#2924,.T.);
#5419=EDGE_CURVE('',#4373,#4374,#2925,.T.);
#5420=EDGE_CURVE('',#4368,#4373,#2926,.T.);
#5421=EDGE_CURVE('',#4369,#4374,#2927,.T.);
#5422=EDGE_CURVE('',#4375,#4375,#315,.T.);
#5423=EDGE_CURVE('',#4375,#4376,#2928,.T.);
#5424=EDGE_CURVE('',#4376,#4376,#316,.T.);
#5425=EDGE_CURVE('',#4377,#4378,#2929,.T.);
#5426=EDGE_CURVE('',#4378,#4379,#2930,.T.);
#5427=EDGE_CURVE('',#4380,#4379,#2931,.T.);
#5428=EDGE_CURVE('',#4377,#4380,#2932,.T.);
#5429=EDGE_CURVE('',#4381,#4377,#2933,.T.);
#5430=EDGE_CURVE('',#4382,#4380,#2934,.T.);
#5431=EDGE_CURVE('',#4381,#4382,#2935,.T.);
#5432=EDGE_CURVE('',#4383,#4381,#2936,.T.);
#5433=EDGE_CURVE('',#4384,#4382,#2937,.T.);
#5434=EDGE_CURVE('',#4383,#4384,#2938,.T.);
#5435=EDGE_CURVE('',#4378,#4383,#2939,.T.);
#5436=EDGE_CURVE('',#4379,#4384,#2940,.T.);
#5437=EDGE_CURVE('',#4385,#4385,#317,.T.);
#5438=EDGE_CURVE('',#4385,#4386,#2941,.T.);
#5439=EDGE_CURVE('',#4386,#4386,#318,.T.);
#5440=EDGE_CURVE('',#4387,#4387,#319,.T.);
#5441=EDGE_CURVE('',#4387,#4388,#2942,.T.);
#5442=EDGE_CURVE('',#4388,#4388,#320,.T.);
#5443=EDGE_CURVE('',#4389,#4389,#321,.T.);
#5444=EDGE_CURVE('',#4389,#4390,#2943,.T.);
#5445=EDGE_CURVE('',#4390,#4390,#322,.T.);
#5446=EDGE_CURVE('',#4391,#4391,#323,.T.);
#5447=EDGE_CURVE('',#4391,#4392,#2944,.T.);
#5448=EDGE_CURVE('',#4392,#4392,#324,.T.);
#5449=ORIENTED_EDGE('',*,*,#4393,.F.);
#5450=ORIENTED_EDGE('',*,*,#4394,.T.);
#5451=ORIENTED_EDGE('',*,*,#4395,.T.);
#5452=ORIENTED_EDGE('',*,*,#4396,.F.);
#5453=ORIENTED_EDGE('',*,*,#4397,.F.);
#5454=ORIENTED_EDGE('',*,*,#4398,.T.);
#5455=ORIENTED_EDGE('',*,*,#4399,.T.);
#5456=ORIENTED_EDGE('',*,*,#4394,.F.);
#5457=ORIENTED_EDGE('',*,*,#4400,.F.);
#5458=ORIENTED_EDGE('',*,*,#4401,.T.);
#5459=ORIENTED_EDGE('',*,*,#4402,.T.);
#5460=ORIENTED_EDGE('',*,*,#4398,.F.);
#5461=ORIENTED_EDGE('',*,*,#4403,.F.);
#5462=ORIENTED_EDGE('',*,*,#4396,.T.);
#5463=ORIENTED_EDGE('',*,*,#4404,.T.);
#5464=ORIENTED_EDGE('',*,*,#4401,.F.);
#5465=ORIENTED_EDGE('',*,*,#4404,.F.);
#5466=ORIENTED_EDGE('',*,*,#4395,.F.);
#5467=ORIENTED_EDGE('',*,*,#4399,.F.);
#5468=ORIENTED_EDGE('',*,*,#4402,.F.);
#5469=ORIENTED_EDGE('',*,*,#4405,.F.);
#5470=ORIENTED_EDGE('',*,*,#4406,.T.);
#5471=ORIENTED_EDGE('',*,*,#4407,.F.);
#5472=ORIENTED_EDGE('',*,*,#4408,.F.);
#5473=ORIENTED_EDGE('',*,*,#4409,.F.);
#5474=ORIENTED_EDGE('',*,*,#4408,.T.);
#5475=ORIENTED_EDGE('',*,*,#4410,.F.);
#5476=ORIENTED_EDGE('',*,*,#4411,.F.);
#5477=ORIENTED_EDGE('',*,*,#4412,.F.);
#5478=ORIENTED_EDGE('',*,*,#4411,.T.);
#5479=ORIENTED_EDGE('',*,*,#4413,.F.);
#5480=ORIENTED_EDGE('',*,*,#4414,.F.);
#5481=ORIENTED_EDGE('',*,*,#4415,.F.);
#5482=ORIENTED_EDGE('',*,*,#4414,.T.);
#5483=ORIENTED_EDGE('',*,*,#4416,.F.);
#5484=ORIENTED_EDGE('',*,*,#4406,.F.);
#5485=ORIENTED_EDGE('',*,*,#4415,.T.);
#5486=ORIENTED_EDGE('',*,*,#4405,.T.);
#5487=ORIENTED_EDGE('',*,*,#4409,.T.);
#5488=ORIENTED_EDGE('',*,*,#4412,.T.);
#5489=ORIENTED_EDGE('',*,*,#4393,.T.);
#5490=ORIENTED_EDGE('',*,*,#4403,.T.);
#5491=ORIENTED_EDGE('',*,*,#4400,.T.);
#5492=ORIENTED_EDGE('',*,*,#4397,.T.);
#5493=ORIENTED_EDGE('',*,*,#4416,.T.);
#5494=ORIENTED_EDGE('',*,*,#4413,.T.);
#5495=ORIENTED_EDGE('',*,*,#4410,.T.);
#5496=ORIENTED_EDGE('',*,*,#4407,.T.);
#5497=ORIENTED_EDGE('',*,*,#4417,.F.);
#5498=ORIENTED_EDGE('',*,*,#4418,.T.);
#5499=ORIENTED_EDGE('',*,*,#4419,.F.);
#5500=ORIENTED_EDGE('',*,*,#4420,.F.);
#5501=ORIENTED_EDGE('',*,*,#4421,.F.);
#5502=ORIENTED_EDGE('',*,*,#4420,.T.);
#5503=ORIENTED_EDGE('',*,*,#4422,.F.);
#5504=ORIENTED_EDGE('',*,*,#4423,.F.);
#5505=ORIENTED_EDGE('',*,*,#4424,.F.);
#5506=ORIENTED_EDGE('',*,*,#4423,.T.);
#5507=ORIENTED_EDGE('',*,*,#4425,.F.);
#5508=ORIENTED_EDGE('',*,*,#4426,.F.);
#5509=ORIENTED_EDGE('',*,*,#4427,.F.);
#5510=ORIENTED_EDGE('',*,*,#4426,.T.);
#5511=ORIENTED_EDGE('',*,*,#4428,.F.);
#5512=ORIENTED_EDGE('',*,*,#4418,.F.);
#5513=ORIENTED_EDGE('',*,*,#4427,.T.);
#5514=ORIENTED_EDGE('',*,*,#4417,.T.);
#5515=ORIENTED_EDGE('',*,*,#4421,.T.);
#5516=ORIENTED_EDGE('',*,*,#4424,.T.);
#5517=ORIENTED_EDGE('',*,*,#4428,.T.);
#5518=ORIENTED_EDGE('',*,*,#4425,.T.);
#5519=ORIENTED_EDGE('',*,*,#4422,.T.);
#5520=ORIENTED_EDGE('',*,*,#4419,.T.);
#5521=ORIENTED_EDGE('',*,*,#4429,.F.);
#5522=ORIENTED_EDGE('',*,*,#4430,.T.);
#5523=ORIENTED_EDGE('',*,*,#4431,.F.);
#5524=ORIENTED_EDGE('',*,*,#4432,.F.);
#5525=ORIENTED_EDGE('',*,*,#4433,.F.);
#5526=ORIENTED_EDGE('',*,*,#4432,.T.);
#5527=ORIENTED_EDGE('',*,*,#4434,.F.);
#5528=ORIENTED_EDGE('',*,*,#4435,.F.);
#5529=ORIENTED_EDGE('',*,*,#4436,.F.);
#5530=ORIENTED_EDGE('',*,*,#4435,.T.);
#5531=ORIENTED_EDGE('',*,*,#4437,.F.);
#5532=ORIENTED_EDGE('',*,*,#4438,.F.);
#5533=ORIENTED_EDGE('',*,*,#4439,.F.);
#5534=ORIENTED_EDGE('',*,*,#4438,.T.);
#5535=ORIENTED_EDGE('',*,*,#4440,.F.);
#5536=ORIENTED_EDGE('',*,*,#4430,.F.);
#5537=ORIENTED_EDGE('',*,*,#4439,.T.);
#5538=ORIENTED_EDGE('',*,*,#4429,.T.);
#5539=ORIENTED_EDGE('',*,*,#4433,.T.);
#5540=ORIENTED_EDGE('',*,*,#4436,.T.);
#5541=ORIENTED_EDGE('',*,*,#4440,.T.);
#5542=ORIENTED_EDGE('',*,*,#4437,.T.);
#5543=ORIENTED_EDGE('',*,*,#4434,.T.);
#5544=ORIENTED_EDGE('',*,*,#4431,.T.);
#5545=ORIENTED_EDGE('',*,*,#4441,.F.);
#5546=ORIENTED_EDGE('',*,*,#4442,.T.);
#5547=ORIENTED_EDGE('',*,*,#4443,.F.);
#5548=ORIENTED_EDGE('',*,*,#4442,.F.);
#5549=ORIENTED_EDGE('',*,*,#4444,.F.);
#5550=ORIENTED_EDGE('',*,*,#4445,.T.);
#5551=ORIENTED_EDGE('',*,*,#4446,.F.);
#5552=ORIENTED_EDGE('',*,*,#4445,.F.);
#5553=ORIENTED_EDGE('',*,*,#4447,.F.);
#5554=ORIENTED_EDGE('',*,*,#4448,.T.);
#5555=ORIENTED_EDGE('',*,*,#4449,.F.);
#5556=ORIENTED_EDGE('',*,*,#4448,.F.);
#5557=ORIENTED_EDGE('',*,*,#4450,.F.);
#5558=ORIENTED_EDGE('',*,*,#4451,.T.);
#5559=ORIENTED_EDGE('',*,*,#4452,.F.);
#5560=ORIENTED_EDGE('',*,*,#4451,.F.);
#5561=ORIENTED_EDGE('',*,*,#4453,.F.);
#5562=ORIENTED_EDGE('',*,*,#4454,.T.);
#5563=ORIENTED_EDGE('',*,*,#4455,.F.);
#5564=ORIENTED_EDGE('',*,*,#4454,.F.);
#5565=ORIENTED_EDGE('',*,*,#4456,.F.);
#5566=ORIENTED_EDGE('',*,*,#4457,.T.);
#5567=ORIENTED_EDGE('',*,*,#4458,.F.);
#5568=ORIENTED_EDGE('',*,*,#4457,.F.);
#5569=ORIENTED_EDGE('',*,*,#4459,.F.);
#5570=ORIENTED_EDGE('',*,*,#4460,.T.);
#5571=ORIENTED_EDGE('',*,*,#4461,.F.);
#5572=ORIENTED_EDGE('',*,*,#4460,.F.);
#5573=ORIENTED_EDGE('',*,*,#4462,.F.);
#5574=ORIENTED_EDGE('',*,*,#4463,.T.);
#5575=ORIENTED_EDGE('',*,*,#4464,.F.);
#5576=ORIENTED_EDGE('',*,*,#4463,.F.);
#5577=ORIENTED_EDGE('',*,*,#4465,.F.);
#5578=ORIENTED_EDGE('',*,*,#4466,.T.);
#5579=ORIENTED_EDGE('',*,*,#4467,.F.);
#5580=ORIENTED_EDGE('',*,*,#4466,.F.);
#5581=ORIENTED_EDGE('',*,*,#4468,.F.);
#5582=ORIENTED_EDGE('',*,*,#4469,.T.);
#5583=ORIENTED_EDGE('',*,*,#4470,.F.);
#5584=ORIENTED_EDGE('',*,*,#4469,.F.);
#5585=ORIENTED_EDGE('',*,*,#4471,.F.);
#5586=ORIENTED_EDGE('',*,*,#4472,.T.);
#5587=ORIENTED_EDGE('',*,*,#4473,.F.);
#5588=ORIENTED_EDGE('',*,*,#4472,.F.);
#5589=ORIENTED_EDGE('',*,*,#4474,.F.);
#5590=ORIENTED_EDGE('',*,*,#4475,.T.);
#5591=ORIENTED_EDGE('',*,*,#4476,.F.);
#5592=ORIENTED_EDGE('',*,*,#4475,.F.);
#5593=ORIENTED_EDGE('',*,*,#4477,.T.);
#5594=ORIENTED_EDGE('',*,*,#4478,.T.);
#5595=ORIENTED_EDGE('',*,*,#4479,.F.);
#5596=ORIENTED_EDGE('',*,*,#4480,.F.);
#5597=ORIENTED_EDGE('',*,*,#4481,.T.);
#5598=ORIENTED_EDGE('',*,*,#4480,.T.);
#5599=ORIENTED_EDGE('',*,*,#4482,.F.);
#5600=ORIENTED_EDGE('',*,*,#4483,.F.);
#5601=ORIENTED_EDGE('',*,*,#4484,.T.);
#5602=ORIENTED_EDGE('',*,*,#4483,.T.);
#5603=ORIENTED_EDGE('',*,*,#4485,.F.);
#5604=ORIENTED_EDGE('',*,*,#4486,.F.);
#5605=ORIENTED_EDGE('',*,*,#4487,.T.);
#5606=ORIENTED_EDGE('',*,*,#4486,.T.);
#5607=ORIENTED_EDGE('',*,*,#4488,.F.);
#5608=ORIENTED_EDGE('',*,*,#4478,.F.);
#5609=ORIENTED_EDGE('',*,*,#4488,.T.);
#5610=ORIENTED_EDGE('',*,*,#4485,.T.);
#5611=ORIENTED_EDGE('',*,*,#4482,.T.);
#5612=ORIENTED_EDGE('',*,*,#4479,.T.);
#5613=ORIENTED_EDGE('',*,*,#4446,.T.);
#5614=ORIENTED_EDGE('',*,*,#4452,.T.);
#5615=ORIENTED_EDGE('',*,*,#4465,.T.);
#5616=ORIENTED_EDGE('',*,*,#4468,.T.);
#5617=ORIENTED_EDGE('',*,*,#4471,.T.);
#5618=ORIENTED_EDGE('',*,*,#4474,.T.);
#5619=ORIENTED_EDGE('',*,*,#4464,.T.);
#5620=ORIENTED_EDGE('',*,*,#4461,.T.);
#5621=ORIENTED_EDGE('',*,*,#4458,.T.);
#5622=ORIENTED_EDGE('',*,*,#4455,.T.);
#5623=ORIENTED_EDGE('',*,*,#4449,.T.);
#5624=ORIENTED_EDGE('',*,*,#4443,.T.);
#5625=ORIENTED_EDGE('',*,*,#4487,.F.);
#5626=ORIENTED_EDGE('',*,*,#4477,.F.);
#5627=ORIENTED_EDGE('',*,*,#4481,.F.);
#5628=ORIENTED_EDGE('',*,*,#4484,.F.);
#5629=ORIENTED_EDGE('',*,*,#4444,.T.);
#5630=ORIENTED_EDGE('',*,*,#4450,.T.);
#5631=ORIENTED_EDGE('',*,*,#4467,.T.);
#5632=ORIENTED_EDGE('',*,*,#4470,.T.);
#5633=ORIENTED_EDGE('',*,*,#4473,.T.);
#5634=ORIENTED_EDGE('',*,*,#4476,.T.);
#5635=ORIENTED_EDGE('',*,*,#4462,.T.);
#5636=ORIENTED_EDGE('',*,*,#4459,.T.);
#5637=ORIENTED_EDGE('',*,*,#4456,.T.);
#5638=ORIENTED_EDGE('',*,*,#4453,.T.);
#5639=ORIENTED_EDGE('',*,*,#4447,.T.);
#5640=ORIENTED_EDGE('',*,*,#4441,.T.);
#5641=ORIENTED_EDGE('',*,*,#4489,.T.);
#5642=ORIENTED_EDGE('',*,*,#4490,.T.);
#5643=ORIENTED_EDGE('',*,*,#4491,.F.);
#5644=ORIENTED_EDGE('',*,*,#4492,.F.);
#5645=ORIENTED_EDGE('',*,*,#4493,.T.);
#5646=ORIENTED_EDGE('',*,*,#4492,.T.);
#5647=ORIENTED_EDGE('',*,*,#4494,.F.);
#5648=ORIENTED_EDGE('',*,*,#4495,.F.);
#5649=ORIENTED_EDGE('',*,*,#4496,.T.);
#5650=ORIENTED_EDGE('',*,*,#4495,.T.);
#5651=ORIENTED_EDGE('',*,*,#4497,.F.);
#5652=ORIENTED_EDGE('',*,*,#4498,.F.);
#5653=ORIENTED_EDGE('',*,*,#4499,.T.);
#5654=ORIENTED_EDGE('',*,*,#4498,.T.);
#5655=ORIENTED_EDGE('',*,*,#4500,.F.);
#5656=ORIENTED_EDGE('',*,*,#4490,.F.);
#5657=ORIENTED_EDGE('',*,*,#4500,.T.);
#5658=ORIENTED_EDGE('',*,*,#4497,.T.);
#5659=ORIENTED_EDGE('',*,*,#4494,.T.);
#5660=ORIENTED_EDGE('',*,*,#4491,.T.);
#5661=ORIENTED_EDGE('',*,*,#4499,.F.);
#5662=ORIENTED_EDGE('',*,*,#4489,.F.);
#5663=ORIENTED_EDGE('',*,*,#4493,.F.);
#5664=ORIENTED_EDGE('',*,*,#4496,.F.);
#5665=ORIENTED_EDGE('',*,*,#4501,.T.);
#5666=ORIENTED_EDGE('',*,*,#4502,.T.);
#5667=ORIENTED_EDGE('',*,*,#4503,.F.);
#5668=ORIENTED_EDGE('',*,*,#4504,.F.);
#5669=ORIENTED_EDGE('',*,*,#4505,.T.);
#5670=ORIENTED_EDGE('',*,*,#4504,.T.);
#5671=ORIENTED_EDGE('',*,*,#4506,.F.);
#5672=ORIENTED_EDGE('',*,*,#4507,.F.);
#5673=ORIENTED_EDGE('',*,*,#4508,.T.);
#5674=ORIENTED_EDGE('',*,*,#4507,.T.);
#5675=ORIENTED_EDGE('',*,*,#4509,.F.);
#5676=ORIENTED_EDGE('',*,*,#4510,.F.);
#5677=ORIENTED_EDGE('',*,*,#4511,.T.);
#5678=ORIENTED_EDGE('',*,*,#4510,.T.);
#5679=ORIENTED_EDGE('',*,*,#4512,.F.);
#5680=ORIENTED_EDGE('',*,*,#4502,.F.);
#5681=ORIENTED_EDGE('',*,*,#4512,.T.);
#5682=ORIENTED_EDGE('',*,*,#4509,.T.);
#5683=ORIENTED_EDGE('',*,*,#4506,.T.);
#5684=ORIENTED_EDGE('',*,*,#4503,.T.);
#5685=ORIENTED_EDGE('',*,*,#4511,.F.);
#5686=ORIENTED_EDGE('',*,*,#4501,.F.);
#5687=ORIENTED_EDGE('',*,*,#4505,.F.);
#5688=ORIENTED_EDGE('',*,*,#4508,.F.);
#5689=ORIENTED_EDGE('',*,*,#4513,.F.);
#5690=ORIENTED_EDGE('',*,*,#4514,.T.);
#5691=ORIENTED_EDGE('',*,*,#4515,.T.);
#5692=ORIENTED_EDGE('',*,*,#4514,.F.);
#5693=ORIENTED_EDGE('',*,*,#4513,.T.);
#5694=ORIENTED_EDGE('',*,*,#4515,.F.);
#5695=ORIENTED_EDGE('',*,*,#4516,.T.);
#5696=ORIENTED_EDGE('',*,*,#4517,.T.);
#5697=ORIENTED_EDGE('',*,*,#4518,.F.);
#5698=ORIENTED_EDGE('',*,*,#4519,.F.);
#5699=ORIENTED_EDGE('',*,*,#4520,.T.);
#5700=ORIENTED_EDGE('',*,*,#4519,.T.);
#5701=ORIENTED_EDGE('',*,*,#4521,.F.);
#5702=ORIENTED_EDGE('',*,*,#4522,.F.);
#5703=ORIENTED_EDGE('',*,*,#4523,.T.);
#5704=ORIENTED_EDGE('',*,*,#4522,.T.);
#5705=ORIENTED_EDGE('',*,*,#4524,.F.);
#5706=ORIENTED_EDGE('',*,*,#4525,.F.);
#5707=ORIENTED_EDGE('',*,*,#4526,.T.);
#5708=ORIENTED_EDGE('',*,*,#4525,.T.);
#5709=ORIENTED_EDGE('',*,*,#4527,.F.);
#5710=ORIENTED_EDGE('',*,*,#4517,.F.);
#5711=ORIENTED_EDGE('',*,*,#4527,.T.);
#5712=ORIENTED_EDGE('',*,*,#4524,.T.);
#5713=ORIENTED_EDGE('',*,*,#4521,.T.);
#5714=ORIENTED_EDGE('',*,*,#4518,.T.);
#5715=ORIENTED_EDGE('',*,*,#4526,.F.);
#5716=ORIENTED_EDGE('',*,*,#4516,.F.);
#5717=ORIENTED_EDGE('',*,*,#4520,.F.);
#5718=ORIENTED_EDGE('',*,*,#4523,.F.);
#5719=ORIENTED_EDGE('',*,*,#4528,.F.);
#5720=ORIENTED_EDGE('',*,*,#4529,.T.);
#5721=ORIENTED_EDGE('',*,*,#4530,.T.);
#5722=ORIENTED_EDGE('',*,*,#4529,.F.);
#5723=ORIENTED_EDGE('',*,*,#4528,.T.);
#5724=ORIENTED_EDGE('',*,*,#4530,.F.);
#5725=ORIENTED_EDGE('',*,*,#4531,.T.);
#5726=ORIENTED_EDGE('',*,*,#4532,.T.);
#5727=ORIENTED_EDGE('',*,*,#4533,.F.);
#5728=ORIENTED_EDGE('',*,*,#4534,.F.);
#5729=ORIENTED_EDGE('',*,*,#4535,.T.);
#5730=ORIENTED_EDGE('',*,*,#4534,.T.);
#5731=ORIENTED_EDGE('',*,*,#4536,.F.);
#5732=ORIENTED_EDGE('',*,*,#4537,.F.);
#5733=ORIENTED_EDGE('',*,*,#4538,.T.);
#5734=ORIENTED_EDGE('',*,*,#4537,.T.);
#5735=ORIENTED_EDGE('',*,*,#4539,.F.);
#5736=ORIENTED_EDGE('',*,*,#4540,.F.);
#5737=ORIENTED_EDGE('',*,*,#4541,.T.);
#5738=ORIENTED_EDGE('',*,*,#4540,.T.);
#5739=ORIENTED_EDGE('',*,*,#4542,.F.);
#5740=ORIENTED_EDGE('',*,*,#4532,.F.);
#5741=ORIENTED_EDGE('',*,*,#4542,.T.);
#5742=ORIENTED_EDGE('',*,*,#4539,.T.);
#5743=ORIENTED_EDGE('',*,*,#4536,.T.);
#5744=ORIENTED_EDGE('',*,*,#4533,.T.);
#5745=ORIENTED_EDGE('',*,*,#4541,.F.);
#5746=ORIENTED_EDGE('',*,*,#4531,.F.);
#5747=ORIENTED_EDGE('',*,*,#4535,.F.);
#5748=ORIENTED_EDGE('',*,*,#4538,.F.);
#5749=ORIENTED_EDGE('',*,*,#4543,.F.);
#5750=ORIENTED_EDGE('',*,*,#4544,.T.);
#5751=ORIENTED_EDGE('',*,*,#4545,.F.);
#5752=ORIENTED_EDGE('',*,*,#4544,.F.);
#5753=ORIENTED_EDGE('',*,*,#4546,.F.);
#5754=ORIENTED_EDGE('',*,*,#4547,.T.);
#5755=ORIENTED_EDGE('',*,*,#4548,.T.);
#5756=ORIENTED_EDGE('',*,*,#4547,.F.);
#5757=ORIENTED_EDGE('',*,*,#4546,.T.);
#5758=ORIENTED_EDGE('',*,*,#4545,.T.);
#5759=ORIENTED_EDGE('',*,*,#4548,.F.);
#5760=ORIENTED_EDGE('',*,*,#4543,.T.);
#5761=ORIENTED_EDGE('',*,*,#4549,.F.);
#5762=ORIENTED_EDGE('',*,*,#4550,.T.);
#5763=ORIENTED_EDGE('',*,*,#4551,.F.);
#5764=ORIENTED_EDGE('',*,*,#4550,.F.);
#5765=ORIENTED_EDGE('',*,*,#4552,.F.);
#5766=ORIENTED_EDGE('',*,*,#4553,.T.);
#5767=ORIENTED_EDGE('',*,*,#4554,.T.);
#5768=ORIENTED_EDGE('',*,*,#4553,.F.);
#5769=ORIENTED_EDGE('',*,*,#4552,.T.);
#5770=ORIENTED_EDGE('',*,*,#4551,.T.);
#5771=ORIENTED_EDGE('',*,*,#4554,.F.);
#5772=ORIENTED_EDGE('',*,*,#4549,.T.);
#5773=ORIENTED_EDGE('',*,*,#4555,.F.);
#5774=ORIENTED_EDGE('',*,*,#4556,.T.);
#5775=ORIENTED_EDGE('',*,*,#4557,.F.);
#5776=ORIENTED_EDGE('',*,*,#4556,.F.);
#5777=ORIENTED_EDGE('',*,*,#4558,.F.);
#5778=ORIENTED_EDGE('',*,*,#4559,.T.);
#5779=ORIENTED_EDGE('',*,*,#4560,.T.);
#5780=ORIENTED_EDGE('',*,*,#4559,.F.);
#5781=ORIENTED_EDGE('',*,*,#4558,.T.);
#5782=ORIENTED_EDGE('',*,*,#4557,.T.);
#5783=ORIENTED_EDGE('',*,*,#4560,.F.);
#5784=ORIENTED_EDGE('',*,*,#4555,.T.);
#5785=ORIENTED_EDGE('',*,*,#4561,.F.);
#5786=ORIENTED_EDGE('',*,*,#4562,.T.);
#5787=ORIENTED_EDGE('',*,*,#4563,.F.);
#5788=ORIENTED_EDGE('',*,*,#4562,.F.);
#5789=ORIENTED_EDGE('',*,*,#4564,.F.);
#5790=ORIENTED_EDGE('',*,*,#4565,.T.);
#5791=ORIENTED_EDGE('',*,*,#4566,.T.);
#5792=ORIENTED_EDGE('',*,*,#4565,.F.);
#5793=ORIENTED_EDGE('',*,*,#4564,.T.);
#5794=ORIENTED_EDGE('',*,*,#4563,.T.);
#5795=ORIENTED_EDGE('',*,*,#4566,.F.);
#5796=ORIENTED_EDGE('',*,*,#4561,.T.);
#5797=ORIENTED_EDGE('',*,*,#4567,.F.);
#5798=ORIENTED_EDGE('',*,*,#4568,.T.);
#5799=ORIENTED_EDGE('',*,*,#4569,.F.);
#5800=ORIENTED_EDGE('',*,*,#4568,.F.);
#5801=ORIENTED_EDGE('',*,*,#4570,.F.);
#5802=ORIENTED_EDGE('',*,*,#4571,.T.);
#5803=ORIENTED_EDGE('',*,*,#4572,.T.);
#5804=ORIENTED_EDGE('',*,*,#4571,.F.);
#5805=ORIENTED_EDGE('',*,*,#4570,.T.);
#5806=ORIENTED_EDGE('',*,*,#4569,.T.);
#5807=ORIENTED_EDGE('',*,*,#4572,.F.);
#5808=ORIENTED_EDGE('',*,*,#4567,.T.);
#5809=ORIENTED_EDGE('',*,*,#4573,.F.);
#5810=ORIENTED_EDGE('',*,*,#4574,.T.);
#5811=ORIENTED_EDGE('',*,*,#4575,.F.);
#5812=ORIENTED_EDGE('',*,*,#4574,.F.);
#5813=ORIENTED_EDGE('',*,*,#4576,.F.);
#5814=ORIENTED_EDGE('',*,*,#4577,.T.);
#5815=ORIENTED_EDGE('',*,*,#4578,.T.);
#5816=ORIENTED_EDGE('',*,*,#4577,.F.);
#5817=ORIENTED_EDGE('',*,*,#4576,.T.);
#5818=ORIENTED_EDGE('',*,*,#4575,.T.);
#5819=ORIENTED_EDGE('',*,*,#4578,.F.);
#5820=ORIENTED_EDGE('',*,*,#4573,.T.);
#5821=ORIENTED_EDGE('',*,*,#4579,.F.);
#5822=ORIENTED_EDGE('',*,*,#4580,.T.);
#5823=ORIENTED_EDGE('',*,*,#4581,.F.);
#5824=ORIENTED_EDGE('',*,*,#4580,.F.);
#5825=ORIENTED_EDGE('',*,*,#4582,.F.);
#5826=ORIENTED_EDGE('',*,*,#4583,.T.);
#5827=ORIENTED_EDGE('',*,*,#4584,.T.);
#5828=ORIENTED_EDGE('',*,*,#4583,.F.);
#5829=ORIENTED_EDGE('',*,*,#4582,.T.);
#5830=ORIENTED_EDGE('',*,*,#4581,.T.);
#5831=ORIENTED_EDGE('',*,*,#4584,.F.);
#5832=ORIENTED_EDGE('',*,*,#4579,.T.);
#5833=ORIENTED_EDGE('',*,*,#4585,.F.);
#5834=ORIENTED_EDGE('',*,*,#4586,.T.);
#5835=ORIENTED_EDGE('',*,*,#4587,.F.);
#5836=ORIENTED_EDGE('',*,*,#4586,.F.);
#5837=ORIENTED_EDGE('',*,*,#4588,.F.);
#5838=ORIENTED_EDGE('',*,*,#4589,.T.);
#5839=ORIENTED_EDGE('',*,*,#4590,.T.);
#5840=ORIENTED_EDGE('',*,*,#4589,.F.);
#5841=ORIENTED_EDGE('',*,*,#4588,.T.);
#5842=ORIENTED_EDGE('',*,*,#4587,.T.);
#5843=ORIENTED_EDGE('',*,*,#4590,.F.);
#5844=ORIENTED_EDGE('',*,*,#4585,.T.);
#5845=ORIENTED_EDGE('',*,*,#4591,.F.);
#5846=ORIENTED_EDGE('',*,*,#4592,.T.);
#5847=ORIENTED_EDGE('',*,*,#4593,.F.);
#5848=ORIENTED_EDGE('',*,*,#4592,.F.);
#5849=ORIENTED_EDGE('',*,*,#4594,.F.);
#5850=ORIENTED_EDGE('',*,*,#4595,.T.);
#5851=ORIENTED_EDGE('',*,*,#4596,.F.);
#5852=ORIENTED_EDGE('',*,*,#4595,.F.);
#5853=ORIENTED_EDGE('',*,*,#4597,.F.);
#5854=ORIENTED_EDGE('',*,*,#4598,.T.);
#5855=ORIENTED_EDGE('',*,*,#4599,.F.);
#5856=ORIENTED_EDGE('',*,*,#4598,.F.);
#5857=ORIENTED_EDGE('',*,*,#4600,.F.);
#5858=ORIENTED_EDGE('',*,*,#4601,.T.);
#5859=ORIENTED_EDGE('',*,*,#4602,.F.);
#5860=ORIENTED_EDGE('',*,*,#4601,.F.);
#5861=ORIENTED_EDGE('',*,*,#4603,.F.);
#5862=ORIENTED_EDGE('',*,*,#4604,.T.);
#5863=ORIENTED_EDGE('',*,*,#4605,.F.);
#5864=ORIENTED_EDGE('',*,*,#4604,.F.);
#5865=ORIENTED_EDGE('',*,*,#4606,.F.);
#5866=ORIENTED_EDGE('',*,*,#4607,.T.);
#5867=ORIENTED_EDGE('',*,*,#4608,.F.);
#5868=ORIENTED_EDGE('',*,*,#4607,.F.);
#5869=ORIENTED_EDGE('',*,*,#4609,.F.);
#5870=ORIENTED_EDGE('',*,*,#4610,.T.);
#5871=ORIENTED_EDGE('',*,*,#4611,.F.);
#5872=ORIENTED_EDGE('',*,*,#4610,.F.);
#5873=ORIENTED_EDGE('',*,*,#4612,.F.);
#5874=ORIENTED_EDGE('',*,*,#4613,.T.);
#5875=ORIENTED_EDGE('',*,*,#4614,.F.);
#5876=ORIENTED_EDGE('',*,*,#4613,.F.);
#5877=ORIENTED_EDGE('',*,*,#4615,.F.);
#5878=ORIENTED_EDGE('',*,*,#4616,.T.);
#5879=ORIENTED_EDGE('',*,*,#4617,.F.);
#5880=ORIENTED_EDGE('',*,*,#4616,.F.);
#5881=ORIENTED_EDGE('',*,*,#4618,.F.);
#5882=ORIENTED_EDGE('',*,*,#4619,.T.);
#5883=ORIENTED_EDGE('',*,*,#4620,.F.);
#5884=ORIENTED_EDGE('',*,*,#4619,.F.);
#5885=ORIENTED_EDGE('',*,*,#4621,.T.);
#5886=ORIENTED_EDGE('',*,*,#4622,.T.);
#5887=ORIENTED_EDGE('',*,*,#4623,.F.);
#5888=ORIENTED_EDGE('',*,*,#4624,.F.);
#5889=ORIENTED_EDGE('',*,*,#4625,.T.);
#5890=ORIENTED_EDGE('',*,*,#4624,.T.);
#5891=ORIENTED_EDGE('',*,*,#4626,.F.);
#5892=ORIENTED_EDGE('',*,*,#4627,.F.);
#5893=ORIENTED_EDGE('',*,*,#4628,.T.);
#5894=ORIENTED_EDGE('',*,*,#4627,.T.);
#5895=ORIENTED_EDGE('',*,*,#4629,.F.);
#5896=ORIENTED_EDGE('',*,*,#4630,.F.);
#5897=ORIENTED_EDGE('',*,*,#4631,.T.);
#5898=ORIENTED_EDGE('',*,*,#4630,.T.);
#5899=ORIENTED_EDGE('',*,*,#4632,.F.);
#5900=ORIENTED_EDGE('',*,*,#4622,.F.);
#5901=ORIENTED_EDGE('',*,*,#4632,.T.);
#5902=ORIENTED_EDGE('',*,*,#4629,.T.);
#5903=ORIENTED_EDGE('',*,*,#4626,.T.);
#5904=ORIENTED_EDGE('',*,*,#4623,.T.);
#5905=ORIENTED_EDGE('',*,*,#4596,.T.);
#5906=ORIENTED_EDGE('',*,*,#4609,.T.);
#5907=ORIENTED_EDGE('',*,*,#4612,.T.);
#5908=ORIENTED_EDGE('',*,*,#4615,.T.);
#5909=ORIENTED_EDGE('',*,*,#4618,.T.);
#5910=ORIENTED_EDGE('',*,*,#4608,.T.);
#5911=ORIENTED_EDGE('',*,*,#4605,.T.);
#5912=ORIENTED_EDGE('',*,*,#4602,.T.);
#5913=ORIENTED_EDGE('',*,*,#4599,.T.);
#5914=ORIENTED_EDGE('',*,*,#4593,.T.);
#5915=ORIENTED_EDGE('',*,*,#4631,.F.);
#5916=ORIENTED_EDGE('',*,*,#4621,.F.);
#5917=ORIENTED_EDGE('',*,*,#4625,.F.);
#5918=ORIENTED_EDGE('',*,*,#4628,.F.);
#5919=ORIENTED_EDGE('',*,*,#4594,.T.);
#5920=ORIENTED_EDGE('',*,*,#4611,.T.);
#5921=ORIENTED_EDGE('',*,*,#4614,.T.);
#5922=ORIENTED_EDGE('',*,*,#4617,.T.);
#5923=ORIENTED_EDGE('',*,*,#4620,.T.);
#5924=ORIENTED_EDGE('',*,*,#4606,.T.);
#5925=ORIENTED_EDGE('',*,*,#4603,.T.);
#5926=ORIENTED_EDGE('',*,*,#4600,.T.);
#5927=ORIENTED_EDGE('',*,*,#4597,.T.);
#5928=ORIENTED_EDGE('',*,*,#4591,.T.);
#5929=ORIENTED_EDGE('',*,*,#4633,.T.);
#5930=ORIENTED_EDGE('',*,*,#4634,.T.);
#5931=ORIENTED_EDGE('',*,*,#4635,.F.);
#5932=ORIENTED_EDGE('',*,*,#4636,.F.);
#5933=ORIENTED_EDGE('',*,*,#4637,.T.);
#5934=ORIENTED_EDGE('',*,*,#4636,.T.);
#5935=ORIENTED_EDGE('',*,*,#4638,.F.);
#5936=ORIENTED_EDGE('',*,*,#4639,.F.);
#5937=ORIENTED_EDGE('',*,*,#4640,.T.);
#5938=ORIENTED_EDGE('',*,*,#4639,.T.);
#5939=ORIENTED_EDGE('',*,*,#4641,.F.);
#5940=ORIENTED_EDGE('',*,*,#4642,.F.);
#5941=ORIENTED_EDGE('',*,*,#4643,.T.);
#5942=ORIENTED_EDGE('',*,*,#4642,.T.);
#5943=ORIENTED_EDGE('',*,*,#4644,.F.);
#5944=ORIENTED_EDGE('',*,*,#4634,.F.);
#5945=ORIENTED_EDGE('',*,*,#4644,.T.);
#5946=ORIENTED_EDGE('',*,*,#4641,.T.);
#5947=ORIENTED_EDGE('',*,*,#4638,.T.);
#5948=ORIENTED_EDGE('',*,*,#4635,.T.);
#5949=ORIENTED_EDGE('',*,*,#4643,.F.);
#5950=ORIENTED_EDGE('',*,*,#4633,.F.);
#5951=ORIENTED_EDGE('',*,*,#4637,.F.);
#5952=ORIENTED_EDGE('',*,*,#4640,.F.);
#5953=ORIENTED_EDGE('',*,*,#4645,.T.);
#5954=ORIENTED_EDGE('',*,*,#4646,.T.);
#5955=ORIENTED_EDGE('',*,*,#4647,.F.);
#5956=ORIENTED_EDGE('',*,*,#4648,.F.);
#5957=ORIENTED_EDGE('',*,*,#4649,.T.);
#5958=ORIENTED_EDGE('',*,*,#4648,.T.);
#5959=ORIENTED_EDGE('',*,*,#4650,.F.);
#5960=ORIENTED_EDGE('',*,*,#4651,.F.);
#5961=ORIENTED_EDGE('',*,*,#4652,.T.);
#5962=ORIENTED_EDGE('',*,*,#4651,.T.);
#5963=ORIENTED_EDGE('',*,*,#4653,.F.);
#5964=ORIENTED_EDGE('',*,*,#4654,.F.);
#5965=ORIENTED_EDGE('',*,*,#4655,.T.);
#5966=ORIENTED_EDGE('',*,*,#4654,.T.);
#5967=ORIENTED_EDGE('',*,*,#4656,.F.);
#5968=ORIENTED_EDGE('',*,*,#4646,.F.);
#5969=ORIENTED_EDGE('',*,*,#4656,.T.);
#5970=ORIENTED_EDGE('',*,*,#4653,.T.);
#5971=ORIENTED_EDGE('',*,*,#4650,.T.);
#5972=ORIENTED_EDGE('',*,*,#4647,.T.);
#5973=ORIENTED_EDGE('',*,*,#4655,.F.);
#5974=ORIENTED_EDGE('',*,*,#4645,.F.);
#5975=ORIENTED_EDGE('',*,*,#4649,.F.);
#5976=ORIENTED_EDGE('',*,*,#4652,.F.);
#5977=ORIENTED_EDGE('',*,*,#4657,.F.);
#5978=ORIENTED_EDGE('',*,*,#4658,.T.);
#5979=ORIENTED_EDGE('',*,*,#4659,.T.);
#5980=ORIENTED_EDGE('',*,*,#4658,.F.);
#5981=ORIENTED_EDGE('',*,*,#4657,.T.);
#5982=ORIENTED_EDGE('',*,*,#4659,.F.);
#5983=ORIENTED_EDGE('',*,*,#4660,.T.);
#5984=ORIENTED_EDGE('',*,*,#4661,.T.);
#5985=ORIENTED_EDGE('',*,*,#4662,.F.);
#5986=ORIENTED_EDGE('',*,*,#4663,.F.);
#5987=ORIENTED_EDGE('',*,*,#4664,.T.);
#5988=ORIENTED_EDGE('',*,*,#4663,.T.);
#5989=ORIENTED_EDGE('',*,*,#4665,.F.);
#5990=ORIENTED_EDGE('',*,*,#4666,.F.);
#5991=ORIENTED_EDGE('',*,*,#4667,.T.);
#5992=ORIENTED_EDGE('',*,*,#4666,.T.);
#5993=ORIENTED_EDGE('',*,*,#4668,.F.);
#5994=ORIENTED_EDGE('',*,*,#4669,.F.);
#5995=ORIENTED_EDGE('',*,*,#4670,.T.);
#5996=ORIENTED_EDGE('',*,*,#4669,.T.);
#5997=ORIENTED_EDGE('',*,*,#4671,.F.);
#5998=ORIENTED_EDGE('',*,*,#4661,.F.);
#5999=ORIENTED_EDGE('',*,*,#4671,.T.);
#6000=ORIENTED_EDGE('',*,*,#4668,.T.);
#6001=ORIENTED_EDGE('',*,*,#4665,.T.);
#6002=ORIENTED_EDGE('',*,*,#4662,.T.);
#6003=ORIENTED_EDGE('',*,*,#4670,.F.);
#6004=ORIENTED_EDGE('',*,*,#4660,.F.);
#6005=ORIENTED_EDGE('',*,*,#4664,.F.);
#6006=ORIENTED_EDGE('',*,*,#4667,.F.);
#6007=ORIENTED_EDGE('',*,*,#4672,.F.);
#6008=ORIENTED_EDGE('',*,*,#4673,.T.);
#6009=ORIENTED_EDGE('',*,*,#4674,.T.);
#6010=ORIENTED_EDGE('',*,*,#4673,.F.);
#6011=ORIENTED_EDGE('',*,*,#4672,.T.);
#6012=ORIENTED_EDGE('',*,*,#4674,.F.);
#6013=ORIENTED_EDGE('',*,*,#4675,.T.);
#6014=ORIENTED_EDGE('',*,*,#4676,.T.);
#6015=ORIENTED_EDGE('',*,*,#4677,.F.);
#6016=ORIENTED_EDGE('',*,*,#4678,.F.);
#6017=ORIENTED_EDGE('',*,*,#4679,.T.);
#6018=ORIENTED_EDGE('',*,*,#4678,.T.);
#6019=ORIENTED_EDGE('',*,*,#4680,.F.);
#6020=ORIENTED_EDGE('',*,*,#4681,.F.);
#6021=ORIENTED_EDGE('',*,*,#4682,.T.);
#6022=ORIENTED_EDGE('',*,*,#4681,.T.);
#6023=ORIENTED_EDGE('',*,*,#4683,.F.);
#6024=ORIENTED_EDGE('',*,*,#4684,.F.);
#6025=ORIENTED_EDGE('',*,*,#4685,.T.);
#6026=ORIENTED_EDGE('',*,*,#4684,.T.);
#6027=ORIENTED_EDGE('',*,*,#4686,.F.);
#6028=ORIENTED_EDGE('',*,*,#4676,.F.);
#6029=ORIENTED_EDGE('',*,*,#4686,.T.);
#6030=ORIENTED_EDGE('',*,*,#4683,.T.);
#6031=ORIENTED_EDGE('',*,*,#4680,.T.);
#6032=ORIENTED_EDGE('',*,*,#4677,.T.);
#6033=ORIENTED_EDGE('',*,*,#4685,.F.);
#6034=ORIENTED_EDGE('',*,*,#4675,.F.);
#6035=ORIENTED_EDGE('',*,*,#4679,.F.);
#6036=ORIENTED_EDGE('',*,*,#4682,.F.);
#6037=ORIENTED_EDGE('',*,*,#4687,.F.);
#6038=ORIENTED_EDGE('',*,*,#4688,.T.);
#6039=ORIENTED_EDGE('',*,*,#4689,.T.);
#6040=ORIENTED_EDGE('',*,*,#4688,.F.);
#6041=ORIENTED_EDGE('',*,*,#4687,.T.);
#6042=ORIENTED_EDGE('',*,*,#4689,.F.);
#6043=ORIENTED_EDGE('',*,*,#4690,.T.);
#6044=ORIENTED_EDGE('',*,*,#4691,.T.);
#6045=ORIENTED_EDGE('',*,*,#4692,.F.);
#6046=ORIENTED_EDGE('',*,*,#4693,.F.);
#6047=ORIENTED_EDGE('',*,*,#4694,.T.);
#6048=ORIENTED_EDGE('',*,*,#4693,.T.);
#6049=ORIENTED_EDGE('',*,*,#4695,.F.);
#6050=ORIENTED_EDGE('',*,*,#4696,.F.);
#6051=ORIENTED_EDGE('',*,*,#4697,.T.);
#6052=ORIENTED_EDGE('',*,*,#4696,.T.);
#6053=ORIENTED_EDGE('',*,*,#4698,.F.);
#6054=ORIENTED_EDGE('',*,*,#4699,.F.);
#6055=ORIENTED_EDGE('',*,*,#4700,.T.);
#6056=ORIENTED_EDGE('',*,*,#4699,.T.);
#6057=ORIENTED_EDGE('',*,*,#4701,.F.);
#6058=ORIENTED_EDGE('',*,*,#4691,.F.);
#6059=ORIENTED_EDGE('',*,*,#4701,.T.);
#6060=ORIENTED_EDGE('',*,*,#4698,.T.);
#6061=ORIENTED_EDGE('',*,*,#4695,.T.);
#6062=ORIENTED_EDGE('',*,*,#4692,.T.);
#6063=ORIENTED_EDGE('',*,*,#4700,.F.);
#6064=ORIENTED_EDGE('',*,*,#4690,.F.);
#6065=ORIENTED_EDGE('',*,*,#4694,.F.);
#6066=ORIENTED_EDGE('',*,*,#4697,.F.);
#6067=ORIENTED_EDGE('',*,*,#4702,.F.);
#6068=ORIENTED_EDGE('',*,*,#4703,.T.);
#6069=ORIENTED_EDGE('',*,*,#4704,.F.);
#6070=ORIENTED_EDGE('',*,*,#4703,.F.);
#6071=ORIENTED_EDGE('',*,*,#4705,.F.);
#6072=ORIENTED_EDGE('',*,*,#4706,.T.);
#6073=ORIENTED_EDGE('',*,*,#4707,.T.);
#6074=ORIENTED_EDGE('',*,*,#4706,.F.);
#6075=ORIENTED_EDGE('',*,*,#4705,.T.);
#6076=ORIENTED_EDGE('',*,*,#4704,.T.);
#6077=ORIENTED_EDGE('',*,*,#4707,.F.);
#6078=ORIENTED_EDGE('',*,*,#4702,.T.);
#6079=ORIENTED_EDGE('',*,*,#4708,.F.);
#6080=ORIENTED_EDGE('',*,*,#4709,.T.);
#6081=ORIENTED_EDGE('',*,*,#4710,.F.);
#6082=ORIENTED_EDGE('',*,*,#4709,.F.);
#6083=ORIENTED_EDGE('',*,*,#4711,.F.);
#6084=ORIENTED_EDGE('',*,*,#4712,.T.);
#6085=ORIENTED_EDGE('',*,*,#4713,.T.);
#6086=ORIENTED_EDGE('',*,*,#4712,.F.);
#6087=ORIENTED_EDGE('',*,*,#4711,.T.);
#6088=ORIENTED_EDGE('',*,*,#4710,.T.);
#6089=ORIENTED_EDGE('',*,*,#4713,.F.);
#6090=ORIENTED_EDGE('',*,*,#4708,.T.);
#6091=ORIENTED_EDGE('',*,*,#4714,.F.);
#6092=ORIENTED_EDGE('',*,*,#4715,.T.);
#6093=ORIENTED_EDGE('',*,*,#4716,.F.);
#6094=ORIENTED_EDGE('',*,*,#4715,.F.);
#6095=ORIENTED_EDGE('',*,*,#4717,.F.);
#6096=ORIENTED_EDGE('',*,*,#4718,.T.);
#6097=ORIENTED_EDGE('',*,*,#4719,.T.);
#6098=ORIENTED_EDGE('',*,*,#4718,.F.);
#6099=ORIENTED_EDGE('',*,*,#4717,.T.);
#6100=ORIENTED_EDGE('',*,*,#4716,.T.);
#6101=ORIENTED_EDGE('',*,*,#4719,.F.);
#6102=ORIENTED_EDGE('',*,*,#4714,.T.);
#6103=ORIENTED_EDGE('',*,*,#4720,.F.);
#6104=ORIENTED_EDGE('',*,*,#4721,.T.);
#6105=ORIENTED_EDGE('',*,*,#4722,.F.);
#6106=ORIENTED_EDGE('',*,*,#4721,.F.);
#6107=ORIENTED_EDGE('',*,*,#4723,.F.);
#6108=ORIENTED_EDGE('',*,*,#4724,.T.);
#6109=ORIENTED_EDGE('',*,*,#4725,.T.);
#6110=ORIENTED_EDGE('',*,*,#4724,.F.);
#6111=ORIENTED_EDGE('',*,*,#4723,.T.);
#6112=ORIENTED_EDGE('',*,*,#4722,.T.);
#6113=ORIENTED_EDGE('',*,*,#4725,.F.);
#6114=ORIENTED_EDGE('',*,*,#4720,.T.);
#6115=ORIENTED_EDGE('',*,*,#4726,.F.);
#6116=ORIENTED_EDGE('',*,*,#4727,.T.);
#6117=ORIENTED_EDGE('',*,*,#4728,.F.);
#6118=ORIENTED_EDGE('',*,*,#4727,.F.);
#6119=ORIENTED_EDGE('',*,*,#4729,.F.);
#6120=ORIENTED_EDGE('',*,*,#4730,.T.);
#6121=ORIENTED_EDGE('',*,*,#4731,.T.);
#6122=ORIENTED_EDGE('',*,*,#4730,.F.);
#6123=ORIENTED_EDGE('',*,*,#4729,.T.);
#6124=ORIENTED_EDGE('',*,*,#4728,.T.);
#6125=ORIENTED_EDGE('',*,*,#4731,.F.);
#6126=ORIENTED_EDGE('',*,*,#4726,.T.);
#6127=ORIENTED_EDGE('',*,*,#4732,.F.);
#6128=ORIENTED_EDGE('',*,*,#4733,.T.);
#6129=ORIENTED_EDGE('',*,*,#4734,.F.);
#6130=ORIENTED_EDGE('',*,*,#4733,.F.);
#6131=ORIENTED_EDGE('',*,*,#4735,.F.);
#6132=ORIENTED_EDGE('',*,*,#4736,.T.);
#6133=ORIENTED_EDGE('',*,*,#4737,.T.);
#6134=ORIENTED_EDGE('',*,*,#4736,.F.);
#6135=ORIENTED_EDGE('',*,*,#4735,.T.);
#6136=ORIENTED_EDGE('',*,*,#4734,.T.);
#6137=ORIENTED_EDGE('',*,*,#4737,.F.);
#6138=ORIENTED_EDGE('',*,*,#4732,.T.);
#6139=ORIENTED_EDGE('',*,*,#4738,.F.);
#6140=ORIENTED_EDGE('',*,*,#4739,.T.);
#6141=ORIENTED_EDGE('',*,*,#4740,.F.);
#6142=ORIENTED_EDGE('',*,*,#4739,.F.);
#6143=ORIENTED_EDGE('',*,*,#4741,.F.);
#6144=ORIENTED_EDGE('',*,*,#4742,.T.);
#6145=ORIENTED_EDGE('',*,*,#4743,.F.);
#6146=ORIENTED_EDGE('',*,*,#4742,.F.);
#6147=ORIENTED_EDGE('',*,*,#4744,.F.);
#6148=ORIENTED_EDGE('',*,*,#4745,.T.);
#6149=ORIENTED_EDGE('',*,*,#4746,.F.);
#6150=ORIENTED_EDGE('',*,*,#4745,.F.);
#6151=ORIENTED_EDGE('',*,*,#4747,.F.);
#6152=ORIENTED_EDGE('',*,*,#4748,.T.);
#6153=ORIENTED_EDGE('',*,*,#4749,.F.);
#6154=ORIENTED_EDGE('',*,*,#4748,.F.);
#6155=ORIENTED_EDGE('',*,*,#4750,.F.);
#6156=ORIENTED_EDGE('',*,*,#4751,.T.);
#6157=ORIENTED_EDGE('',*,*,#4752,.F.);
#6158=ORIENTED_EDGE('',*,*,#4751,.F.);
#6159=ORIENTED_EDGE('',*,*,#4753,.F.);
#6160=ORIENTED_EDGE('',*,*,#4754,.T.);
#6161=ORIENTED_EDGE('',*,*,#4755,.F.);
#6162=ORIENTED_EDGE('',*,*,#4754,.F.);
#6163=ORIENTED_EDGE('',*,*,#4756,.F.);
#6164=ORIENTED_EDGE('',*,*,#4757,.T.);
#6165=ORIENTED_EDGE('',*,*,#4758,.F.);
#6166=ORIENTED_EDGE('',*,*,#4757,.F.);
#6167=ORIENTED_EDGE('',*,*,#4759,.F.);
#6168=ORIENTED_EDGE('',*,*,#4760,.T.);
#6169=ORIENTED_EDGE('',*,*,#4761,.F.);
#6170=ORIENTED_EDGE('',*,*,#4760,.F.);
#6171=ORIENTED_EDGE('',*,*,#4762,.T.);
#6172=ORIENTED_EDGE('',*,*,#4763,.T.);
#6173=ORIENTED_EDGE('',*,*,#4764,.F.);
#6174=ORIENTED_EDGE('',*,*,#4765,.F.);
#6175=ORIENTED_EDGE('',*,*,#4766,.T.);
#6176=ORIENTED_EDGE('',*,*,#4765,.T.);
#6177=ORIENTED_EDGE('',*,*,#4767,.F.);
#6178=ORIENTED_EDGE('',*,*,#4768,.F.);
#6179=ORIENTED_EDGE('',*,*,#4769,.T.);
#6180=ORIENTED_EDGE('',*,*,#4768,.T.);
#6181=ORIENTED_EDGE('',*,*,#4770,.F.);
#6182=ORIENTED_EDGE('',*,*,#4771,.F.);
#6183=ORIENTED_EDGE('',*,*,#4772,.T.);
#6184=ORIENTED_EDGE('',*,*,#4771,.T.);
#6185=ORIENTED_EDGE('',*,*,#4773,.F.);
#6186=ORIENTED_EDGE('',*,*,#4763,.F.);
#6187=ORIENTED_EDGE('',*,*,#4773,.T.);
#6188=ORIENTED_EDGE('',*,*,#4770,.T.);
#6189=ORIENTED_EDGE('',*,*,#4767,.T.);
#6190=ORIENTED_EDGE('',*,*,#4764,.T.);
#6191=ORIENTED_EDGE('',*,*,#4750,.T.);
#6192=ORIENTED_EDGE('',*,*,#4753,.T.);
#6193=ORIENTED_EDGE('',*,*,#4756,.T.);
#6194=ORIENTED_EDGE('',*,*,#4759,.T.);
#6195=ORIENTED_EDGE('',*,*,#4749,.T.);
#6196=ORIENTED_EDGE('',*,*,#4746,.T.);
#6197=ORIENTED_EDGE('',*,*,#4743,.T.);
#6198=ORIENTED_EDGE('',*,*,#4740,.T.);
#6199=ORIENTED_EDGE('',*,*,#4772,.F.);
#6200=ORIENTED_EDGE('',*,*,#4762,.F.);
#6201=ORIENTED_EDGE('',*,*,#4766,.F.);
#6202=ORIENTED_EDGE('',*,*,#4769,.F.);
#6203=ORIENTED_EDGE('',*,*,#4752,.T.);
#6204=ORIENTED_EDGE('',*,*,#4755,.T.);
#6205=ORIENTED_EDGE('',*,*,#4758,.T.);
#6206=ORIENTED_EDGE('',*,*,#4761,.T.);
#6207=ORIENTED_EDGE('',*,*,#4747,.T.);
#6208=ORIENTED_EDGE('',*,*,#4744,.T.);
#6209=ORIENTED_EDGE('',*,*,#4741,.T.);
#6210=ORIENTED_EDGE('',*,*,#4738,.T.);
#6211=ORIENTED_EDGE('',*,*,#4774,.F.);
#6212=ORIENTED_EDGE('',*,*,#4775,.T.);
#6213=ORIENTED_EDGE('',*,*,#4776,.T.);
#6214=ORIENTED_EDGE('',*,*,#4775,.F.);
#6215=ORIENTED_EDGE('',*,*,#4774,.T.);
#6216=ORIENTED_EDGE('',*,*,#4776,.F.);
#6217=ORIENTED_EDGE('',*,*,#4777,.T.);
#6218=ORIENTED_EDGE('',*,*,#4778,.T.);
#6219=ORIENTED_EDGE('',*,*,#4779,.F.);
#6220=ORIENTED_EDGE('',*,*,#4780,.F.);
#6221=ORIENTED_EDGE('',*,*,#4781,.T.);
#6222=ORIENTED_EDGE('',*,*,#4780,.T.);
#6223=ORIENTED_EDGE('',*,*,#4782,.F.);
#6224=ORIENTED_EDGE('',*,*,#4783,.F.);
#6225=ORIENTED_EDGE('',*,*,#4784,.T.);
#6226=ORIENTED_EDGE('',*,*,#4783,.T.);
#6227=ORIENTED_EDGE('',*,*,#4785,.F.);
#6228=ORIENTED_EDGE('',*,*,#4786,.F.);
#6229=ORIENTED_EDGE('',*,*,#4787,.T.);
#6230=ORIENTED_EDGE('',*,*,#4786,.T.);
#6231=ORIENTED_EDGE('',*,*,#4788,.F.);
#6232=ORIENTED_EDGE('',*,*,#4778,.F.);
#6233=ORIENTED_EDGE('',*,*,#4788,.T.);
#6234=ORIENTED_EDGE('',*,*,#4785,.T.);
#6235=ORIENTED_EDGE('',*,*,#4782,.T.);
#6236=ORIENTED_EDGE('',*,*,#4779,.T.);
#6237=ORIENTED_EDGE('',*,*,#4787,.F.);
#6238=ORIENTED_EDGE('',*,*,#4777,.F.);
#6239=ORIENTED_EDGE('',*,*,#4781,.F.);
#6240=ORIENTED_EDGE('',*,*,#4784,.F.);
#6241=ORIENTED_EDGE('',*,*,#4789,.F.);
#6242=ORIENTED_EDGE('',*,*,#4790,.T.);
#6243=ORIENTED_EDGE('',*,*,#4791,.T.);
#6244=ORIENTED_EDGE('',*,*,#4790,.F.);
#6245=ORIENTED_EDGE('',*,*,#4789,.T.);
#6246=ORIENTED_EDGE('',*,*,#4791,.F.);
#6247=ORIENTED_EDGE('',*,*,#4792,.T.);
#6248=ORIENTED_EDGE('',*,*,#4793,.T.);
#6249=ORIENTED_EDGE('',*,*,#4794,.F.);
#6250=ORIENTED_EDGE('',*,*,#4795,.F.);
#6251=ORIENTED_EDGE('',*,*,#4796,.T.);
#6252=ORIENTED_EDGE('',*,*,#4795,.T.);
#6253=ORIENTED_EDGE('',*,*,#4797,.F.);
#6254=ORIENTED_EDGE('',*,*,#4798,.F.);
#6255=ORIENTED_EDGE('',*,*,#4799,.T.);
#6256=ORIENTED_EDGE('',*,*,#4798,.T.);
#6257=ORIENTED_EDGE('',*,*,#4800,.F.);
#6258=ORIENTED_EDGE('',*,*,#4801,.F.);
#6259=ORIENTED_EDGE('',*,*,#4802,.T.);
#6260=ORIENTED_EDGE('',*,*,#4801,.T.);
#6261=ORIENTED_EDGE('',*,*,#4803,.F.);
#6262=ORIENTED_EDGE('',*,*,#4793,.F.);
#6263=ORIENTED_EDGE('',*,*,#4803,.T.);
#6264=ORIENTED_EDGE('',*,*,#4800,.T.);
#6265=ORIENTED_EDGE('',*,*,#4797,.T.);
#6266=ORIENTED_EDGE('',*,*,#4794,.T.);
#6267=ORIENTED_EDGE('',*,*,#4802,.F.);
#6268=ORIENTED_EDGE('',*,*,#4792,.F.);
#6269=ORIENTED_EDGE('',*,*,#4796,.F.);
#6270=ORIENTED_EDGE('',*,*,#4799,.F.);
#6271=ORIENTED_EDGE('',*,*,#4804,.F.);
#6272=ORIENTED_EDGE('',*,*,#4805,.T.);
#6273=ORIENTED_EDGE('',*,*,#4806,.T.);
#6274=ORIENTED_EDGE('',*,*,#4805,.F.);
#6275=ORIENTED_EDGE('',*,*,#4804,.T.);
#6276=ORIENTED_EDGE('',*,*,#4806,.F.);
#6277=ORIENTED_EDGE('',*,*,#4807,.T.);
#6278=ORIENTED_EDGE('',*,*,#4808,.T.);
#6279=ORIENTED_EDGE('',*,*,#4809,.F.);
#6280=ORIENTED_EDGE('',*,*,#4810,.F.);
#6281=ORIENTED_EDGE('',*,*,#4811,.T.);
#6282=ORIENTED_EDGE('',*,*,#4810,.T.);
#6283=ORIENTED_EDGE('',*,*,#4812,.F.);
#6284=ORIENTED_EDGE('',*,*,#4813,.F.);
#6285=ORIENTED_EDGE('',*,*,#4814,.T.);
#6286=ORIENTED_EDGE('',*,*,#4813,.T.);
#6287=ORIENTED_EDGE('',*,*,#4815,.F.);
#6288=ORIENTED_EDGE('',*,*,#4816,.F.);
#6289=ORIENTED_EDGE('',*,*,#4817,.T.);
#6290=ORIENTED_EDGE('',*,*,#4816,.T.);
#6291=ORIENTED_EDGE('',*,*,#4818,.F.);
#6292=ORIENTED_EDGE('',*,*,#4808,.F.);
#6293=ORIENTED_EDGE('',*,*,#4818,.T.);
#6294=ORIENTED_EDGE('',*,*,#4815,.T.);
#6295=ORIENTED_EDGE('',*,*,#4812,.T.);
#6296=ORIENTED_EDGE('',*,*,#4809,.T.);
#6297=ORIENTED_EDGE('',*,*,#4817,.F.);
#6298=ORIENTED_EDGE('',*,*,#4807,.F.);
#6299=ORIENTED_EDGE('',*,*,#4811,.F.);
#6300=ORIENTED_EDGE('',*,*,#4814,.F.);
#6301=ORIENTED_EDGE('',*,*,#4819,.F.);
#6302=ORIENTED_EDGE('',*,*,#4820,.T.);
#6303=ORIENTED_EDGE('',*,*,#4821,.F.);
#6304=ORIENTED_EDGE('',*,*,#4820,.F.);
#6305=ORIENTED_EDGE('',*,*,#4822,.F.);
#6306=ORIENTED_EDGE('',*,*,#4823,.T.);
#6307=ORIENTED_EDGE('',*,*,#4824,.T.);
#6308=ORIENTED_EDGE('',*,*,#4823,.F.);
#6309=ORIENTED_EDGE('',*,*,#4822,.T.);
#6310=ORIENTED_EDGE('',*,*,#4821,.T.);
#6311=ORIENTED_EDGE('',*,*,#4824,.F.);
#6312=ORIENTED_EDGE('',*,*,#4819,.T.);
#6313=ORIENTED_EDGE('',*,*,#4825,.F.);
#6314=ORIENTED_EDGE('',*,*,#4826,.T.);
#6315=ORIENTED_EDGE('',*,*,#4827,.F.);
#6316=ORIENTED_EDGE('',*,*,#4826,.F.);
#6317=ORIENTED_EDGE('',*,*,#4828,.F.);
#6318=ORIENTED_EDGE('',*,*,#4829,.T.);
#6319=ORIENTED_EDGE('',*,*,#4830,.T.);
#6320=ORIENTED_EDGE('',*,*,#4829,.F.);
#6321=ORIENTED_EDGE('',*,*,#4828,.T.);
#6322=ORIENTED_EDGE('',*,*,#4827,.T.);
#6323=ORIENTED_EDGE('',*,*,#4830,.F.);
#6324=ORIENTED_EDGE('',*,*,#4825,.T.);
#6325=ORIENTED_EDGE('',*,*,#4831,.F.);
#6326=ORIENTED_EDGE('',*,*,#4832,.T.);
#6327=ORIENTED_EDGE('',*,*,#4833,.F.);
#6328=ORIENTED_EDGE('',*,*,#4832,.F.);
#6329=ORIENTED_EDGE('',*,*,#4834,.F.);
#6330=ORIENTED_EDGE('',*,*,#4835,.T.);
#6331=ORIENTED_EDGE('',*,*,#4836,.T.);
#6332=ORIENTED_EDGE('',*,*,#4835,.F.);
#6333=ORIENTED_EDGE('',*,*,#4834,.T.);
#6334=ORIENTED_EDGE('',*,*,#4833,.T.);
#6335=ORIENTED_EDGE('',*,*,#4836,.F.);
#6336=ORIENTED_EDGE('',*,*,#4831,.T.);
#6337=ORIENTED_EDGE('',*,*,#4837,.F.);
#6338=ORIENTED_EDGE('',*,*,#4838,.T.);
#6339=ORIENTED_EDGE('',*,*,#4839,.F.);
#6340=ORIENTED_EDGE('',*,*,#4838,.F.);
#6341=ORIENTED_EDGE('',*,*,#4840,.F.);
#6342=ORIENTED_EDGE('',*,*,#4841,.T.);
#6343=ORIENTED_EDGE('',*,*,#4842,.T.);
#6344=ORIENTED_EDGE('',*,*,#4841,.F.);
#6345=ORIENTED_EDGE('',*,*,#4840,.T.);
#6346=ORIENTED_EDGE('',*,*,#4839,.T.);
#6347=ORIENTED_EDGE('',*,*,#4842,.F.);
#6348=ORIENTED_EDGE('',*,*,#4837,.T.);
#6349=ORIENTED_EDGE('',*,*,#4843,.F.);
#6350=ORIENTED_EDGE('',*,*,#4844,.T.);
#6351=ORIENTED_EDGE('',*,*,#4845,.F.);
#6352=ORIENTED_EDGE('',*,*,#4844,.F.);
#6353=ORIENTED_EDGE('',*,*,#4846,.F.);
#6354=ORIENTED_EDGE('',*,*,#4847,.T.);
#6355=ORIENTED_EDGE('',*,*,#4848,.F.);
#6356=ORIENTED_EDGE('',*,*,#4847,.F.);
#6357=ORIENTED_EDGE('',*,*,#4849,.F.);
#6358=ORIENTED_EDGE('',*,*,#4850,.T.);
#6359=ORIENTED_EDGE('',*,*,#4851,.F.);
#6360=ORIENTED_EDGE('',*,*,#4850,.F.);
#6361=ORIENTED_EDGE('',*,*,#4852,.F.);
#6362=ORIENTED_EDGE('',*,*,#4853,.T.);
#6363=ORIENTED_EDGE('',*,*,#4854,.F.);
#6364=ORIENTED_EDGE('',*,*,#4853,.F.);
#6365=ORIENTED_EDGE('',*,*,#4855,.F.);
#6366=ORIENTED_EDGE('',*,*,#4856,.T.);
#6367=ORIENTED_EDGE('',*,*,#4857,.F.);
#6368=ORIENTED_EDGE('',*,*,#4856,.F.);
#6369=ORIENTED_EDGE('',*,*,#4858,.F.);
#6370=ORIENTED_EDGE('',*,*,#4859,.T.);
#6371=ORIENTED_EDGE('',*,*,#4860,.F.);
#6372=ORIENTED_EDGE('',*,*,#4859,.F.);
#6373=ORIENTED_EDGE('',*,*,#4861,.F.);
#6374=ORIENTED_EDGE('',*,*,#4862,.T.);
#6375=ORIENTED_EDGE('',*,*,#4863,.F.);
#6376=ORIENTED_EDGE('',*,*,#4862,.F.);
#6377=ORIENTED_EDGE('',*,*,#4864,.F.);
#6378=ORIENTED_EDGE('',*,*,#4865,.T.);
#6379=ORIENTED_EDGE('',*,*,#4866,.F.);
#6380=ORIENTED_EDGE('',*,*,#4865,.F.);
#6381=ORIENTED_EDGE('',*,*,#4867,.T.);
#6382=ORIENTED_EDGE('',*,*,#4868,.T.);
#6383=ORIENTED_EDGE('',*,*,#4869,.F.);
#6384=ORIENTED_EDGE('',*,*,#4870,.F.);
#6385=ORIENTED_EDGE('',*,*,#4871,.T.);
#6386=ORIENTED_EDGE('',*,*,#4870,.T.);
#6387=ORIENTED_EDGE('',*,*,#4872,.F.);
#6388=ORIENTED_EDGE('',*,*,#4873,.F.);
#6389=ORIENTED_EDGE('',*,*,#4874,.T.);
#6390=ORIENTED_EDGE('',*,*,#4873,.T.);
#6391=ORIENTED_EDGE('',*,*,#4875,.F.);
#6392=ORIENTED_EDGE('',*,*,#4876,.F.);
#6393=ORIENTED_EDGE('',*,*,#4877,.T.);
#6394=ORIENTED_EDGE('',*,*,#4876,.T.);
#6395=ORIENTED_EDGE('',*,*,#4878,.F.);
#6396=ORIENTED_EDGE('',*,*,#4868,.F.);
#6397=ORIENTED_EDGE('',*,*,#4878,.T.);
#6398=ORIENTED_EDGE('',*,*,#4875,.T.);
#6399=ORIENTED_EDGE('',*,*,#4872,.T.);
#6400=ORIENTED_EDGE('',*,*,#4869,.T.);
#6401=ORIENTED_EDGE('',*,*,#4855,.T.);
#6402=ORIENTED_EDGE('',*,*,#4858,.T.);
#6403=ORIENTED_EDGE('',*,*,#4861,.T.);
#6404=ORIENTED_EDGE('',*,*,#4864,.T.);
#6405=ORIENTED_EDGE('',*,*,#4854,.T.);
#6406=ORIENTED_EDGE('',*,*,#4851,.T.);
#6407=ORIENTED_EDGE('',*,*,#4848,.T.);
#6408=ORIENTED_EDGE('',*,*,#4845,.T.);
#6409=ORIENTED_EDGE('',*,*,#4877,.F.);
#6410=ORIENTED_EDGE('',*,*,#4867,.F.);
#6411=ORIENTED_EDGE('',*,*,#4871,.F.);
#6412=ORIENTED_EDGE('',*,*,#4874,.F.);
#6413=ORIENTED_EDGE('',*,*,#4857,.T.);
#6414=ORIENTED_EDGE('',*,*,#4860,.T.);
#6415=ORIENTED_EDGE('',*,*,#4863,.T.);
#6416=ORIENTED_EDGE('',*,*,#4866,.T.);
#6417=ORIENTED_EDGE('',*,*,#4852,.T.);
#6418=ORIENTED_EDGE('',*,*,#4849,.T.);
#6419=ORIENTED_EDGE('',*,*,#4846,.T.);
#6420=ORIENTED_EDGE('',*,*,#4843,.T.);
#6421=ORIENTED_EDGE('',*,*,#4879,.F.);
#6422=ORIENTED_EDGE('',*,*,#4880,.T.);
#6423=ORIENTED_EDGE('',*,*,#4881,.T.);
#6424=ORIENTED_EDGE('',*,*,#4880,.F.);
#6425=ORIENTED_EDGE('',*,*,#4879,.T.);
#6426=ORIENTED_EDGE('',*,*,#4881,.F.);
#6427=ORIENTED_EDGE('',*,*,#4882,.T.);
#6428=ORIENTED_EDGE('',*,*,#4883,.T.);
#6429=ORIENTED_EDGE('',*,*,#4884,.F.);
#6430=ORIENTED_EDGE('',*,*,#4885,.F.);
#6431=ORIENTED_EDGE('',*,*,#4886,.T.);
#6432=ORIENTED_EDGE('',*,*,#4885,.T.);
#6433=ORIENTED_EDGE('',*,*,#4887,.F.);
#6434=ORIENTED_EDGE('',*,*,#4888,.F.);
#6435=ORIENTED_EDGE('',*,*,#4889,.T.);
#6436=ORIENTED_EDGE('',*,*,#4888,.T.);
#6437=ORIENTED_EDGE('',*,*,#4890,.F.);
#6438=ORIENTED_EDGE('',*,*,#4891,.F.);
#6439=ORIENTED_EDGE('',*,*,#4892,.T.);
#6440=ORIENTED_EDGE('',*,*,#4891,.T.);
#6441=ORIENTED_EDGE('',*,*,#4893,.F.);
#6442=ORIENTED_EDGE('',*,*,#4883,.F.);
#6443=ORIENTED_EDGE('',*,*,#4893,.T.);
#6444=ORIENTED_EDGE('',*,*,#4890,.T.);
#6445=ORIENTED_EDGE('',*,*,#4887,.T.);
#6446=ORIENTED_EDGE('',*,*,#4884,.T.);
#6447=ORIENTED_EDGE('',*,*,#4892,.F.);
#6448=ORIENTED_EDGE('',*,*,#4882,.F.);
#6449=ORIENTED_EDGE('',*,*,#4886,.F.);
#6450=ORIENTED_EDGE('',*,*,#4889,.F.);
#6451=ORIENTED_EDGE('',*,*,#4894,.F.);
#6452=ORIENTED_EDGE('',*,*,#4895,.T.);
#6453=ORIENTED_EDGE('',*,*,#4896,.T.);
#6454=ORIENTED_EDGE('',*,*,#4895,.F.);
#6455=ORIENTED_EDGE('',*,*,#4894,.T.);
#6456=ORIENTED_EDGE('',*,*,#4896,.F.);
#6457=ORIENTED_EDGE('',*,*,#4897,.T.);
#6458=ORIENTED_EDGE('',*,*,#4898,.T.);
#6459=ORIENTED_EDGE('',*,*,#4899,.F.);
#6460=ORIENTED_EDGE('',*,*,#4900,.F.);
#6461=ORIENTED_EDGE('',*,*,#4901,.T.);
#6462=ORIENTED_EDGE('',*,*,#4900,.T.);
#6463=ORIENTED_EDGE('',*,*,#4902,.F.);
#6464=ORIENTED_EDGE('',*,*,#4903,.F.);
#6465=ORIENTED_EDGE('',*,*,#4904,.T.);
#6466=ORIENTED_EDGE('',*,*,#4903,.T.);
#6467=ORIENTED_EDGE('',*,*,#4905,.F.);
#6468=ORIENTED_EDGE('',*,*,#4906,.F.);
#6469=ORIENTED_EDGE('',*,*,#4907,.T.);
#6470=ORIENTED_EDGE('',*,*,#4906,.T.);
#6471=ORIENTED_EDGE('',*,*,#4908,.F.);
#6472=ORIENTED_EDGE('',*,*,#4898,.F.);
#6473=ORIENTED_EDGE('',*,*,#4908,.T.);
#6474=ORIENTED_EDGE('',*,*,#4905,.T.);
#6475=ORIENTED_EDGE('',*,*,#4902,.T.);
#6476=ORIENTED_EDGE('',*,*,#4899,.T.);
#6477=ORIENTED_EDGE('',*,*,#4907,.F.);
#6478=ORIENTED_EDGE('',*,*,#4897,.F.);
#6479=ORIENTED_EDGE('',*,*,#4901,.F.);
#6480=ORIENTED_EDGE('',*,*,#4904,.F.);
#6481=ORIENTED_EDGE('',*,*,#4909,.F.);
#6482=ORIENTED_EDGE('',*,*,#4910,.T.);
#6483=ORIENTED_EDGE('',*,*,#4911,.T.);
#6484=ORIENTED_EDGE('',*,*,#4910,.F.);
#6485=ORIENTED_EDGE('',*,*,#4909,.T.);
#6486=ORIENTED_EDGE('',*,*,#4911,.F.);
#6487=ORIENTED_EDGE('',*,*,#4912,.T.);
#6488=ORIENTED_EDGE('',*,*,#4913,.T.);
#6489=ORIENTED_EDGE('',*,*,#4914,.F.);
#6490=ORIENTED_EDGE('',*,*,#4915,.F.);
#6491=ORIENTED_EDGE('',*,*,#4916,.T.);
#6492=ORIENTED_EDGE('',*,*,#4915,.T.);
#6493=ORIENTED_EDGE('',*,*,#4917,.F.);
#6494=ORIENTED_EDGE('',*,*,#4918,.F.);
#6495=ORIENTED_EDGE('',*,*,#4919,.T.);
#6496=ORIENTED_EDGE('',*,*,#4918,.T.);
#6497=ORIENTED_EDGE('',*,*,#4920,.F.);
#6498=ORIENTED_EDGE('',*,*,#4921,.F.);
#6499=ORIENTED_EDGE('',*,*,#4922,.T.);
#6500=ORIENTED_EDGE('',*,*,#4921,.T.);
#6501=ORIENTED_EDGE('',*,*,#4923,.F.);
#6502=ORIENTED_EDGE('',*,*,#4913,.F.);
#6503=ORIENTED_EDGE('',*,*,#4923,.T.);
#6504=ORIENTED_EDGE('',*,*,#4920,.T.);
#6505=ORIENTED_EDGE('',*,*,#4917,.T.);
#6506=ORIENTED_EDGE('',*,*,#4914,.T.);
#6507=ORIENTED_EDGE('',*,*,#4922,.F.);
#6508=ORIENTED_EDGE('',*,*,#4912,.F.);
#6509=ORIENTED_EDGE('',*,*,#4916,.F.);
#6510=ORIENTED_EDGE('',*,*,#4919,.F.);
#6511=ORIENTED_EDGE('',*,*,#4924,.F.);
#6512=ORIENTED_EDGE('',*,*,#4925,.T.);
#6513=ORIENTED_EDGE('',*,*,#4926,.T.);
#6514=ORIENTED_EDGE('',*,*,#4925,.F.);
#6515=ORIENTED_EDGE('',*,*,#4924,.T.);
#6516=ORIENTED_EDGE('',*,*,#4926,.F.);
#6517=ORIENTED_EDGE('',*,*,#4927,.T.);
#6518=ORIENTED_EDGE('',*,*,#4928,.T.);
#6519=ORIENTED_EDGE('',*,*,#4929,.F.);
#6520=ORIENTED_EDGE('',*,*,#4930,.F.);
#6521=ORIENTED_EDGE('',*,*,#4931,.T.);
#6522=ORIENTED_EDGE('',*,*,#4930,.T.);
#6523=ORIENTED_EDGE('',*,*,#4932,.F.);
#6524=ORIENTED_EDGE('',*,*,#4933,.F.);
#6525=ORIENTED_EDGE('',*,*,#4934,.T.);
#6526=ORIENTED_EDGE('',*,*,#4933,.T.);
#6527=ORIENTED_EDGE('',*,*,#4935,.F.);
#6528=ORIENTED_EDGE('',*,*,#4936,.F.);
#6529=ORIENTED_EDGE('',*,*,#4937,.T.);
#6530=ORIENTED_EDGE('',*,*,#4936,.T.);
#6531=ORIENTED_EDGE('',*,*,#4938,.F.);
#6532=ORIENTED_EDGE('',*,*,#4928,.F.);
#6533=ORIENTED_EDGE('',*,*,#4938,.T.);
#6534=ORIENTED_EDGE('',*,*,#4935,.T.);
#6535=ORIENTED_EDGE('',*,*,#4932,.T.);
#6536=ORIENTED_EDGE('',*,*,#4929,.T.);
#6537=ORIENTED_EDGE('',*,*,#4937,.F.);
#6538=ORIENTED_EDGE('',*,*,#4927,.F.);
#6539=ORIENTED_EDGE('',*,*,#4931,.F.);
#6540=ORIENTED_EDGE('',*,*,#4934,.F.);
#6541=ORIENTED_EDGE('',*,*,#4939,.F.);
#6542=ORIENTED_EDGE('',*,*,#4940,.T.);
#6543=ORIENTED_EDGE('',*,*,#4941,.F.);
#6544=ORIENTED_EDGE('',*,*,#4940,.F.);
#6545=ORIENTED_EDGE('',*,*,#4942,.F.);
#6546=ORIENTED_EDGE('',*,*,#4943,.T.);
#6547=ORIENTED_EDGE('',*,*,#4944,.T.);
#6548=ORIENTED_EDGE('',*,*,#4943,.F.);
#6549=ORIENTED_EDGE('',*,*,#4942,.T.);
#6550=ORIENTED_EDGE('',*,*,#4941,.T.);
#6551=ORIENTED_EDGE('',*,*,#4944,.F.);
#6552=ORIENTED_EDGE('',*,*,#4939,.T.);
#6553=ORIENTED_EDGE('',*,*,#4945,.F.);
#6554=ORIENTED_EDGE('',*,*,#4946,.T.);
#6555=ORIENTED_EDGE('',*,*,#4947,.F.);
#6556=ORIENTED_EDGE('',*,*,#4946,.F.);
#6557=ORIENTED_EDGE('',*,*,#4948,.F.);
#6558=ORIENTED_EDGE('',*,*,#4949,.T.);
#6559=ORIENTED_EDGE('',*,*,#4950,.T.);
#6560=ORIENTED_EDGE('',*,*,#4949,.F.);
#6561=ORIENTED_EDGE('',*,*,#4948,.T.);
#6562=ORIENTED_EDGE('',*,*,#4947,.T.);
#6563=ORIENTED_EDGE('',*,*,#4950,.F.);
#6564=ORIENTED_EDGE('',*,*,#4945,.T.);
#6565=ORIENTED_EDGE('',*,*,#4951,.F.);
#6566=ORIENTED_EDGE('',*,*,#4952,.T.);
#6567=ORIENTED_EDGE('',*,*,#4953,.F.);
#6568=ORIENTED_EDGE('',*,*,#4952,.F.);
#6569=ORIENTED_EDGE('',*,*,#4954,.F.);
#6570=ORIENTED_EDGE('',*,*,#4955,.T.);
#6571=ORIENTED_EDGE('',*,*,#4956,.T.);
#6572=ORIENTED_EDGE('',*,*,#4955,.F.);
#6573=ORIENTED_EDGE('',*,*,#4954,.T.);
#6574=ORIENTED_EDGE('',*,*,#4953,.T.);
#6575=ORIENTED_EDGE('',*,*,#4956,.F.);
#6576=ORIENTED_EDGE('',*,*,#4951,.T.);
#6577=ORIENTED_EDGE('',*,*,#4957,.F.);
#6578=ORIENTED_EDGE('',*,*,#4958,.T.);
#6579=ORIENTED_EDGE('',*,*,#4959,.F.);
#6580=ORIENTED_EDGE('',*,*,#4958,.F.);
#6581=ORIENTED_EDGE('',*,*,#4960,.F.);
#6582=ORIENTED_EDGE('',*,*,#4961,.T.);
#6583=ORIENTED_EDGE('',*,*,#4962,.T.);
#6584=ORIENTED_EDGE('',*,*,#4961,.F.);
#6585=ORIENTED_EDGE('',*,*,#4960,.T.);
#6586=ORIENTED_EDGE('',*,*,#4959,.T.);
#6587=ORIENTED_EDGE('',*,*,#4962,.F.);
#6588=ORIENTED_EDGE('',*,*,#4957,.T.);
#6589=ORIENTED_EDGE('',*,*,#4963,.F.);
#6590=ORIENTED_EDGE('',*,*,#4964,.T.);
#6591=ORIENTED_EDGE('',*,*,#4965,.F.);
#6592=ORIENTED_EDGE('',*,*,#4964,.F.);
#6593=ORIENTED_EDGE('',*,*,#4966,.F.);
#6594=ORIENTED_EDGE('',*,*,#4967,.T.);
#6595=ORIENTED_EDGE('',*,*,#4968,.F.);
#6596=ORIENTED_EDGE('',*,*,#4967,.F.);
#6597=ORIENTED_EDGE('',*,*,#4969,.F.);
#6598=ORIENTED_EDGE('',*,*,#4970,.T.);
#6599=ORIENTED_EDGE('',*,*,#4971,.F.);
#6600=ORIENTED_EDGE('',*,*,#4970,.F.);
#6601=ORIENTED_EDGE('',*,*,#4972,.F.);
#6602=ORIENTED_EDGE('',*,*,#4973,.T.);
#6603=ORIENTED_EDGE('',*,*,#4974,.F.);
#6604=ORIENTED_EDGE('',*,*,#4973,.F.);
#6605=ORIENTED_EDGE('',*,*,#4975,.F.);
#6606=ORIENTED_EDGE('',*,*,#4976,.T.);
#6607=ORIENTED_EDGE('',*,*,#4977,.F.);
#6608=ORIENTED_EDGE('',*,*,#4976,.F.);
#6609=ORIENTED_EDGE('',*,*,#4978,.F.);
#6610=ORIENTED_EDGE('',*,*,#4979,.T.);
#6611=ORIENTED_EDGE('',*,*,#4980,.F.);
#6612=ORIENTED_EDGE('',*,*,#4979,.F.);
#6613=ORIENTED_EDGE('',*,*,#4981,.F.);
#6614=ORIENTED_EDGE('',*,*,#4982,.T.);
#6615=ORIENTED_EDGE('',*,*,#4983,.F.);
#6616=ORIENTED_EDGE('',*,*,#4982,.F.);
#6617=ORIENTED_EDGE('',*,*,#4984,.T.);
#6618=ORIENTED_EDGE('',*,*,#4985,.T.);
#6619=ORIENTED_EDGE('',*,*,#4986,.F.);
#6620=ORIENTED_EDGE('',*,*,#4987,.F.);
#6621=ORIENTED_EDGE('',*,*,#4988,.T.);
#6622=ORIENTED_EDGE('',*,*,#4987,.T.);
#6623=ORIENTED_EDGE('',*,*,#4989,.F.);
#6624=ORIENTED_EDGE('',*,*,#4990,.F.);
#6625=ORIENTED_EDGE('',*,*,#4991,.T.);
#6626=ORIENTED_EDGE('',*,*,#4990,.T.);
#6627=ORIENTED_EDGE('',*,*,#4992,.F.);
#6628=ORIENTED_EDGE('',*,*,#4993,.F.);
#6629=ORIENTED_EDGE('',*,*,#4994,.T.);
#6630=ORIENTED_EDGE('',*,*,#4993,.T.);
#6631=ORIENTED_EDGE('',*,*,#4995,.F.);
#6632=ORIENTED_EDGE('',*,*,#4985,.F.);
#6633=ORIENTED_EDGE('',*,*,#4995,.T.);
#6634=ORIENTED_EDGE('',*,*,#4992,.T.);
#6635=ORIENTED_EDGE('',*,*,#4989,.T.);
#6636=ORIENTED_EDGE('',*,*,#4986,.T.);
#6637=ORIENTED_EDGE('',*,*,#4965,.T.);
#6638=ORIENTED_EDGE('',*,*,#4968,.T.);
#6639=ORIENTED_EDGE('',*,*,#4971,.T.);
#6640=ORIENTED_EDGE('',*,*,#4981,.T.);
#6641=ORIENTED_EDGE('',*,*,#4978,.T.);
#6642=ORIENTED_EDGE('',*,*,#4975,.T.);
#6643=ORIENTED_EDGE('',*,*,#4972,.T.);
#6644=ORIENTED_EDGE('',*,*,#4994,.F.);
#6645=ORIENTED_EDGE('',*,*,#4984,.F.);
#6646=ORIENTED_EDGE('',*,*,#4988,.F.);
#6647=ORIENTED_EDGE('',*,*,#4991,.F.);
#6648=ORIENTED_EDGE('',*,*,#4963,.T.);
#6649=ORIENTED_EDGE('',*,*,#4966,.T.);
#6650=ORIENTED_EDGE('',*,*,#4969,.T.);
#6651=ORIENTED_EDGE('',*,*,#4983,.T.);
#6652=ORIENTED_EDGE('',*,*,#4980,.T.);
#6653=ORIENTED_EDGE('',*,*,#4977,.T.);
#6654=ORIENTED_EDGE('',*,*,#4974,.T.);
#6655=ORIENTED_EDGE('',*,*,#4996,.F.);
#6656=ORIENTED_EDGE('',*,*,#4997,.T.);
#6657=ORIENTED_EDGE('',*,*,#4998,.T.);
#6658=ORIENTED_EDGE('',*,*,#4997,.F.);
#6659=ORIENTED_EDGE('',*,*,#4996,.T.);
#6660=ORIENTED_EDGE('',*,*,#4998,.F.);
#6661=ORIENTED_EDGE('',*,*,#4999,.T.);
#6662=ORIENTED_EDGE('',*,*,#5000,.T.);
#6663=ORIENTED_EDGE('',*,*,#5001,.F.);
#6664=ORIENTED_EDGE('',*,*,#5002,.F.);
#6665=ORIENTED_EDGE('',*,*,#5003,.T.);
#6666=ORIENTED_EDGE('',*,*,#5002,.T.);
#6667=ORIENTED_EDGE('',*,*,#5004,.F.);
#6668=ORIENTED_EDGE('',*,*,#5005,.F.);
#6669=ORIENTED_EDGE('',*,*,#5006,.T.);
#6670=ORIENTED_EDGE('',*,*,#5005,.T.);
#6671=ORIENTED_EDGE('',*,*,#5007,.F.);
#6672=ORIENTED_EDGE('',*,*,#5008,.F.);
#6673=ORIENTED_EDGE('',*,*,#5009,.T.);
#6674=ORIENTED_EDGE('',*,*,#5008,.T.);
#6675=ORIENTED_EDGE('',*,*,#5010,.F.);
#6676=ORIENTED_EDGE('',*,*,#5000,.F.);
#6677=ORIENTED_EDGE('',*,*,#5010,.T.);
#6678=ORIENTED_EDGE('',*,*,#5007,.T.);
#6679=ORIENTED_EDGE('',*,*,#5004,.T.);
#6680=ORIENTED_EDGE('',*,*,#5001,.T.);
#6681=ORIENTED_EDGE('',*,*,#5009,.F.);
#6682=ORIENTED_EDGE('',*,*,#4999,.F.);
#6683=ORIENTED_EDGE('',*,*,#5003,.F.);
#6684=ORIENTED_EDGE('',*,*,#5006,.F.);
#6685=ORIENTED_EDGE('',*,*,#5011,.F.);
#6686=ORIENTED_EDGE('',*,*,#5012,.T.);
#6687=ORIENTED_EDGE('',*,*,#5013,.T.);
#6688=ORIENTED_EDGE('',*,*,#5012,.F.);
#6689=ORIENTED_EDGE('',*,*,#5011,.T.);
#6690=ORIENTED_EDGE('',*,*,#5013,.F.);
#6691=ORIENTED_EDGE('',*,*,#5014,.T.);
#6692=ORIENTED_EDGE('',*,*,#5015,.T.);
#6693=ORIENTED_EDGE('',*,*,#5016,.F.);
#6694=ORIENTED_EDGE('',*,*,#5017,.F.);
#6695=ORIENTED_EDGE('',*,*,#5018,.T.);
#6696=ORIENTED_EDGE('',*,*,#5017,.T.);
#6697=ORIENTED_EDGE('',*,*,#5019,.F.);
#6698=ORIENTED_EDGE('',*,*,#5020,.F.);
#6699=ORIENTED_EDGE('',*,*,#5021,.T.);
#6700=ORIENTED_EDGE('',*,*,#5020,.T.);
#6701=ORIENTED_EDGE('',*,*,#5022,.F.);
#6702=ORIENTED_EDGE('',*,*,#5023,.F.);
#6703=ORIENTED_EDGE('',*,*,#5024,.T.);
#6704=ORIENTED_EDGE('',*,*,#5023,.T.);
#6705=ORIENTED_EDGE('',*,*,#5025,.F.);
#6706=ORIENTED_EDGE('',*,*,#5015,.F.);
#6707=ORIENTED_EDGE('',*,*,#5025,.T.);
#6708=ORIENTED_EDGE('',*,*,#5022,.T.);
#6709=ORIENTED_EDGE('',*,*,#5019,.T.);
#6710=ORIENTED_EDGE('',*,*,#5016,.T.);
#6711=ORIENTED_EDGE('',*,*,#5024,.F.);
#6712=ORIENTED_EDGE('',*,*,#5014,.F.);
#6713=ORIENTED_EDGE('',*,*,#5018,.F.);
#6714=ORIENTED_EDGE('',*,*,#5021,.F.);
#6715=ORIENTED_EDGE('',*,*,#5026,.F.);
#6716=ORIENTED_EDGE('',*,*,#5027,.T.);
#6717=ORIENTED_EDGE('',*,*,#5028,.F.);
#6718=ORIENTED_EDGE('',*,*,#5027,.F.);
#6719=ORIENTED_EDGE('',*,*,#5029,.F.);
#6720=ORIENTED_EDGE('',*,*,#5030,.T.);
#6721=ORIENTED_EDGE('',*,*,#5031,.T.);
#6722=ORIENTED_EDGE('',*,*,#5030,.F.);
#6723=ORIENTED_EDGE('',*,*,#5029,.T.);
#6724=ORIENTED_EDGE('',*,*,#5028,.T.);
#6725=ORIENTED_EDGE('',*,*,#5031,.F.);
#6726=ORIENTED_EDGE('',*,*,#5026,.T.);
#6727=ORIENTED_EDGE('',*,*,#5032,.F.);
#6728=ORIENTED_EDGE('',*,*,#5033,.T.);
#6729=ORIENTED_EDGE('',*,*,#5034,.F.);
#6730=ORIENTED_EDGE('',*,*,#5033,.F.);
#6731=ORIENTED_EDGE('',*,*,#5035,.F.);
#6732=ORIENTED_EDGE('',*,*,#5036,.T.);
#6733=ORIENTED_EDGE('',*,*,#5037,.T.);
#6734=ORIENTED_EDGE('',*,*,#5036,.F.);
#6735=ORIENTED_EDGE('',*,*,#5035,.T.);
#6736=ORIENTED_EDGE('',*,*,#5034,.T.);
#6737=ORIENTED_EDGE('',*,*,#5037,.F.);
#6738=ORIENTED_EDGE('',*,*,#5032,.T.);
#6739=ORIENTED_EDGE('',*,*,#5038,.F.);
#6740=ORIENTED_EDGE('',*,*,#5039,.T.);
#6741=ORIENTED_EDGE('',*,*,#5040,.F.);
#6742=ORIENTED_EDGE('',*,*,#5039,.F.);
#6743=ORIENTED_EDGE('',*,*,#5041,.F.);
#6744=ORIENTED_EDGE('',*,*,#5042,.T.);
#6745=ORIENTED_EDGE('',*,*,#5043,.T.);
#6746=ORIENTED_EDGE('',*,*,#5042,.F.);
#6747=ORIENTED_EDGE('',*,*,#5041,.T.);
#6748=ORIENTED_EDGE('',*,*,#5040,.T.);
#6749=ORIENTED_EDGE('',*,*,#5043,.F.);
#6750=ORIENTED_EDGE('',*,*,#5038,.T.);
#6751=ORIENTED_EDGE('',*,*,#5044,.F.);
#6752=ORIENTED_EDGE('',*,*,#5045,.T.);
#6753=ORIENTED_EDGE('',*,*,#5046,.F.);
#6754=ORIENTED_EDGE('',*,*,#5045,.F.);
#6755=ORIENTED_EDGE('',*,*,#5047,.F.);
#6756=ORIENTED_EDGE('',*,*,#5048,.T.);
#6757=ORIENTED_EDGE('',*,*,#5049,.F.);
#6758=ORIENTED_EDGE('',*,*,#5048,.F.);
#6759=ORIENTED_EDGE('',*,*,#5050,.F.);
#6760=ORIENTED_EDGE('',*,*,#5051,.T.);
#6761=ORIENTED_EDGE('',*,*,#5052,.F.);
#6762=ORIENTED_EDGE('',*,*,#5051,.F.);
#6763=ORIENTED_EDGE('',*,*,#5053,.F.);
#6764=ORIENTED_EDGE('',*,*,#5054,.T.);
#6765=ORIENTED_EDGE('',*,*,#5055,.F.);
#6766=ORIENTED_EDGE('',*,*,#5054,.F.);
#6767=ORIENTED_EDGE('',*,*,#5056,.F.);
#6768=ORIENTED_EDGE('',*,*,#5057,.T.);
#6769=ORIENTED_EDGE('',*,*,#5058,.F.);
#6770=ORIENTED_EDGE('',*,*,#5057,.F.);
#6771=ORIENTED_EDGE('',*,*,#5059,.F.);
#6772=ORIENTED_EDGE('',*,*,#5060,.T.);
#6773=ORIENTED_EDGE('',*,*,#5061,.F.);
#6774=ORIENTED_EDGE('',*,*,#5060,.F.);
#6775=ORIENTED_EDGE('',*,*,#5062,.F.);
#6776=ORIENTED_EDGE('',*,*,#5063,.T.);
#6777=ORIENTED_EDGE('',*,*,#5064,.F.);
#6778=ORIENTED_EDGE('',*,*,#5063,.F.);
#6779=ORIENTED_EDGE('',*,*,#5065,.F.);
#6780=ORIENTED_EDGE('',*,*,#5066,.T.);
#6781=ORIENTED_EDGE('',*,*,#5067,.F.);
#6782=ORIENTED_EDGE('',*,*,#5066,.F.);
#6783=ORIENTED_EDGE('',*,*,#5068,.T.);
#6784=ORIENTED_EDGE('',*,*,#5069,.T.);
#6785=ORIENTED_EDGE('',*,*,#5070,.F.);
#6786=ORIENTED_EDGE('',*,*,#5071,.F.);
#6787=ORIENTED_EDGE('',*,*,#5072,.T.);
#6788=ORIENTED_EDGE('',*,*,#5071,.T.);
#6789=ORIENTED_EDGE('',*,*,#5073,.F.);
#6790=ORIENTED_EDGE('',*,*,#5074,.F.);
#6791=ORIENTED_EDGE('',*,*,#5075,.T.);
#6792=ORIENTED_EDGE('',*,*,#5074,.T.);
#6793=ORIENTED_EDGE('',*,*,#5076,.F.);
#6794=ORIENTED_EDGE('',*,*,#5077,.F.);
#6795=ORIENTED_EDGE('',*,*,#5078,.T.);
#6796=ORIENTED_EDGE('',*,*,#5077,.T.);
#6797=ORIENTED_EDGE('',*,*,#5079,.F.);
#6798=ORIENTED_EDGE('',*,*,#5069,.F.);
#6799=ORIENTED_EDGE('',*,*,#5079,.T.);
#6800=ORIENTED_EDGE('',*,*,#5076,.T.);
#6801=ORIENTED_EDGE('',*,*,#5073,.T.);
#6802=ORIENTED_EDGE('',*,*,#5070,.T.);
#6803=ORIENTED_EDGE('',*,*,#5056,.T.);
#6804=ORIENTED_EDGE('',*,*,#5059,.T.);
#6805=ORIENTED_EDGE('',*,*,#5062,.T.);
#6806=ORIENTED_EDGE('',*,*,#5065,.T.);
#6807=ORIENTED_EDGE('',*,*,#5055,.T.);
#6808=ORIENTED_EDGE('',*,*,#5052,.T.);
#6809=ORIENTED_EDGE('',*,*,#5049,.T.);
#6810=ORIENTED_EDGE('',*,*,#5046,.T.);
#6811=ORIENTED_EDGE('',*,*,#5078,.F.);
#6812=ORIENTED_EDGE('',*,*,#5068,.F.);
#6813=ORIENTED_EDGE('',*,*,#5072,.F.);
#6814=ORIENTED_EDGE('',*,*,#5075,.F.);
#6815=ORIENTED_EDGE('',*,*,#5058,.T.);
#6816=ORIENTED_EDGE('',*,*,#5061,.T.);
#6817=ORIENTED_EDGE('',*,*,#5064,.T.);
#6818=ORIENTED_EDGE('',*,*,#5067,.T.);
#6819=ORIENTED_EDGE('',*,*,#5053,.T.);
#6820=ORIENTED_EDGE('',*,*,#5050,.T.);
#6821=ORIENTED_EDGE('',*,*,#5047,.T.);
#6822=ORIENTED_EDGE('',*,*,#5044,.T.);
#6823=ORIENTED_EDGE('',*,*,#5080,.F.);
#6824=ORIENTED_EDGE('',*,*,#5081,.T.);
#6825=ORIENTED_EDGE('',*,*,#5082,.T.);
#6826=ORIENTED_EDGE('',*,*,#5081,.F.);
#6827=ORIENTED_EDGE('',*,*,#5080,.T.);
#6828=ORIENTED_EDGE('',*,*,#5082,.F.);
#6829=ORIENTED_EDGE('',*,*,#5083,.T.);
#6830=ORIENTED_EDGE('',*,*,#5084,.T.);
#6831=ORIENTED_EDGE('',*,*,#5085,.F.);
#6832=ORIENTED_EDGE('',*,*,#5086,.F.);
#6833=ORIENTED_EDGE('',*,*,#5087,.T.);
#6834=ORIENTED_EDGE('',*,*,#5086,.T.);
#6835=ORIENTED_EDGE('',*,*,#5088,.F.);
#6836=ORIENTED_EDGE('',*,*,#5089,.F.);
#6837=ORIENTED_EDGE('',*,*,#5090,.T.);
#6838=ORIENTED_EDGE('',*,*,#5089,.T.);
#6839=ORIENTED_EDGE('',*,*,#5091,.F.);
#6840=ORIENTED_EDGE('',*,*,#5092,.F.);
#6841=ORIENTED_EDGE('',*,*,#5093,.T.);
#6842=ORIENTED_EDGE('',*,*,#5092,.T.);
#6843=ORIENTED_EDGE('',*,*,#5094,.F.);
#6844=ORIENTED_EDGE('',*,*,#5084,.F.);
#6845=ORIENTED_EDGE('',*,*,#5094,.T.);
#6846=ORIENTED_EDGE('',*,*,#5091,.T.);
#6847=ORIENTED_EDGE('',*,*,#5088,.T.);
#6848=ORIENTED_EDGE('',*,*,#5085,.T.);
#6849=ORIENTED_EDGE('',*,*,#5093,.F.);
#6850=ORIENTED_EDGE('',*,*,#5083,.F.);
#6851=ORIENTED_EDGE('',*,*,#5087,.F.);
#6852=ORIENTED_EDGE('',*,*,#5090,.F.);
#6853=ORIENTED_EDGE('',*,*,#5095,.F.);
#6854=ORIENTED_EDGE('',*,*,#5096,.T.);
#6855=ORIENTED_EDGE('',*,*,#5097,.T.);
#6856=ORIENTED_EDGE('',*,*,#5096,.F.);
#6857=ORIENTED_EDGE('',*,*,#5095,.T.);
#6858=ORIENTED_EDGE('',*,*,#5097,.F.);
#6859=ORIENTED_EDGE('',*,*,#5098,.T.);
#6860=ORIENTED_EDGE('',*,*,#5099,.T.);
#6861=ORIENTED_EDGE('',*,*,#5100,.F.);
#6862=ORIENTED_EDGE('',*,*,#5101,.F.);
#6863=ORIENTED_EDGE('',*,*,#5102,.T.);
#6864=ORIENTED_EDGE('',*,*,#5101,.T.);
#6865=ORIENTED_EDGE('',*,*,#5103,.F.);
#6866=ORIENTED_EDGE('',*,*,#5104,.F.);
#6867=ORIENTED_EDGE('',*,*,#5105,.T.);
#6868=ORIENTED_EDGE('',*,*,#5104,.T.);
#6869=ORIENTED_EDGE('',*,*,#5106,.F.);
#6870=ORIENTED_EDGE('',*,*,#5107,.F.);
#6871=ORIENTED_EDGE('',*,*,#5108,.T.);
#6872=ORIENTED_EDGE('',*,*,#5107,.T.);
#6873=ORIENTED_EDGE('',*,*,#5109,.F.);
#6874=ORIENTED_EDGE('',*,*,#5099,.F.);
#6875=ORIENTED_EDGE('',*,*,#5109,.T.);
#6876=ORIENTED_EDGE('',*,*,#5106,.T.);
#6877=ORIENTED_EDGE('',*,*,#5103,.T.);
#6878=ORIENTED_EDGE('',*,*,#5100,.T.);
#6879=ORIENTED_EDGE('',*,*,#5108,.F.);
#6880=ORIENTED_EDGE('',*,*,#5098,.F.);
#6881=ORIENTED_EDGE('',*,*,#5102,.F.);
#6882=ORIENTED_EDGE('',*,*,#5105,.F.);
#6883=ORIENTED_EDGE('',*,*,#5110,.F.);
#6884=ORIENTED_EDGE('',*,*,#5111,.T.);
#6885=ORIENTED_EDGE('',*,*,#5112,.F.);
#6886=ORIENTED_EDGE('',*,*,#5111,.F.);
#6887=ORIENTED_EDGE('',*,*,#5113,.F.);
#6888=ORIENTED_EDGE('',*,*,#5114,.T.);
#6889=ORIENTED_EDGE('',*,*,#5115,.T.);
#6890=ORIENTED_EDGE('',*,*,#5114,.F.);
#6891=ORIENTED_EDGE('',*,*,#5113,.T.);
#6892=ORIENTED_EDGE('',*,*,#5112,.T.);
#6893=ORIENTED_EDGE('',*,*,#5115,.F.);
#6894=ORIENTED_EDGE('',*,*,#5110,.T.);
#6895=ORIENTED_EDGE('',*,*,#5116,.F.);
#6896=ORIENTED_EDGE('',*,*,#5117,.T.);
#6897=ORIENTED_EDGE('',*,*,#5118,.F.);
#6898=ORIENTED_EDGE('',*,*,#5117,.F.);
#6899=ORIENTED_EDGE('',*,*,#5119,.F.);
#6900=ORIENTED_EDGE('',*,*,#5120,.T.);
#6901=ORIENTED_EDGE('',*,*,#5121,.T.);
#6902=ORIENTED_EDGE('',*,*,#5120,.F.);
#6903=ORIENTED_EDGE('',*,*,#5119,.T.);
#6904=ORIENTED_EDGE('',*,*,#5118,.T.);
#6905=ORIENTED_EDGE('',*,*,#5121,.F.);
#6906=ORIENTED_EDGE('',*,*,#5116,.T.);
#6907=ORIENTED_EDGE('',*,*,#5122,.F.);
#6908=ORIENTED_EDGE('',*,*,#5123,.T.);
#6909=ORIENTED_EDGE('',*,*,#5124,.F.);
#6910=ORIENTED_EDGE('',*,*,#5123,.F.);
#6911=ORIENTED_EDGE('',*,*,#5125,.F.);
#6912=ORIENTED_EDGE('',*,*,#5126,.T.);
#6913=ORIENTED_EDGE('',*,*,#5127,.T.);
#6914=ORIENTED_EDGE('',*,*,#5126,.F.);
#6915=ORIENTED_EDGE('',*,*,#5125,.T.);
#6916=ORIENTED_EDGE('',*,*,#5124,.T.);
#6917=ORIENTED_EDGE('',*,*,#5127,.F.);
#6918=ORIENTED_EDGE('',*,*,#5122,.T.);
#6919=ORIENTED_EDGE('',*,*,#5128,.F.);
#6920=ORIENTED_EDGE('',*,*,#5129,.T.);
#6921=ORIENTED_EDGE('',*,*,#5130,.F.);
#6922=ORIENTED_EDGE('',*,*,#5129,.F.);
#6923=ORIENTED_EDGE('',*,*,#5131,.F.);
#6924=ORIENTED_EDGE('',*,*,#5132,.T.);
#6925=ORIENTED_EDGE('',*,*,#5133,.T.);
#6926=ORIENTED_EDGE('',*,*,#5132,.F.);
#6927=ORIENTED_EDGE('',*,*,#5131,.T.);
#6928=ORIENTED_EDGE('',*,*,#5130,.T.);
#6929=ORIENTED_EDGE('',*,*,#5133,.F.);
#6930=ORIENTED_EDGE('',*,*,#5128,.T.);
#6931=ORIENTED_EDGE('',*,*,#5134,.F.);
#6932=ORIENTED_EDGE('',*,*,#5135,.T.);
#6933=ORIENTED_EDGE('',*,*,#5136,.F.);
#6934=ORIENTED_EDGE('',*,*,#5135,.F.);
#6935=ORIENTED_EDGE('',*,*,#5137,.F.);
#6936=ORIENTED_EDGE('',*,*,#5138,.T.);
#6937=ORIENTED_EDGE('',*,*,#5139,.F.);
#6938=ORIENTED_EDGE('',*,*,#5140,.F.);
#6939=ORIENTED_EDGE('',*,*,#5141,.F.);
#6940=ORIENTED_EDGE('',*,*,#5142,.T.);
#6941=ORIENTED_EDGE('',*,*,#5143,.F.);
#6942=ORIENTED_EDGE('',*,*,#5138,.F.);
#6943=ORIENTED_EDGE('',*,*,#5144,.F.);
#6944=ORIENTED_EDGE('',*,*,#5145,.T.);
#6945=ORIENTED_EDGE('',*,*,#5146,.F.);
#6946=ORIENTED_EDGE('',*,*,#5142,.F.);
#6947=ORIENTED_EDGE('',*,*,#5147,.F.);
#6948=ORIENTED_EDGE('',*,*,#5140,.T.);
#6949=ORIENTED_EDGE('',*,*,#5148,.F.);
#6950=ORIENTED_EDGE('',*,*,#5145,.F.);
#6951=ORIENTED_EDGE('',*,*,#5149,.F.);
#6952=ORIENTED_EDGE('',*,*,#5150,.T.);
#6953=ORIENTED_EDGE('',*,*,#5151,.F.);
#6954=ORIENTED_EDGE('',*,*,#5150,.F.);
#6955=ORIENTED_EDGE('',*,*,#5152,.F.);
#6956=ORIENTED_EDGE('',*,*,#5153,.T.);
#6957=ORIENTED_EDGE('',*,*,#5154,.F.);
#6958=ORIENTED_EDGE('',*,*,#5155,.F.);
#6959=ORIENTED_EDGE('',*,*,#5156,.F.);
#6960=ORIENTED_EDGE('',*,*,#5157,.T.);
#6961=ORIENTED_EDGE('',*,*,#5158,.F.);
#6962=ORIENTED_EDGE('',*,*,#5153,.F.);
#6963=ORIENTED_EDGE('',*,*,#5159,.F.);
#6964=ORIENTED_EDGE('',*,*,#5160,.T.);
#6965=ORIENTED_EDGE('',*,*,#5161,.F.);
#6966=ORIENTED_EDGE('',*,*,#5157,.F.);
#6967=ORIENTED_EDGE('',*,*,#5162,.F.);
#6968=ORIENTED_EDGE('',*,*,#5155,.T.);
#6969=ORIENTED_EDGE('',*,*,#5163,.F.);
#6970=ORIENTED_EDGE('',*,*,#5160,.F.);
#6971=ORIENTED_EDGE('',*,*,#5164,.F.);
#6972=ORIENTED_EDGE('',*,*,#5165,.T.);
#6973=ORIENTED_EDGE('',*,*,#5166,.F.);
#6974=ORIENTED_EDGE('',*,*,#5165,.F.);
#6975=ORIENTED_EDGE('',*,*,#5167,.F.);
#6976=ORIENTED_EDGE('',*,*,#5168,.T.);
#6977=ORIENTED_EDGE('',*,*,#5169,.F.);
#6978=ORIENTED_EDGE('',*,*,#5170,.F.);
#6979=ORIENTED_EDGE('',*,*,#5171,.F.);
#6980=ORIENTED_EDGE('',*,*,#5172,.T.);
#6981=ORIENTED_EDGE('',*,*,#5173,.F.);
#6982=ORIENTED_EDGE('',*,*,#5168,.F.);
#6983=ORIENTED_EDGE('',*,*,#5174,.F.);
#6984=ORIENTED_EDGE('',*,*,#5175,.T.);
#6985=ORIENTED_EDGE('',*,*,#5176,.F.);
#6986=ORIENTED_EDGE('',*,*,#5172,.F.);
#6987=ORIENTED_EDGE('',*,*,#5177,.F.);
#6988=ORIENTED_EDGE('',*,*,#5170,.T.);
#6989=ORIENTED_EDGE('',*,*,#5178,.F.);
#6990=ORIENTED_EDGE('',*,*,#5175,.F.);
#6991=ORIENTED_EDGE('',*,*,#5179,.F.);
#6992=ORIENTED_EDGE('',*,*,#5180,.T.);
#6993=ORIENTED_EDGE('',*,*,#5181,.F.);
#6994=ORIENTED_EDGE('',*,*,#5180,.F.);
#6995=ORIENTED_EDGE('',*,*,#5182,.F.);
#6996=ORIENTED_EDGE('',*,*,#5183,.T.);
#6997=ORIENTED_EDGE('',*,*,#5184,.F.);
#6998=ORIENTED_EDGE('',*,*,#5185,.F.);
#6999=ORIENTED_EDGE('',*,*,#5186,.F.);
#7000=ORIENTED_EDGE('',*,*,#5187,.T.);
#7001=ORIENTED_EDGE('',*,*,#5188,.F.);
#7002=ORIENTED_EDGE('',*,*,#5183,.F.);
#7003=ORIENTED_EDGE('',*,*,#5189,.F.);
#7004=ORIENTED_EDGE('',*,*,#5190,.T.);
#7005=ORIENTED_EDGE('',*,*,#5191,.F.);
#7006=ORIENTED_EDGE('',*,*,#5187,.F.);
#7007=ORIENTED_EDGE('',*,*,#5192,.F.);
#7008=ORIENTED_EDGE('',*,*,#5185,.T.);
#7009=ORIENTED_EDGE('',*,*,#5193,.F.);
#7010=ORIENTED_EDGE('',*,*,#5190,.F.);
#7011=ORIENTED_EDGE('',*,*,#5194,.F.);
#7012=ORIENTED_EDGE('',*,*,#5195,.T.);
#7013=ORIENTED_EDGE('',*,*,#5196,.F.);
#7014=ORIENTED_EDGE('',*,*,#5195,.F.);
#7015=ORIENTED_EDGE('',*,*,#5197,.F.);
#7016=ORIENTED_EDGE('',*,*,#5198,.T.);
#7017=ORIENTED_EDGE('',*,*,#5199,.F.);
#7018=ORIENTED_EDGE('',*,*,#5198,.F.);
#7019=ORIENTED_EDGE('',*,*,#5200,.F.);
#7020=ORIENTED_EDGE('',*,*,#5201,.T.);
#7021=ORIENTED_EDGE('',*,*,#5202,.F.);
#7022=ORIENTED_EDGE('',*,*,#5201,.F.);
#7023=ORIENTED_EDGE('',*,*,#5203,.F.);
#7024=ORIENTED_EDGE('',*,*,#5204,.T.);
#7025=ORIENTED_EDGE('',*,*,#5205,.F.);
#7026=ORIENTED_EDGE('',*,*,#5204,.F.);
#7027=ORIENTED_EDGE('',*,*,#5206,.T.);
#7028=ORIENTED_EDGE('',*,*,#5207,.T.);
#7029=ORIENTED_EDGE('',*,*,#5208,.F.);
#7030=ORIENTED_EDGE('',*,*,#5209,.F.);
#7031=ORIENTED_EDGE('',*,*,#5210,.T.);
#7032=ORIENTED_EDGE('',*,*,#5209,.T.);
#7033=ORIENTED_EDGE('',*,*,#5211,.F.);
#7034=ORIENTED_EDGE('',*,*,#5212,.F.);
#7035=ORIENTED_EDGE('',*,*,#5213,.T.);
#7036=ORIENTED_EDGE('',*,*,#5212,.T.);
#7037=ORIENTED_EDGE('',*,*,#5214,.F.);
#7038=ORIENTED_EDGE('',*,*,#5215,.F.);
#7039=ORIENTED_EDGE('',*,*,#5216,.T.);
#7040=ORIENTED_EDGE('',*,*,#5215,.T.);
#7041=ORIENTED_EDGE('',*,*,#5217,.F.);
#7042=ORIENTED_EDGE('',*,*,#5207,.F.);
#7043=ORIENTED_EDGE('',*,*,#5217,.T.);
#7044=ORIENTED_EDGE('',*,*,#5214,.T.);
#7045=ORIENTED_EDGE('',*,*,#5211,.T.);
#7046=ORIENTED_EDGE('',*,*,#5208,.T.);
#7047=ORIENTED_EDGE('',*,*,#5139,.T.);
#7048=ORIENTED_EDGE('',*,*,#5143,.T.);
#7049=ORIENTED_EDGE('',*,*,#5146,.T.);
#7050=ORIENTED_EDGE('',*,*,#5148,.T.);
#7051=ORIENTED_EDGE('',*,*,#5154,.T.);
#7052=ORIENTED_EDGE('',*,*,#5158,.T.);
#7053=ORIENTED_EDGE('',*,*,#5161,.T.);
#7054=ORIENTED_EDGE('',*,*,#5163,.T.);
#7055=ORIENTED_EDGE('',*,*,#5194,.T.);
#7056=ORIENTED_EDGE('',*,*,#5197,.T.);
#7057=ORIENTED_EDGE('',*,*,#5200,.T.);
#7058=ORIENTED_EDGE('',*,*,#5203,.T.);
#7059=ORIENTED_EDGE('',*,*,#5184,.T.);
#7060=ORIENTED_EDGE('',*,*,#5188,.T.);
#7061=ORIENTED_EDGE('',*,*,#5191,.T.);
#7062=ORIENTED_EDGE('',*,*,#5193,.T.);
#7063=ORIENTED_EDGE('',*,*,#5181,.T.);
#7064=ORIENTED_EDGE('',*,*,#5169,.T.);
#7065=ORIENTED_EDGE('',*,*,#5173,.T.);
#7066=ORIENTED_EDGE('',*,*,#5176,.T.);
#7067=ORIENTED_EDGE('',*,*,#5178,.T.);
#7068=ORIENTED_EDGE('',*,*,#5166,.T.);
#7069=ORIENTED_EDGE('',*,*,#5151,.T.);
#7070=ORIENTED_EDGE('',*,*,#5136,.T.);
#7071=ORIENTED_EDGE('',*,*,#5216,.F.);
#7072=ORIENTED_EDGE('',*,*,#5206,.F.);
#7073=ORIENTED_EDGE('',*,*,#5210,.F.);
#7074=ORIENTED_EDGE('',*,*,#5213,.F.);
#7075=ORIENTED_EDGE('',*,*,#5137,.T.);
#7076=ORIENTED_EDGE('',*,*,#5147,.T.);
#7077=ORIENTED_EDGE('',*,*,#5144,.T.);
#7078=ORIENTED_EDGE('',*,*,#5141,.T.);
#7079=ORIENTED_EDGE('',*,*,#5152,.T.);
#7080=ORIENTED_EDGE('',*,*,#5162,.T.);
#7081=ORIENTED_EDGE('',*,*,#5159,.T.);
#7082=ORIENTED_EDGE('',*,*,#5156,.T.);
#7083=ORIENTED_EDGE('',*,*,#5196,.T.);
#7084=ORIENTED_EDGE('',*,*,#5199,.T.);
#7085=ORIENTED_EDGE('',*,*,#5202,.T.);
#7086=ORIENTED_EDGE('',*,*,#5205,.T.);
#7087=ORIENTED_EDGE('',*,*,#5182,.T.);
#7088=ORIENTED_EDGE('',*,*,#5192,.T.);
#7089=ORIENTED_EDGE('',*,*,#5189,.T.);
#7090=ORIENTED_EDGE('',*,*,#5186,.T.);
#7091=ORIENTED_EDGE('',*,*,#5179,.T.);
#7092=ORIENTED_EDGE('',*,*,#5167,.T.);
#7093=ORIENTED_EDGE('',*,*,#5177,.T.);
#7094=ORIENTED_EDGE('',*,*,#5174,.T.);
#7095=ORIENTED_EDGE('',*,*,#5171,.T.);
#7096=ORIENTED_EDGE('',*,*,#5164,.T.);
#7097=ORIENTED_EDGE('',*,*,#5149,.T.);
#7098=ORIENTED_EDGE('',*,*,#5134,.T.);
#7099=ORIENTED_EDGE('',*,*,#5218,.F.);
#7100=ORIENTED_EDGE('',*,*,#5219,.T.);
#7101=ORIENTED_EDGE('',*,*,#5220,.T.);
#7102=ORIENTED_EDGE('',*,*,#5219,.F.);
#7103=ORIENTED_EDGE('',*,*,#5218,.T.);
#7104=ORIENTED_EDGE('',*,*,#5220,.F.);
#7105=ORIENTED_EDGE('',*,*,#5221,.T.);
#7106=ORIENTED_EDGE('',*,*,#5222,.T.);
#7107=ORIENTED_EDGE('',*,*,#5223,.F.);
#7108=ORIENTED_EDGE('',*,*,#5224,.F.);
#7109=ORIENTED_EDGE('',*,*,#5225,.T.);
#7110=ORIENTED_EDGE('',*,*,#5224,.T.);
#7111=ORIENTED_EDGE('',*,*,#5226,.F.);
#7112=ORIENTED_EDGE('',*,*,#5227,.F.);
#7113=ORIENTED_EDGE('',*,*,#5228,.T.);
#7114=ORIENTED_EDGE('',*,*,#5227,.T.);
#7115=ORIENTED_EDGE('',*,*,#5229,.F.);
#7116=ORIENTED_EDGE('',*,*,#5230,.F.);
#7117=ORIENTED_EDGE('',*,*,#5231,.T.);
#7118=ORIENTED_EDGE('',*,*,#5230,.T.);
#7119=ORIENTED_EDGE('',*,*,#5232,.F.);
#7120=ORIENTED_EDGE('',*,*,#5222,.F.);
#7121=ORIENTED_EDGE('',*,*,#5232,.T.);
#7122=ORIENTED_EDGE('',*,*,#5229,.T.);
#7123=ORIENTED_EDGE('',*,*,#5226,.T.);
#7124=ORIENTED_EDGE('',*,*,#5223,.T.);
#7125=ORIENTED_EDGE('',*,*,#5231,.F.);
#7126=ORIENTED_EDGE('',*,*,#5221,.F.);
#7127=ORIENTED_EDGE('',*,*,#5225,.F.);
#7128=ORIENTED_EDGE('',*,*,#5228,.F.);
#7129=ORIENTED_EDGE('',*,*,#5233,.T.);
#7130=ORIENTED_EDGE('',*,*,#5234,.T.);
#7131=ORIENTED_EDGE('',*,*,#5235,.F.);
#7132=ORIENTED_EDGE('',*,*,#5236,.F.);
#7133=ORIENTED_EDGE('',*,*,#5237,.T.);
#7134=ORIENTED_EDGE('',*,*,#5236,.T.);
#7135=ORIENTED_EDGE('',*,*,#5238,.F.);
#7136=ORIENTED_EDGE('',*,*,#5239,.F.);
#7137=ORIENTED_EDGE('',*,*,#5240,.T.);
#7138=ORIENTED_EDGE('',*,*,#5239,.T.);
#7139=ORIENTED_EDGE('',*,*,#5241,.F.);
#7140=ORIENTED_EDGE('',*,*,#5242,.F.);
#7141=ORIENTED_EDGE('',*,*,#5243,.T.);
#7142=ORIENTED_EDGE('',*,*,#5242,.T.);
#7143=ORIENTED_EDGE('',*,*,#5244,.F.);
#7144=ORIENTED_EDGE('',*,*,#5234,.F.);
#7145=ORIENTED_EDGE('',*,*,#5244,.T.);
#7146=ORIENTED_EDGE('',*,*,#5241,.T.);
#7147=ORIENTED_EDGE('',*,*,#5238,.T.);
#7148=ORIENTED_EDGE('',*,*,#5235,.T.);
#7149=ORIENTED_EDGE('',*,*,#5243,.F.);
#7150=ORIENTED_EDGE('',*,*,#5233,.F.);
#7151=ORIENTED_EDGE('',*,*,#5237,.F.);
#7152=ORIENTED_EDGE('',*,*,#5240,.F.);
#7153=ORIENTED_EDGE('',*,*,#5245,.T.);
#7154=ORIENTED_EDGE('',*,*,#5246,.T.);
#7155=ORIENTED_EDGE('',*,*,#5247,.F.);
#7156=ORIENTED_EDGE('',*,*,#5248,.F.);
#7157=ORIENTED_EDGE('',*,*,#5249,.T.);
#7158=ORIENTED_EDGE('',*,*,#5248,.T.);
#7159=ORIENTED_EDGE('',*,*,#5250,.F.);
#7160=ORIENTED_EDGE('',*,*,#5251,.F.);
#7161=ORIENTED_EDGE('',*,*,#5252,.T.);
#7162=ORIENTED_EDGE('',*,*,#5251,.T.);
#7163=ORIENTED_EDGE('',*,*,#5253,.F.);
#7164=ORIENTED_EDGE('',*,*,#5254,.F.);
#7165=ORIENTED_EDGE('',*,*,#5255,.T.);
#7166=ORIENTED_EDGE('',*,*,#5254,.T.);
#7167=ORIENTED_EDGE('',*,*,#5256,.F.);
#7168=ORIENTED_EDGE('',*,*,#5246,.F.);
#7169=ORIENTED_EDGE('',*,*,#5256,.T.);
#7170=ORIENTED_EDGE('',*,*,#5253,.T.);
#7171=ORIENTED_EDGE('',*,*,#5250,.T.);
#7172=ORIENTED_EDGE('',*,*,#5247,.T.);
#7173=ORIENTED_EDGE('',*,*,#5255,.F.);
#7174=ORIENTED_EDGE('',*,*,#5245,.F.);
#7175=ORIENTED_EDGE('',*,*,#5249,.F.);
#7176=ORIENTED_EDGE('',*,*,#5252,.F.);
#7177=ORIENTED_EDGE('',*,*,#5257,.F.);
#7178=ORIENTED_EDGE('',*,*,#5258,.T.);
#7179=ORIENTED_EDGE('',*,*,#5259,.F.);
#7180=ORIENTED_EDGE('',*,*,#5258,.F.);
#7181=ORIENTED_EDGE('',*,*,#5260,.F.);
#7182=ORIENTED_EDGE('',*,*,#5261,.T.);
#7183=ORIENTED_EDGE('',*,*,#5262,.T.);
#7184=ORIENTED_EDGE('',*,*,#5261,.F.);
#7185=ORIENTED_EDGE('',*,*,#5260,.T.);
#7186=ORIENTED_EDGE('',*,*,#5259,.T.);
#7187=ORIENTED_EDGE('',*,*,#5262,.F.);
#7188=ORIENTED_EDGE('',*,*,#5257,.T.);
#7189=ORIENTED_EDGE('',*,*,#5263,.T.);
#7190=ORIENTED_EDGE('',*,*,#5264,.T.);
#7191=ORIENTED_EDGE('',*,*,#5265,.F.);
#7192=ORIENTED_EDGE('',*,*,#5266,.F.);
#7193=ORIENTED_EDGE('',*,*,#5267,.T.);
#7194=ORIENTED_EDGE('',*,*,#5266,.T.);
#7195=ORIENTED_EDGE('',*,*,#5268,.F.);
#7196=ORIENTED_EDGE('',*,*,#5269,.F.);
#7197=ORIENTED_EDGE('',*,*,#5270,.T.);
#7198=ORIENTED_EDGE('',*,*,#5269,.T.);
#7199=ORIENTED_EDGE('',*,*,#5271,.F.);
#7200=ORIENTED_EDGE('',*,*,#5272,.F.);
#7201=ORIENTED_EDGE('',*,*,#5273,.T.);
#7202=ORIENTED_EDGE('',*,*,#5272,.T.);
#7203=ORIENTED_EDGE('',*,*,#5274,.F.);
#7204=ORIENTED_EDGE('',*,*,#5264,.F.);
#7205=ORIENTED_EDGE('',*,*,#5274,.T.);
#7206=ORIENTED_EDGE('',*,*,#5271,.T.);
#7207=ORIENTED_EDGE('',*,*,#5268,.T.);
#7208=ORIENTED_EDGE('',*,*,#5265,.T.);
#7209=ORIENTED_EDGE('',*,*,#5273,.F.);
#7210=ORIENTED_EDGE('',*,*,#5263,.F.);
#7211=ORIENTED_EDGE('',*,*,#5267,.F.);
#7212=ORIENTED_EDGE('',*,*,#5270,.F.);
#7213=ORIENTED_EDGE('',*,*,#5275,.T.);
#7214=ORIENTED_EDGE('',*,*,#5276,.T.);
#7215=ORIENTED_EDGE('',*,*,#5277,.F.);
#7216=ORIENTED_EDGE('',*,*,#5278,.F.);
#7217=ORIENTED_EDGE('',*,*,#5279,.T.);
#7218=ORIENTED_EDGE('',*,*,#5278,.T.);
#7219=ORIENTED_EDGE('',*,*,#5280,.F.);
#7220=ORIENTED_EDGE('',*,*,#5281,.F.);
#7221=ORIENTED_EDGE('',*,*,#5282,.T.);
#7222=ORIENTED_EDGE('',*,*,#5281,.T.);
#7223=ORIENTED_EDGE('',*,*,#5283,.F.);
#7224=ORIENTED_EDGE('',*,*,#5284,.F.);
#7225=ORIENTED_EDGE('',*,*,#5285,.T.);
#7226=ORIENTED_EDGE('',*,*,#5284,.T.);
#7227=ORIENTED_EDGE('',*,*,#5286,.F.);
#7228=ORIENTED_EDGE('',*,*,#5276,.F.);
#7229=ORIENTED_EDGE('',*,*,#5286,.T.);
#7230=ORIENTED_EDGE('',*,*,#5283,.T.);
#7231=ORIENTED_EDGE('',*,*,#5280,.T.);
#7232=ORIENTED_EDGE('',*,*,#5277,.T.);
#7233=ORIENTED_EDGE('',*,*,#5285,.F.);
#7234=ORIENTED_EDGE('',*,*,#5275,.F.);
#7235=ORIENTED_EDGE('',*,*,#5279,.F.);
#7236=ORIENTED_EDGE('',*,*,#5282,.F.);
#7237=ORIENTED_EDGE('',*,*,#5287,.F.);
#7238=ORIENTED_EDGE('',*,*,#5288,.T.);
#7239=ORIENTED_EDGE('',*,*,#5289,.F.);
#7240=ORIENTED_EDGE('',*,*,#5288,.F.);
#7241=ORIENTED_EDGE('',*,*,#5290,.F.);
#7242=ORIENTED_EDGE('',*,*,#5291,.T.);
#7243=ORIENTED_EDGE('',*,*,#5292,.T.);
#7244=ORIENTED_EDGE('',*,*,#5291,.F.);
#7245=ORIENTED_EDGE('',*,*,#5290,.T.);
#7246=ORIENTED_EDGE('',*,*,#5289,.T.);
#7247=ORIENTED_EDGE('',*,*,#5292,.F.);
#7248=ORIENTED_EDGE('',*,*,#5287,.T.);
#7249=ORIENTED_EDGE('',*,*,#5293,.T.);
#7250=ORIENTED_EDGE('',*,*,#5294,.T.);
#7251=ORIENTED_EDGE('',*,*,#5295,.F.);
#7252=ORIENTED_EDGE('',*,*,#5296,.F.);
#7253=ORIENTED_EDGE('',*,*,#5297,.T.);
#7254=ORIENTED_EDGE('',*,*,#5296,.T.);
#7255=ORIENTED_EDGE('',*,*,#5298,.F.);
#7256=ORIENTED_EDGE('',*,*,#5299,.F.);
#7257=ORIENTED_EDGE('',*,*,#5300,.T.);
#7258=ORIENTED_EDGE('',*,*,#5299,.T.);
#7259=ORIENTED_EDGE('',*,*,#5301,.F.);
#7260=ORIENTED_EDGE('',*,*,#5302,.F.);
#7261=ORIENTED_EDGE('',*,*,#5303,.T.);
#7262=ORIENTED_EDGE('',*,*,#5302,.T.);
#7263=ORIENTED_EDGE('',*,*,#5304,.F.);
#7264=ORIENTED_EDGE('',*,*,#5294,.F.);
#7265=ORIENTED_EDGE('',*,*,#5304,.T.);
#7266=ORIENTED_EDGE('',*,*,#5301,.T.);
#7267=ORIENTED_EDGE('',*,*,#5298,.T.);
#7268=ORIENTED_EDGE('',*,*,#5295,.T.);
#7269=ORIENTED_EDGE('',*,*,#5303,.F.);
#7270=ORIENTED_EDGE('',*,*,#5293,.F.);
#7271=ORIENTED_EDGE('',*,*,#5297,.F.);
#7272=ORIENTED_EDGE('',*,*,#5300,.F.);
#7273=ORIENTED_EDGE('',*,*,#5305,.T.);
#7274=ORIENTED_EDGE('',*,*,#5306,.T.);
#7275=ORIENTED_EDGE('',*,*,#5307,.F.);
#7276=ORIENTED_EDGE('',*,*,#5308,.F.);
#7277=ORIENTED_EDGE('',*,*,#5309,.T.);
#7278=ORIENTED_EDGE('',*,*,#5308,.T.);
#7279=ORIENTED_EDGE('',*,*,#5310,.F.);
#7280=ORIENTED_EDGE('',*,*,#5311,.F.);
#7281=ORIENTED_EDGE('',*,*,#5312,.T.);
#7282=ORIENTED_EDGE('',*,*,#5311,.T.);
#7283=ORIENTED_EDGE('',*,*,#5313,.F.);
#7284=ORIENTED_EDGE('',*,*,#5314,.F.);
#7285=ORIENTED_EDGE('',*,*,#5315,.T.);
#7286=ORIENTED_EDGE('',*,*,#5314,.T.);
#7287=ORIENTED_EDGE('',*,*,#5316,.F.);
#7288=ORIENTED_EDGE('',*,*,#5306,.F.);
#7289=ORIENTED_EDGE('',*,*,#5316,.T.);
#7290=ORIENTED_EDGE('',*,*,#5313,.T.);
#7291=ORIENTED_EDGE('',*,*,#5310,.T.);
#7292=ORIENTED_EDGE('',*,*,#5307,.T.);
#7293=ORIENTED_EDGE('',*,*,#5315,.F.);
#7294=ORIENTED_EDGE('',*,*,#5305,.F.);
#7295=ORIENTED_EDGE('',*,*,#5309,.F.);
#7296=ORIENTED_EDGE('',*,*,#5312,.F.);
#7297=ORIENTED_EDGE('',*,*,#5317,.F.);
#7298=ORIENTED_EDGE('',*,*,#5318,.T.);
#7299=ORIENTED_EDGE('',*,*,#5319,.F.);
#7300=ORIENTED_EDGE('',*,*,#5318,.F.);
#7301=ORIENTED_EDGE('',*,*,#5320,.F.);
#7302=ORIENTED_EDGE('',*,*,#5321,.T.);
#7303=ORIENTED_EDGE('',*,*,#5322,.T.);
#7304=ORIENTED_EDGE('',*,*,#5321,.F.);
#7305=ORIENTED_EDGE('',*,*,#5320,.T.);
#7306=ORIENTED_EDGE('',*,*,#5319,.T.);
#7307=ORIENTED_EDGE('',*,*,#5322,.F.);
#7308=ORIENTED_EDGE('',*,*,#5317,.T.);
#7309=ORIENTED_EDGE('',*,*,#5323,.T.);
#7310=ORIENTED_EDGE('',*,*,#5324,.T.);
#7311=ORIENTED_EDGE('',*,*,#5325,.F.);
#7312=ORIENTED_EDGE('',*,*,#5326,.F.);
#7313=ORIENTED_EDGE('',*,*,#5327,.T.);
#7314=ORIENTED_EDGE('',*,*,#5326,.T.);
#7315=ORIENTED_EDGE('',*,*,#5328,.F.);
#7316=ORIENTED_EDGE('',*,*,#5329,.F.);
#7317=ORIENTED_EDGE('',*,*,#5330,.T.);
#7318=ORIENTED_EDGE('',*,*,#5329,.T.);
#7319=ORIENTED_EDGE('',*,*,#5331,.F.);
#7320=ORIENTED_EDGE('',*,*,#5332,.F.);
#7321=ORIENTED_EDGE('',*,*,#5333,.T.);
#7322=ORIENTED_EDGE('',*,*,#5332,.T.);
#7323=ORIENTED_EDGE('',*,*,#5334,.F.);
#7324=ORIENTED_EDGE('',*,*,#5324,.F.);
#7325=ORIENTED_EDGE('',*,*,#5334,.T.);
#7326=ORIENTED_EDGE('',*,*,#5331,.T.);
#7327=ORIENTED_EDGE('',*,*,#5328,.T.);
#7328=ORIENTED_EDGE('',*,*,#5325,.T.);
#7329=ORIENTED_EDGE('',*,*,#5333,.F.);
#7330=ORIENTED_EDGE('',*,*,#5323,.F.);
#7331=ORIENTED_EDGE('',*,*,#5327,.F.);
#7332=ORIENTED_EDGE('',*,*,#5330,.F.);
#7333=ORIENTED_EDGE('',*,*,#5335,.T.);
#7334=ORIENTED_EDGE('',*,*,#5336,.T.);
#7335=ORIENTED_EDGE('',*,*,#5337,.F.);
#7336=ORIENTED_EDGE('',*,*,#5338,.F.);
#7337=ORIENTED_EDGE('',*,*,#5339,.T.);
#7338=ORIENTED_EDGE('',*,*,#5338,.T.);
#7339=ORIENTED_EDGE('',*,*,#5340,.F.);
#7340=ORIENTED_EDGE('',*,*,#5341,.F.);
#7341=ORIENTED_EDGE('',*,*,#5342,.T.);
#7342=ORIENTED_EDGE('',*,*,#5341,.T.);
#7343=ORIENTED_EDGE('',*,*,#5343,.F.);
#7344=ORIENTED_EDGE('',*,*,#5344,.F.);
#7345=ORIENTED_EDGE('',*,*,#5345,.T.);
#7346=ORIENTED_EDGE('',*,*,#5344,.T.);
#7347=ORIENTED_EDGE('',*,*,#5346,.F.);
#7348=ORIENTED_EDGE('',*,*,#5336,.F.);
#7349=ORIENTED_EDGE('',*,*,#5346,.T.);
#7350=ORIENTED_EDGE('',*,*,#5343,.T.);
#7351=ORIENTED_EDGE('',*,*,#5340,.T.);
#7352=ORIENTED_EDGE('',*,*,#5337,.T.);
#7353=ORIENTED_EDGE('',*,*,#5345,.F.);
#7354=ORIENTED_EDGE('',*,*,#5335,.F.);
#7355=ORIENTED_EDGE('',*,*,#5339,.F.);
#7356=ORIENTED_EDGE('',*,*,#5342,.F.);
#7357=ORIENTED_EDGE('',*,*,#5347,.F.);
#7358=ORIENTED_EDGE('',*,*,#5348,.T.);
#7359=ORIENTED_EDGE('',*,*,#5349,.F.);
#7360=ORIENTED_EDGE('',*,*,#5348,.F.);
#7361=ORIENTED_EDGE('',*,*,#5350,.F.);
#7362=ORIENTED_EDGE('',*,*,#5351,.T.);
#7363=ORIENTED_EDGE('',*,*,#5352,.T.);
#7364=ORIENTED_EDGE('',*,*,#5351,.F.);
#7365=ORIENTED_EDGE('',*,*,#5350,.T.);
#7366=ORIENTED_EDGE('',*,*,#5349,.T.);
#7367=ORIENTED_EDGE('',*,*,#5352,.F.);
#7368=ORIENTED_EDGE('',*,*,#5347,.T.);
#7369=ORIENTED_EDGE('',*,*,#5353,.F.);
#7370=ORIENTED_EDGE('',*,*,#5354,.T.);
#7371=ORIENTED_EDGE('',*,*,#5355,.F.);
#7372=ORIENTED_EDGE('',*,*,#5354,.F.);
#7373=ORIENTED_EDGE('',*,*,#5356,.F.);
#7374=ORIENTED_EDGE('',*,*,#5357,.T.);
#7375=ORIENTED_EDGE('',*,*,#5358,.F.);
#7376=ORIENTED_EDGE('',*,*,#5357,.F.);
#7377=ORIENTED_EDGE('',*,*,#5359,.F.);
#7378=ORIENTED_EDGE('',*,*,#5360,.T.);
#7379=ORIENTED_EDGE('',*,*,#5361,.F.);
#7380=ORIENTED_EDGE('',*,*,#5360,.F.);
#7381=ORIENTED_EDGE('',*,*,#5362,.F.);
#7382=ORIENTED_EDGE('',*,*,#5363,.T.);
#7383=ORIENTED_EDGE('',*,*,#5364,.F.);
#7384=ORIENTED_EDGE('',*,*,#5363,.F.);
#7385=ORIENTED_EDGE('',*,*,#5365,.F.);
#7386=ORIENTED_EDGE('',*,*,#5366,.T.);
#7387=ORIENTED_EDGE('',*,*,#5367,.F.);
#7388=ORIENTED_EDGE('',*,*,#5366,.F.);
#7389=ORIENTED_EDGE('',*,*,#5368,.F.);
#7390=ORIENTED_EDGE('',*,*,#5369,.T.);
#7391=ORIENTED_EDGE('',*,*,#5370,.F.);
#7392=ORIENTED_EDGE('',*,*,#5369,.F.);
#7393=ORIENTED_EDGE('',*,*,#5371,.T.);
#7394=ORIENTED_EDGE('',*,*,#5372,.T.);
#7395=ORIENTED_EDGE('',*,*,#5373,.F.);
#7396=ORIENTED_EDGE('',*,*,#5374,.F.);
#7397=ORIENTED_EDGE('',*,*,#5375,.T.);
#7398=ORIENTED_EDGE('',*,*,#5374,.T.);
#7399=ORIENTED_EDGE('',*,*,#5376,.F.);
#7400=ORIENTED_EDGE('',*,*,#5377,.F.);
#7401=ORIENTED_EDGE('',*,*,#5378,.T.);
#7402=ORIENTED_EDGE('',*,*,#5377,.T.);
#7403=ORIENTED_EDGE('',*,*,#5379,.F.);
#7404=ORIENTED_EDGE('',*,*,#5380,.F.);
#7405=ORIENTED_EDGE('',*,*,#5381,.T.);
#7406=ORIENTED_EDGE('',*,*,#5380,.T.);
#7407=ORIENTED_EDGE('',*,*,#5382,.F.);
#7408=ORIENTED_EDGE('',*,*,#5372,.F.);
#7409=ORIENTED_EDGE('',*,*,#5382,.T.);
#7410=ORIENTED_EDGE('',*,*,#5379,.T.);
#7411=ORIENTED_EDGE('',*,*,#5376,.T.);
#7412=ORIENTED_EDGE('',*,*,#5373,.T.);
#7413=ORIENTED_EDGE('',*,*,#5355,.T.);
#7414=ORIENTED_EDGE('',*,*,#5358,.T.);
#7415=ORIENTED_EDGE('',*,*,#5368,.T.);
#7416=ORIENTED_EDGE('',*,*,#5365,.T.);
#7417=ORIENTED_EDGE('',*,*,#5362,.T.);
#7418=ORIENTED_EDGE('',*,*,#5359,.T.);
#7419=ORIENTED_EDGE('',*,*,#5381,.F.);
#7420=ORIENTED_EDGE('',*,*,#5371,.F.);
#7421=ORIENTED_EDGE('',*,*,#5375,.F.);
#7422=ORIENTED_EDGE('',*,*,#5378,.F.);
#7423=ORIENTED_EDGE('',*,*,#5353,.T.);
#7424=ORIENTED_EDGE('',*,*,#5356,.T.);
#7425=ORIENTED_EDGE('',*,*,#5370,.T.);
#7426=ORIENTED_EDGE('',*,*,#5367,.T.);
#7427=ORIENTED_EDGE('',*,*,#5364,.T.);
#7428=ORIENTED_EDGE('',*,*,#5361,.T.);
#7429=ORIENTED_EDGE('',*,*,#5383,.T.);
#7430=ORIENTED_EDGE('',*,*,#5384,.T.);
#7431=ORIENTED_EDGE('',*,*,#5385,.F.);
#7432=ORIENTED_EDGE('',*,*,#5386,.F.);
#7433=ORIENTED_EDGE('',*,*,#5387,.T.);
#7434=ORIENTED_EDGE('',*,*,#5386,.T.);
#7435=ORIENTED_EDGE('',*,*,#5388,.F.);
#7436=ORIENTED_EDGE('',*,*,#5389,.F.);
#7437=ORIENTED_EDGE('',*,*,#5390,.T.);
#7438=ORIENTED_EDGE('',*,*,#5389,.T.);
#7439=ORIENTED_EDGE('',*,*,#5391,.F.);
#7440=ORIENTED_EDGE('',*,*,#5392,.F.);
#7441=ORIENTED_EDGE('',*,*,#5393,.T.);
#7442=ORIENTED_EDGE('',*,*,#5392,.T.);
#7443=ORIENTED_EDGE('',*,*,#5394,.F.);
#7444=ORIENTED_EDGE('',*,*,#5384,.F.);
#7445=ORIENTED_EDGE('',*,*,#5394,.T.);
#7446=ORIENTED_EDGE('',*,*,#5391,.T.);
#7447=ORIENTED_EDGE('',*,*,#5388,.T.);
#7448=ORIENTED_EDGE('',*,*,#5385,.T.);
#7449=ORIENTED_EDGE('',*,*,#5393,.F.);
#7450=ORIENTED_EDGE('',*,*,#5383,.F.);
#7451=ORIENTED_EDGE('',*,*,#5387,.F.);
#7452=ORIENTED_EDGE('',*,*,#5390,.F.);
#7453=ORIENTED_EDGE('',*,*,#5395,.T.);
#7454=ORIENTED_EDGE('',*,*,#5396,.T.);
#7455=ORIENTED_EDGE('',*,*,#5397,.F.);
#7456=ORIENTED_EDGE('',*,*,#5398,.F.);
#7457=ORIENTED_EDGE('',*,*,#5399,.T.);
#7458=ORIENTED_EDGE('',*,*,#5398,.T.);
#7459=ORIENTED_EDGE('',*,*,#5400,.F.);
#7460=ORIENTED_EDGE('',*,*,#5401,.F.);
#7461=ORIENTED_EDGE('',*,*,#5402,.T.);
#7462=ORIENTED_EDGE('',*,*,#5401,.T.);
#7463=ORIENTED_EDGE('',*,*,#5403,.F.);
#7464=ORIENTED_EDGE('',*,*,#5404,.F.);
#7465=ORIENTED_EDGE('',*,*,#5405,.T.);
#7466=ORIENTED_EDGE('',*,*,#5404,.T.);
#7467=ORIENTED_EDGE('',*,*,#5406,.F.);
#7468=ORIENTED_EDGE('',*,*,#5396,.F.);
#7469=ORIENTED_EDGE('',*,*,#5406,.T.);
#7470=ORIENTED_EDGE('',*,*,#5403,.T.);
#7471=ORIENTED_EDGE('',*,*,#5400,.T.);
#7472=ORIENTED_EDGE('',*,*,#5397,.T.);
#7473=ORIENTED_EDGE('',*,*,#5405,.F.);
#7474=ORIENTED_EDGE('',*,*,#5395,.F.);
#7475=ORIENTED_EDGE('',*,*,#5399,.F.);
#7476=ORIENTED_EDGE('',*,*,#5402,.F.);
#7477=ORIENTED_EDGE('',*,*,#5407,.F.);
#7478=ORIENTED_EDGE('',*,*,#5408,.T.);
#7479=ORIENTED_EDGE('',*,*,#5409,.T.);
#7480=ORIENTED_EDGE('',*,*,#5408,.F.);
#7481=ORIENTED_EDGE('',*,*,#5407,.T.);
#7482=ORIENTED_EDGE('',*,*,#5409,.F.);
#7483=ORIENTED_EDGE('',*,*,#5410,.T.);
#7484=ORIENTED_EDGE('',*,*,#5411,.T.);
#7485=ORIENTED_EDGE('',*,*,#5412,.F.);
#7486=ORIENTED_EDGE('',*,*,#5413,.F.);
#7487=ORIENTED_EDGE('',*,*,#5414,.T.);
#7488=ORIENTED_EDGE('',*,*,#5413,.T.);
#7489=ORIENTED_EDGE('',*,*,#5415,.F.);
#7490=ORIENTED_EDGE('',*,*,#5416,.F.);
#7491=ORIENTED_EDGE('',*,*,#5417,.T.);
#7492=ORIENTED_EDGE('',*,*,#5416,.T.);
#7493=ORIENTED_EDGE('',*,*,#5418,.F.);
#7494=ORIENTED_EDGE('',*,*,#5419,.F.);
#7495=ORIENTED_EDGE('',*,*,#5420,.T.);
#7496=ORIENTED_EDGE('',*,*,#5419,.T.);
#7497=ORIENTED_EDGE('',*,*,#5421,.F.);
#7498=ORIENTED_EDGE('',*,*,#5411,.F.);
#7499=ORIENTED_EDGE('',*,*,#5421,.T.);
#7500=ORIENTED_EDGE('',*,*,#5418,.T.);
#7501=ORIENTED_EDGE('',*,*,#5415,.T.);
#7502=ORIENTED_EDGE('',*,*,#5412,.T.);
#7503=ORIENTED_EDGE('',*,*,#5420,.F.);
#7504=ORIENTED_EDGE('',*,*,#5410,.F.);
#7505=ORIENTED_EDGE('',*,*,#5414,.F.);
#7506=ORIENTED_EDGE('',*,*,#5417,.F.);
#7507=ORIENTED_EDGE('',*,*,#5422,.F.);
#7508=ORIENTED_EDGE('',*,*,#5423,.T.);
#7509=ORIENTED_EDGE('',*,*,#5424,.T.);
#7510=ORIENTED_EDGE('',*,*,#5423,.F.);
#7511=ORIENTED_EDGE('',*,*,#5422,.T.);
#7512=ORIENTED_EDGE('',*,*,#5424,.F.);
#7513=ORIENTED_EDGE('',*,*,#5425,.T.);
#7514=ORIENTED_EDGE('',*,*,#5426,.T.);
#7515=ORIENTED_EDGE('',*,*,#5427,.F.);
#7516=ORIENTED_EDGE('',*,*,#5428,.F.);
#7517=ORIENTED_EDGE('',*,*,#5429,.T.);
#7518=ORIENTED_EDGE('',*,*,#5428,.T.);
#7519=ORIENTED_EDGE('',*,*,#5430,.F.);
#7520=ORIENTED_EDGE('',*,*,#5431,.F.);
#7521=ORIENTED_EDGE('',*,*,#5432,.T.);
#7522=ORIENTED_EDGE('',*,*,#5431,.T.);
#7523=ORIENTED_EDGE('',*,*,#5433,.F.);
#7524=ORIENTED_EDGE('',*,*,#5434,.F.);
#7525=ORIENTED_EDGE('',*,*,#5435,.T.);
#7526=ORIENTED_EDGE('',*,*,#5434,.T.);
#7527=ORIENTED_EDGE('',*,*,#5436,.F.);
#7528=ORIENTED_EDGE('',*,*,#5426,.F.);
#7529=ORIENTED_EDGE('',*,*,#5436,.T.);
#7530=ORIENTED_EDGE('',*,*,#5433,.T.);
#7531=ORIENTED_EDGE('',*,*,#5430,.T.);
#7532=ORIENTED_EDGE('',*,*,#5427,.T.);
#7533=ORIENTED_EDGE('',*,*,#5435,.F.);
#7534=ORIENTED_EDGE('',*,*,#5425,.F.);
#7535=ORIENTED_EDGE('',*,*,#5429,.F.);
#7536=ORIENTED_EDGE('',*,*,#5432,.F.);
#7537=ORIENTED_EDGE('',*,*,#5437,.F.);
#7538=ORIENTED_EDGE('',*,*,#5438,.T.);
#7539=ORIENTED_EDGE('',*,*,#5439,.F.);
#7540=ORIENTED_EDGE('',*,*,#5438,.F.);
#7541=ORIENTED_EDGE('',*,*,#5440,.F.);
#7542=ORIENTED_EDGE('',*,*,#5441,.T.);
#7543=ORIENTED_EDGE('',*,*,#5442,.T.);
#7544=ORIENTED_EDGE('',*,*,#5441,.F.);
#7545=ORIENTED_EDGE('',*,*,#5440,.T.);
#7546=ORIENTED_EDGE('',*,*,#5439,.T.);
#7547=ORIENTED_EDGE('',*,*,#5442,.F.);
#7548=ORIENTED_EDGE('',*,*,#5437,.T.);
#7549=ORIENTED_EDGE('',*,*,#5443,.F.);
#7550=ORIENTED_EDGE('',*,*,#5444,.T.);
#7551=ORIENTED_EDGE('',*,*,#5445,.F.);
#7552=ORIENTED_EDGE('',*,*,#5444,.F.);
#7553=ORIENTED_EDGE('',*,*,#5446,.F.);
#7554=ORIENTED_EDGE('',*,*,#5447,.T.);
#7555=ORIENTED_EDGE('',*,*,#5448,.T.);
#7556=ORIENTED_EDGE('',*,*,#5447,.F.);
#7557=ORIENTED_EDGE('',*,*,#5446,.T.);
#7558=ORIENTED_EDGE('',*,*,#5445,.T.);
#7559=ORIENTED_EDGE('',*,*,#5448,.F.);
#7560=ORIENTED_EDGE('',*,*,#5443,.T.);
#7561=PLANE('',#8614);
#7562=PLANE('',#8615);
#7563=PLANE('',#8616);
#7564=PLANE('',#8617);
#7565=PLANE('',#8618);
#7566=PLANE('',#8619);
#7567=PLANE('',#8620);
#7568=PLANE('',#8621);
#7569=PLANE('',#8622);
#7570=PLANE('',#8623);
#7571=PLANE('',#8624);
#7572=PLANE('',#8625);
#7573=PLANE('',#8626);
#7574=PLANE('',#8627);
#7575=PLANE('',#8628);
#7576=PLANE('',#8629);
#7577=PLANE('',#8630);
#7578=PLANE('',#8631);
#7579=PLANE('',#8632);
#7580=PLANE('',#8633);
#7581=PLANE('',#8634);
#7582=PLANE('',#8635);
#7583=PLANE('',#8636);
#7584=PLANE('',#8673);
#7585=PLANE('',#8674);
#7586=PLANE('',#8675);
#7587=PLANE('',#8676);
#7588=PLANE('',#8677);
#7589=PLANE('',#8678);
#7590=PLANE('',#8679);
#7591=PLANE('',#8680);
#7592=PLANE('',#8681);
#7593=PLANE('',#8682);
#7594=PLANE('',#8683);
#7595=PLANE('',#8684);
#7596=PLANE('',#8685);
#7597=PLANE('',#8686);
#7598=PLANE('',#8687);
#7599=PLANE('',#8688);
#7600=PLANE('',#8689);
#7601=PLANE('',#8690);
#7602=PLANE('',#8694);
#7603=PLANE('',#8695);
#7604=PLANE('',#8696);
#7605=PLANE('',#8697);
#7606=PLANE('',#8698);
#7607=PLANE('',#8699);
#7608=PLANE('',#8700);
#7609=PLANE('',#8701);
#7610=PLANE('',#8705);
#7611=PLANE('',#8706);
#7612=PLANE('',#8707);
#7613=PLANE('',#8708);
#7614=PLANE('',#8709);
#7615=PLANE('',#8710);
#7616=PLANE('',#8711);
#7617=PLANE('',#8712);
#7618=PLANE('',#8719);
#7619=PLANE('',#8720);
#7620=PLANE('',#8727);
#7621=PLANE('',#8728);
#7622=PLANE('',#8735);
#7623=PLANE('',#8736);
#7624=PLANE('',#8743);
#7625=PLANE('',#8744);
#7626=PLANE('',#8751);
#7627=PLANE('',#8752);
#7628=PLANE('',#8759);
#7629=PLANE('',#8760);
#7630=PLANE('',#8767);
#7631=PLANE('',#8768);
#7632=PLANE('',#8775);
#7633=PLANE('',#8776);
#7634=PLANE('',#8807);
#7635=PLANE('',#8808);
#7636=PLANE('',#8809);
#7637=PLANE('',#8810);
#7638=PLANE('',#8811);
#7639=PLANE('',#8812);
#7640=PLANE('',#8813);
#7641=PLANE('',#8814);
#7642=PLANE('',#8815);
#7643=PLANE('',#8816);
#7644=PLANE('',#8817);
#7645=PLANE('',#8818);
#7646=PLANE('',#8819);
#7647=PLANE('',#8820);
#7648=PLANE('',#8821);
#7649=PLANE('',#8822);
#7650=PLANE('',#8823);
#7651=PLANE('',#8824);
#7652=PLANE('',#8828);
#7653=PLANE('',#8829);
#7654=PLANE('',#8830);
#7655=PLANE('',#8831);
#7656=PLANE('',#8832);
#7657=PLANE('',#8833);
#7658=PLANE('',#8834);
#7659=PLANE('',#8835);
#7660=PLANE('',#8839);
#7661=PLANE('',#8840);
#7662=PLANE('',#8841);
#7663=PLANE('',#8842);
#7664=PLANE('',#8843);
#7665=PLANE('',#8844);
#7666=PLANE('',#8845);
#7667=PLANE('',#8846);
#7668=PLANE('',#8850);
#7669=PLANE('',#8851);
#7670=PLANE('',#8852);
#7671=PLANE('',#8853);
#7672=PLANE('',#8854);
#7673=PLANE('',#8855);
#7674=PLANE('',#8856);
#7675=PLANE('',#8857);
#7676=PLANE('',#8864);
#7677=PLANE('',#8865);
#7678=PLANE('',#8872);
#7679=PLANE('',#8873);
#7680=PLANE('',#8880);
#7681=PLANE('',#8881);
#7682=PLANE('',#8888);
#7683=PLANE('',#8889);
#7684=PLANE('',#8896);
#7685=PLANE('',#8897);
#7686=PLANE('',#8904);
#7687=PLANE('',#8905);
#7688=PLANE('',#8930);
#7689=PLANE('',#8931);
#7690=PLANE('',#8932);
#7691=PLANE('',#8933);
#7692=PLANE('',#8934);
#7693=PLANE('',#8935);
#7694=PLANE('',#8939);
#7695=PLANE('',#8940);
#7696=PLANE('',#8941);
#7697=PLANE('',#8942);
#7698=PLANE('',#8943);
#7699=PLANE('',#8944);
#7700=PLANE('',#8945);
#7701=PLANE('',#8946);
#7702=PLANE('',#8950);
#7703=PLANE('',#8951);
#7704=PLANE('',#8952);
#7705=PLANE('',#8953);
#7706=PLANE('',#8954);
#7707=PLANE('',#8955);
#7708=PLANE('',#8956);
#7709=PLANE('',#8957);
#7710=PLANE('',#8961);
#7711=PLANE('',#8962);
#7712=PLANE('',#8963);
#7713=PLANE('',#8964);
#7714=PLANE('',#8965);
#7715=PLANE('',#8966);
#7716=PLANE('',#8967);
#7717=PLANE('',#8968);
#7718=PLANE('',#8975);
#7719=PLANE('',#8976);
#7720=PLANE('',#8983);
#7721=PLANE('',#8984);
#7722=PLANE('',#8991);
#7723=PLANE('',#8992);
#7724=PLANE('',#8999);
#7725=PLANE('',#9000);
#7726=PLANE('',#9025);
#7727=PLANE('',#9026);
#7728=PLANE('',#9027);
#7729=PLANE('',#9028);
#7730=PLANE('',#9029);
#7731=PLANE('',#9030);
#7732=PLANE('',#9034);
#7733=PLANE('',#9035);
#7734=PLANE('',#9036);
#7735=PLANE('',#9037);
#7736=PLANE('',#9038);
#7737=PLANE('',#9039);
#7738=PLANE('',#9040);
#7739=PLANE('',#9041);
#7740=PLANE('',#9045);
#7741=PLANE('',#9046);
#7742=PLANE('',#9047);
#7743=PLANE('',#9048);
#7744=PLANE('',#9049);
#7745=PLANE('',#9050);
#7746=PLANE('',#9051);
#7747=PLANE('',#9052);
#7748=PLANE('',#9056);
#7749=PLANE('',#9057);
#7750=PLANE('',#9058);
#7751=PLANE('',#9059);
#7752=PLANE('',#9060);
#7753=PLANE('',#9061);
#7754=PLANE('',#9062);
#7755=PLANE('',#9063);
#7756=PLANE('',#9067);
#7757=PLANE('',#9068);
#7758=PLANE('',#9069);
#7759=PLANE('',#9070);
#7760=PLANE('',#9071);
#7761=PLANE('',#9072);
#7762=PLANE('',#9073);
#7763=PLANE('',#9074);
#7764=PLANE('',#9081);
#7765=PLANE('',#9082);
#7766=PLANE('',#9089);
#7767=PLANE('',#9090);
#7768=PLANE('',#9097);
#7769=PLANE('',#9098);
#7770=PLANE('',#9105);
#7771=PLANE('',#9106);
#7772=PLANE('',#9128);
#7773=PLANE('',#9129);
#7774=PLANE('',#9130);
#7775=PLANE('',#9131);
#7776=PLANE('',#9132);
#7777=PLANE('',#9133);
#7778=PLANE('',#9137);
#7779=PLANE('',#9138);
#7780=PLANE('',#9139);
#7781=PLANE('',#9140);
#7782=PLANE('',#9141);
#7783=PLANE('',#9142);
#7784=PLANE('',#9143);
#7785=PLANE('',#9144);
#7786=PLANE('',#9148);
#7787=PLANE('',#9149);
#7788=PLANE('',#9150);
#7789=PLANE('',#9151);
#7790=PLANE('',#9152);
#7791=PLANE('',#9153);
#7792=PLANE('',#9154);
#7793=PLANE('',#9155);
#7794=PLANE('',#9162);
#7795=PLANE('',#9163);
#7796=PLANE('',#9170);
#7797=PLANE('',#9171);
#7798=PLANE('',#9178);
#7799=PLANE('',#9179);
#7800=PLANE('',#9204);
#7801=PLANE('',#9205);
#7802=PLANE('',#9206);
#7803=PLANE('',#9207);
#7804=PLANE('',#9208);
#7805=PLANE('',#9209);
#7806=PLANE('',#9213);
#7807=PLANE('',#9214);
#7808=PLANE('',#9215);
#7809=PLANE('',#9216);
#7810=PLANE('',#9217);
#7811=PLANE('',#9218);
#7812=PLANE('',#9219);
#7813=PLANE('',#9220);
#7814=PLANE('',#9224);
#7815=PLANE('',#9225);
#7816=PLANE('',#9226);
#7817=PLANE('',#9227);
#7818=PLANE('',#9228);
#7819=PLANE('',#9229);
#7820=PLANE('',#9230);
#7821=PLANE('',#9231);
#7822=PLANE('',#9238);
#7823=PLANE('',#9239);
#7824=PLANE('',#9246);
#7825=PLANE('',#9247);
#7826=PLANE('',#9254);
#7827=PLANE('',#9255);
#7828=PLANE('',#9262);
#7829=PLANE('',#9263);
#7830=PLANE('',#9267);
#7831=PLANE('',#9268);
#7832=PLANE('',#9269);
#7833=PLANE('',#9270);
#7834=PLANE('',#9274);
#7835=PLANE('',#9275);
#7836=PLANE('',#9276);
#7837=PLANE('',#9277);
#7838=PLANE('',#9281);
#7839=PLANE('',#9282);
#7840=PLANE('',#9283);
#7841=PLANE('',#9284);
#7842=PLANE('',#9288);
#7843=PLANE('',#9289);
#7844=PLANE('',#9290);
#7845=PLANE('',#9291);
#7846=PLANE('',#9304);
#7847=PLANE('',#9305);
#7848=PLANE('',#9306);
#7849=PLANE('',#9307);
#7850=PLANE('',#9308);
#7851=PLANE('',#9309);
#7852=PLANE('',#9313);
#7853=PLANE('',#9314);
#7854=PLANE('',#9315);
#7855=PLANE('',#9316);
#7856=PLANE('',#9317);
#7857=PLANE('',#9318);
#7858=PLANE('',#9319);
#7859=PLANE('',#9320);
#7860=PLANE('',#9321);
#7861=PLANE('',#9322);
#7862=PLANE('',#9323);
#7863=PLANE('',#9324);
#7864=PLANE('',#9325);
#7865=PLANE('',#9326);
#7866=PLANE('',#9327);
#7867=PLANE('',#9328);
#7868=PLANE('',#9329);
#7869=PLANE('',#9330);
#7870=PLANE('',#9331);
#7871=PLANE('',#9332);
#7872=PLANE('',#9339);
#7873=PLANE('',#9340);
#7874=PLANE('',#9341);
#7875=PLANE('',#9342);
#7876=PLANE('',#9343);
#7877=PLANE('',#9344);
#7878=PLANE('',#9345);
#7879=PLANE('',#9346);
#7880=PLANE('',#9347);
#7881=PLANE('',#9348);
#7882=PLANE('',#9349);
#7883=PLANE('',#9350);
#7884=PLANE('',#9351);
#7885=PLANE('',#9352);
#7886=PLANE('',#9359);
#7887=PLANE('',#9360);
#7888=PLANE('',#9361);
#7889=PLANE('',#9362);
#7890=PLANE('',#9363);
#7891=PLANE('',#9364);
#7892=PLANE('',#9365);
#7893=PLANE('',#9366);
#7894=PLANE('',#9367);
#7895=PLANE('',#9368);
#7896=PLANE('',#9369);
#7897=PLANE('',#9370);
#7898=PLANE('',#9371);
#7899=PLANE('',#9372);
#7900=PLANE('',#9379);
#7901=PLANE('',#9380);
#7902=PLANE('',#9381);
#7903=PLANE('',#9382);
#7904=PLANE('',#9383);
#7905=PLANE('',#9384);
#7906=PLANE('',#9385);
#7907=PLANE('',#9386);
#7908=PLANE('',#9387);
#7909=PLANE('',#9388);
#7910=PLANE('',#9389);
#7911=PLANE('',#9390);
#7912=PLANE('',#9391);
#7913=PLANE('',#9392);
#7914=PLANE('',#9399);
#7915=PLANE('',#9400);
#7916=PLANE('',#9419);
#7917=PLANE('',#9420);
#7918=PLANE('',#9421);
#7919=PLANE('',#9422);
#7920=PLANE('',#9423);
#7921=PLANE('',#9424);
#7922=PLANE('',#9425);
#7923=PLANE('',#9426);
#7924=PLANE('',#9427);
#7925=PLANE('',#9428);
#7926=PLANE('',#9429);
#7927=PLANE('',#9430);
#7928=PLANE('',#9431);
#7929=PLANE('',#9432);
#7930=PLANE('',#9433);
#7931=PLANE('',#9434);
#7932=PLANE('',#9435);
#7933=PLANE('',#9436);
#7934=PLANE('',#9440);
#7935=PLANE('',#9441);
#7936=PLANE('',#9442);
#7937=PLANE('',#9443);
#7938=PLANE('',#9444);
#7939=PLANE('',#9445);
#7940=PLANE('',#9446);
#7941=PLANE('',#9447);
#7942=PLANE('',#9451);
#7943=PLANE('',#9452);
#7944=PLANE('',#9453);
#7945=PLANE('',#9454);
#7946=PLANE('',#9455);
#7947=PLANE('',#9456);
#7948=PLANE('',#9457);
#7949=PLANE('',#9458);
#7950=PLANE('',#9465);
#7951=PLANE('',#9466);
#7952=PLANE('',#9473);
#7953=PLANE('',#9474);
#7954=ADVANCED_FACE('',(#890),#7561,.F.);
#7955=ADVANCED_FACE('',(#891),#7562,.F.);
#7956=ADVANCED_FACE('',(#892),#7563,.F.);
#7957=ADVANCED_FACE('',(#893),#7564,.F.);
#7958=ADVANCED_FACE('',(#894),#7565,.F.);
#7959=ADVANCED_FACE('',(#895),#7566,.T.);
#7960=ADVANCED_FACE('',(#896),#7567,.T.);
#7961=ADVANCED_FACE('',(#897),#7568,.T.);
#7962=ADVANCED_FACE('',(#898),#7569,.T.);
#7963=ADVANCED_FACE('',(#899,#677),#7570,.T.);
#7964=ADVANCED_FACE('',(#900),#7571,.T.);
#7965=ADVANCED_FACE('',(#901),#7572,.T.);
#7966=ADVANCED_FACE('',(#902),#7573,.T.);
#7967=ADVANCED_FACE('',(#903),#7574,.T.);
#7968=ADVANCED_FACE('',(#904),#7575,.T.);
#7969=ADVANCED_FACE('',(#905),#7576,.T.);
#7970=ADVANCED_FACE('',(#906),#7577,.T.);
#7971=ADVANCED_FACE('',(#907),#7578,.T.);
#7972=ADVANCED_FACE('',(#908),#7579,.T.);
#7973=ADVANCED_FACE('',(#909),#7580,.T.);
#7974=ADVANCED_FACE('',(#910),#7581,.T.);
#7975=ADVANCED_FACE('',(#911),#7582,.T.);
#7976=ADVANCED_FACE('',(#912),#7583,.T.);
#7977=ADVANCED_FACE('',(#913),#325,.F.);
#7978=ADVANCED_FACE('',(#914),#326,.F.);
#7979=ADVANCED_FACE('',(#915),#327,.F.);
#7980=ADVANCED_FACE('',(#916),#328,.F.);
#7981=ADVANCED_FACE('',(#917),#329,.F.);
#7982=ADVANCED_FACE('',(#918),#330,.F.);
#7983=ADVANCED_FACE('',(#919),#331,.F.);
#7984=ADVANCED_FACE('',(#920),#332,.F.);
#7985=ADVANCED_FACE('',(#921),#333,.F.);
#7986=ADVANCED_FACE('',(#922),#334,.F.);
#7987=ADVANCED_FACE('',(#923),#335,.F.);
#7988=ADVANCED_FACE('',(#924),#336,.F.);
#7989=ADVANCED_FACE('',(#925),#7584,.T.);
#7990=ADVANCED_FACE('',(#926),#7585,.T.);
#7991=ADVANCED_FACE('',(#927),#7586,.T.);
#7992=ADVANCED_FACE('',(#928),#7587,.T.);
#7993=ADVANCED_FACE('',(#929,#678,#679,#680,#681,#682,#683,#684,#685,#686,
#687,#688,#689),#7588,.T.);
#7994=ADVANCED_FACE('',(#930,#690,#691,#692,#693,#694,#695,#696,#697,#698,
#699,#700,#701),#7589,.F.);
#7995=ADVANCED_FACE('',(#931),#7590,.T.);
#7996=ADVANCED_FACE('',(#932),#7591,.T.);
#7997=ADVANCED_FACE('',(#933),#7592,.T.);
#7998=ADVANCED_FACE('',(#934),#7593,.T.);
#7999=ADVANCED_FACE('',(#935),#7594,.T.);
#8000=ADVANCED_FACE('',(#936),#7595,.F.);
#8001=ADVANCED_FACE('',(#937),#7596,.T.);
#8002=ADVANCED_FACE('',(#938),#7597,.T.);
#8003=ADVANCED_FACE('',(#939),#7598,.T.);
#8004=ADVANCED_FACE('',(#940),#7599,.T.);
#8005=ADVANCED_FACE('',(#941),#7600,.T.);
#8006=ADVANCED_FACE('',(#942),#7601,.F.);
#8007=ADVANCED_FACE('',(#943),#337,.T.);
#8008=ADVANCED_FACE('',(#944),#7602,.T.);
#8009=ADVANCED_FACE('',(#945),#7603,.F.);
#8010=ADVANCED_FACE('',(#946),#7604,.T.);
#8011=ADVANCED_FACE('',(#947),#7605,.T.);
#8012=ADVANCED_FACE('',(#948),#7606,.T.);
#8013=ADVANCED_FACE('',(#949),#7607,.T.);
#8014=ADVANCED_FACE('',(#950),#7608,.T.);
#8015=ADVANCED_FACE('',(#951),#7609,.F.);
#8016=ADVANCED_FACE('',(#952),#338,.T.);
#8017=ADVANCED_FACE('',(#953),#7610,.T.);
#8018=ADVANCED_FACE('',(#954),#7611,.F.);
#8019=ADVANCED_FACE('',(#955),#7612,.T.);
#8020=ADVANCED_FACE('',(#956),#7613,.T.);
#8021=ADVANCED_FACE('',(#957),#7614,.T.);
#8022=ADVANCED_FACE('',(#958),#7615,.T.);
#8023=ADVANCED_FACE('',(#959),#7616,.T.);
#8024=ADVANCED_FACE('',(#960),#7617,.F.);
#8025=ADVANCED_FACE('',(#961),#339,.F.);
#8026=ADVANCED_FACE('',(#962),#340,.T.);
#8027=ADVANCED_FACE('',(#963,#702),#7618,.T.);
#8028=ADVANCED_FACE('',(#964,#703),#7619,.F.);
#8029=ADVANCED_FACE('',(#965),#341,.F.);
#8030=ADVANCED_FACE('',(#966),#342,.T.);
#8031=ADVANCED_FACE('',(#967,#704),#7620,.T.);
#8032=ADVANCED_FACE('',(#968,#705),#7621,.F.);
#8033=ADVANCED_FACE('',(#969),#343,.F.);
#8034=ADVANCED_FACE('',(#970),#344,.T.);
#8035=ADVANCED_FACE('',(#971,#706),#7622,.T.);
#8036=ADVANCED_FACE('',(#972,#707),#7623,.F.);
#8037=ADVANCED_FACE('',(#973),#345,.F.);
#8038=ADVANCED_FACE('',(#974),#346,.T.);
#8039=ADVANCED_FACE('',(#975,#708),#7624,.T.);
#8040=ADVANCED_FACE('',(#976,#709),#7625,.F.);
#8041=ADVANCED_FACE('',(#977),#347,.F.);
#8042=ADVANCED_FACE('',(#978),#348,.T.);
#8043=ADVANCED_FACE('',(#979,#710),#7626,.T.);
#8044=ADVANCED_FACE('',(#980,#711),#7627,.F.);
#8045=ADVANCED_FACE('',(#981),#349,.F.);
#8046=ADVANCED_FACE('',(#982),#350,.T.);
#8047=ADVANCED_FACE('',(#983,#712),#7628,.T.);
#8048=ADVANCED_FACE('',(#984,#713),#7629,.F.);
#8049=ADVANCED_FACE('',(#985),#351,.F.);
#8050=ADVANCED_FACE('',(#986),#352,.T.);
#8051=ADVANCED_FACE('',(#987,#714),#7630,.T.);
#8052=ADVANCED_FACE('',(#988,#715),#7631,.F.);
#8053=ADVANCED_FACE('',(#989),#353,.F.);
#8054=ADVANCED_FACE('',(#990),#354,.T.);
#8055=ADVANCED_FACE('',(#991,#716),#7632,.T.);
#8056=ADVANCED_FACE('',(#992,#717),#7633,.F.);
#8057=ADVANCED_FACE('',(#993),#355,.F.);
#8058=ADVANCED_FACE('',(#994),#356,.F.);
#8059=ADVANCED_FACE('',(#995),#357,.F.);
#8060=ADVANCED_FACE('',(#996),#358,.F.);
#8061=ADVANCED_FACE('',(#997),#359,.F.);
#8062=ADVANCED_FACE('',(#998),#360,.F.);
#8063=ADVANCED_FACE('',(#999),#361,.F.);
#8064=ADVANCED_FACE('',(#1000),#362,.F.);
#8065=ADVANCED_FACE('',(#1001),#363,.F.);
#8066=ADVANCED_FACE('',(#1002),#364,.F.);
#8067=ADVANCED_FACE('',(#1003),#7634,.T.);
#8068=ADVANCED_FACE('',(#1004),#7635,.T.);
#8069=ADVANCED_FACE('',(#1005),#7636,.T.);
#8070=ADVANCED_FACE('',(#1006),#7637,.T.);
#8071=ADVANCED_FACE('',(#1007,#718,#719,#720,#721,#722,#723,#724,#725,#726,
#727),#7638,.T.);
#8072=ADVANCED_FACE('',(#1008,#728,#729,#730,#731,#732,#733,#734,#735,#736,
#737),#7639,.F.);
#8073=ADVANCED_FACE('',(#1009),#7640,.T.);
#8074=ADVANCED_FACE('',(#1010),#7641,.T.);
#8075=ADVANCED_FACE('',(#1011),#7642,.T.);
#8076=ADVANCED_FACE('',(#1012),#7643,.T.);
#8077=ADVANCED_FACE('',(#1013),#7644,.T.);
#8078=ADVANCED_FACE('',(#1014),#7645,.F.);
#8079=ADVANCED_FACE('',(#1015),#7646,.T.);
#8080=ADVANCED_FACE('',(#1016),#7647,.T.);
#8081=ADVANCED_FACE('',(#1017),#7648,.T.);
#8082=ADVANCED_FACE('',(#1018),#7649,.T.);
#8083=ADVANCED_FACE('',(#1019),#7650,.T.);
#8084=ADVANCED_FACE('',(#1020),#7651,.F.);
#8085=ADVANCED_FACE('',(#1021),#365,.T.);
#8086=ADVANCED_FACE('',(#1022),#7652,.T.);
#8087=ADVANCED_FACE('',(#1023),#7653,.F.);
#8088=ADVANCED_FACE('',(#1024),#7654,.T.);
#8089=ADVANCED_FACE('',(#1025),#7655,.T.);
#8090=ADVANCED_FACE('',(#1026),#7656,.T.);
#8091=ADVANCED_FACE('',(#1027),#7657,.T.);
#8092=ADVANCED_FACE('',(#1028),#7658,.T.);
#8093=ADVANCED_FACE('',(#1029),#7659,.F.);
#8094=ADVANCED_FACE('',(#1030),#366,.T.);
#8095=ADVANCED_FACE('',(#1031),#7660,.T.);
#8096=ADVANCED_FACE('',(#1032),#7661,.F.);
#8097=ADVANCED_FACE('',(#1033),#7662,.T.);
#8098=ADVANCED_FACE('',(#1034),#7663,.T.);
#8099=ADVANCED_FACE('',(#1035),#7664,.T.);
#8100=ADVANCED_FACE('',(#1036),#7665,.T.);
#8101=ADVANCED_FACE('',(#1037),#7666,.T.);
#8102=ADVANCED_FACE('',(#1038),#7667,.F.);
#8103=ADVANCED_FACE('',(#1039),#367,.T.);
#8104=ADVANCED_FACE('',(#1040),#7668,.T.);
#8105=ADVANCED_FACE('',(#1041),#7669,.F.);
#8106=ADVANCED_FACE('',(#1042),#7670,.T.);
#8107=ADVANCED_FACE('',(#1043),#7671,.T.);
#8108=ADVANCED_FACE('',(#1044),#7672,.T.);
#8109=ADVANCED_FACE('',(#1045),#7673,.T.);
#8110=ADVANCED_FACE('',(#1046),#7674,.T.);
#8111=ADVANCED_FACE('',(#1047),#7675,.F.);
#8112=ADVANCED_FACE('',(#1048),#368,.F.);
#8113=ADVANCED_FACE('',(#1049),#369,.T.);
#8114=ADVANCED_FACE('',(#1050,#738),#7676,.T.);
#8115=ADVANCED_FACE('',(#1051,#739),#7677,.F.);
#8116=ADVANCED_FACE('',(#1052),#370,.F.);
#8117=ADVANCED_FACE('',(#1053),#371,.T.);
#8118=ADVANCED_FACE('',(#1054,#740),#7678,.T.);
#8119=ADVANCED_FACE('',(#1055,#741),#7679,.F.);
#8120=ADVANCED_FACE('',(#1056),#372,.F.);
#8121=ADVANCED_FACE('',(#1057),#373,.T.);
#8122=ADVANCED_FACE('',(#1058,#742),#7680,.T.);
#8123=ADVANCED_FACE('',(#1059,#743),#7681,.F.);
#8124=ADVANCED_FACE('',(#1060),#374,.F.);
#8125=ADVANCED_FACE('',(#1061),#375,.T.);
#8126=ADVANCED_FACE('',(#1062,#744),#7682,.T.);
#8127=ADVANCED_FACE('',(#1063,#745),#7683,.F.);
#8128=ADVANCED_FACE('',(#1064),#376,.F.);
#8129=ADVANCED_FACE('',(#1065),#377,.T.);
#8130=ADVANCED_FACE('',(#1066,#746),#7684,.T.);
#8131=ADVANCED_FACE('',(#1067,#747),#7685,.F.);
#8132=ADVANCED_FACE('',(#1068),#378,.F.);
#8133=ADVANCED_FACE('',(#1069),#379,.T.);
#8134=ADVANCED_FACE('',(#1070,#748),#7686,.T.);
#8135=ADVANCED_FACE('',(#1071,#749),#7687,.F.);
#8136=ADVANCED_FACE('',(#1072),#380,.F.);
#8137=ADVANCED_FACE('',(#1073),#381,.F.);
#8138=ADVANCED_FACE('',(#1074),#382,.F.);
#8139=ADVANCED_FACE('',(#1075),#383,.F.);
#8140=ADVANCED_FACE('',(#1076),#384,.F.);
#8141=ADVANCED_FACE('',(#1077),#385,.F.);
#8142=ADVANCED_FACE('',(#1078),#386,.F.);
#8143=ADVANCED_FACE('',(#1079),#387,.F.);
#8144=ADVANCED_FACE('',(#1080),#7688,.T.);
#8145=ADVANCED_FACE('',(#1081),#7689,.T.);
#8146=ADVANCED_FACE('',(#1082),#7690,.T.);
#8147=ADVANCED_FACE('',(#1083),#7691,.T.);
#8148=ADVANCED_FACE('',(#1084,#750,#751,#752,#753,#754,#755,#756,#757),
#7692,.T.);
#8149=ADVANCED_FACE('',(#1085,#758,#759,#760,#761,#762,#763,#764,#765),
#7693,.F.);
#8150=ADVANCED_FACE('',(#1086),#388,.T.);
#8151=ADVANCED_FACE('',(#1087),#7694,.T.);
#8152=ADVANCED_FACE('',(#1088),#7695,.F.);
#8153=ADVANCED_FACE('',(#1089),#7696,.T.);
#8154=ADVANCED_FACE('',(#1090),#7697,.T.);
#8155=ADVANCED_FACE('',(#1091),#7698,.T.);
#8156=ADVANCED_FACE('',(#1092),#7699,.T.);
#8157=ADVANCED_FACE('',(#1093),#7700,.T.);
#8158=ADVANCED_FACE('',(#1094),#7701,.F.);
#8159=ADVANCED_FACE('',(#1095),#389,.T.);
#8160=ADVANCED_FACE('',(#1096),#7702,.T.);
#8161=ADVANCED_FACE('',(#1097),#7703,.F.);
#8162=ADVANCED_FACE('',(#1098),#7704,.T.);
#8163=ADVANCED_FACE('',(#1099),#7705,.T.);
#8164=ADVANCED_FACE('',(#1100),#7706,.T.);
#8165=ADVANCED_FACE('',(#1101),#7707,.T.);
#8166=ADVANCED_FACE('',(#1102),#7708,.T.);
#8167=ADVANCED_FACE('',(#1103),#7709,.F.);
#8168=ADVANCED_FACE('',(#1104),#390,.T.);
#8169=ADVANCED_FACE('',(#1105),#7710,.T.);
#8170=ADVANCED_FACE('',(#1106),#7711,.F.);
#8171=ADVANCED_FACE('',(#1107),#7712,.T.);
#8172=ADVANCED_FACE('',(#1108),#7713,.T.);
#8173=ADVANCED_FACE('',(#1109),#7714,.T.);
#8174=ADVANCED_FACE('',(#1110),#7715,.T.);
#8175=ADVANCED_FACE('',(#1111),#7716,.T.);
#8176=ADVANCED_FACE('',(#1112),#7717,.F.);
#8177=ADVANCED_FACE('',(#1113),#391,.F.);
#8178=ADVANCED_FACE('',(#1114),#392,.T.);
#8179=ADVANCED_FACE('',(#1115,#766),#7718,.T.);
#8180=ADVANCED_FACE('',(#1116,#767),#7719,.F.);
#8181=ADVANCED_FACE('',(#1117),#393,.F.);
#8182=ADVANCED_FACE('',(#1118),#394,.T.);
#8183=ADVANCED_FACE('',(#1119,#768),#7720,.T.);
#8184=ADVANCED_FACE('',(#1120,#769),#7721,.F.);
#8185=ADVANCED_FACE('',(#1121),#395,.F.);
#8186=ADVANCED_FACE('',(#1122),#396,.T.);
#8187=ADVANCED_FACE('',(#1123,#770),#7722,.T.);
#8188=ADVANCED_FACE('',(#1124,#771),#7723,.F.);
#8189=ADVANCED_FACE('',(#1125),#397,.F.);
#8190=ADVANCED_FACE('',(#1126),#398,.T.);
#8191=ADVANCED_FACE('',(#1127,#772),#7724,.T.);
#8192=ADVANCED_FACE('',(#1128,#773),#7725,.F.);
#8193=ADVANCED_FACE('',(#1129),#399,.F.);
#8194=ADVANCED_FACE('',(#1130),#400,.F.);
#8195=ADVANCED_FACE('',(#1131),#401,.F.);
#8196=ADVANCED_FACE('',(#1132),#402,.F.);
#8197=ADVANCED_FACE('',(#1133),#403,.F.);
#8198=ADVANCED_FACE('',(#1134),#404,.F.);
#8199=ADVANCED_FACE('',(#1135),#405,.F.);
#8200=ADVANCED_FACE('',(#1136),#406,.F.);
#8201=ADVANCED_FACE('',(#1137),#7726,.T.);
#8202=ADVANCED_FACE('',(#1138),#7727,.T.);
#8203=ADVANCED_FACE('',(#1139),#7728,.T.);
#8204=ADVANCED_FACE('',(#1140),#7729,.T.);
#8205=ADVANCED_FACE('',(#1141,#774,#775,#776,#777,#778,#779,#780,#781),
#7730,.T.);
#8206=ADVANCED_FACE('',(#1142,#782,#783,#784,#785,#786,#787,#788,#789),
#7731,.F.);
#8207=ADVANCED_FACE('',(#1143),#407,.T.);
#8208=ADVANCED_FACE('',(#1144),#7732,.T.);
#8209=ADVANCED_FACE('',(#1145),#7733,.F.);
#8210=ADVANCED_FACE('',(#1146),#7734,.T.);
#8211=ADVANCED_FACE('',(#1147),#7735,.T.);
#8212=ADVANCED_FACE('',(#1148),#7736,.T.);
#8213=ADVANCED_FACE('',(#1149),#7737,.T.);
#8214=ADVANCED_FACE('',(#1150),#7738,.T.);
#8215=ADVANCED_FACE('',(#1151),#7739,.F.);
#8216=ADVANCED_FACE('',(#1152),#408,.T.);
#8217=ADVANCED_FACE('',(#1153),#7740,.T.);
#8218=ADVANCED_FACE('',(#1154),#7741,.F.);
#8219=ADVANCED_FACE('',(#1155),#7742,.T.);
#8220=ADVANCED_FACE('',(#1156),#7743,.T.);
#8221=ADVANCED_FACE('',(#1157),#7744,.T.);
#8222=ADVANCED_FACE('',(#1158),#7745,.T.);
#8223=ADVANCED_FACE('',(#1159),#7746,.T.);
#8224=ADVANCED_FACE('',(#1160),#7747,.F.);
#8225=ADVANCED_FACE('',(#1161),#409,.T.);
#8226=ADVANCED_FACE('',(#1162),#7748,.T.);
#8227=ADVANCED_FACE('',(#1163),#7749,.F.);
#8228=ADVANCED_FACE('',(#1164),#7750,.T.);
#8229=ADVANCED_FACE('',(#1165),#7751,.T.);
#8230=ADVANCED_FACE('',(#1166),#7752,.T.);
#8231=ADVANCED_FACE('',(#1167),#7753,.T.);
#8232=ADVANCED_FACE('',(#1168),#7754,.T.);
#8233=ADVANCED_FACE('',(#1169),#7755,.F.);
#8234=ADVANCED_FACE('',(#1170),#410,.T.);
#8235=ADVANCED_FACE('',(#1171),#7756,.T.);
#8236=ADVANCED_FACE('',(#1172),#7757,.F.);
#8237=ADVANCED_FACE('',(#1173),#7758,.T.);
#8238=ADVANCED_FACE('',(#1174),#7759,.T.);
#8239=ADVANCED_FACE('',(#1175),#7760,.T.);
#8240=ADVANCED_FACE('',(#1176),#7761,.T.);
#8241=ADVANCED_FACE('',(#1177),#7762,.T.);
#8242=ADVANCED_FACE('',(#1178),#7763,.F.);
#8243=ADVANCED_FACE('',(#1179),#411,.F.);
#8244=ADVANCED_FACE('',(#1180),#412,.T.);
#8245=ADVANCED_FACE('',(#1181,#790),#7764,.T.);
#8246=ADVANCED_FACE('',(#1182,#791),#7765,.F.);
#8247=ADVANCED_FACE('',(#1183),#413,.F.);
#8248=ADVANCED_FACE('',(#1184),#414,.T.);
#8249=ADVANCED_FACE('',(#1185,#792),#7766,.T.);
#8250=ADVANCED_FACE('',(#1186,#793),#7767,.F.);
#8251=ADVANCED_FACE('',(#1187),#415,.F.);
#8252=ADVANCED_FACE('',(#1188),#416,.T.);
#8253=ADVANCED_FACE('',(#1189,#794),#7768,.T.);
#8254=ADVANCED_FACE('',(#1190,#795),#7769,.F.);
#8255=ADVANCED_FACE('',(#1191),#417,.F.);
#8256=ADVANCED_FACE('',(#1192),#418,.T.);
#8257=ADVANCED_FACE('',(#1193,#796),#7770,.T.);
#8258=ADVANCED_FACE('',(#1194,#797),#7771,.F.);
#8259=ADVANCED_FACE('',(#1195),#419,.F.);
#8260=ADVANCED_FACE('',(#1196),#420,.F.);
#8261=ADVANCED_FACE('',(#1197),#421,.F.);
#8262=ADVANCED_FACE('',(#1198),#422,.F.);
#8263=ADVANCED_FACE('',(#1199),#423,.F.);
#8264=ADVANCED_FACE('',(#1200),#424,.F.);
#8265=ADVANCED_FACE('',(#1201),#425,.F.);
#8266=ADVANCED_FACE('',(#1202),#7772,.T.);
#8267=ADVANCED_FACE('',(#1203),#7773,.T.);
#8268=ADVANCED_FACE('',(#1204),#7774,.T.);
#8269=ADVANCED_FACE('',(#1205),#7775,.T.);
#8270=ADVANCED_FACE('',(#1206,#798,#799,#800,#801,#802,#803,#804),#7776,
 .T.);
#8271=ADVANCED_FACE('',(#1207,#805,#806,#807,#808,#809,#810,#811),#7777,
 .F.);
#8272=ADVANCED_FACE('',(#1208),#426,.T.);
#8273=ADVANCED_FACE('',(#1209),#7778,.T.);
#8274=ADVANCED_FACE('',(#1210),#7779,.F.);
#8275=ADVANCED_FACE('',(#1211),#7780,.T.);
#8276=ADVANCED_FACE('',(#1212),#7781,.T.);
#8277=ADVANCED_FACE('',(#1213),#7782,.T.);
#8278=ADVANCED_FACE('',(#1214),#7783,.T.);
#8279=ADVANCED_FACE('',(#1215),#7784,.T.);
#8280=ADVANCED_FACE('',(#1216),#7785,.F.);
#8281=ADVANCED_FACE('',(#1217),#427,.T.);
#8282=ADVANCED_FACE('',(#1218),#7786,.T.);
#8283=ADVANCED_FACE('',(#1219),#7787,.F.);
#8284=ADVANCED_FACE('',(#1220),#7788,.T.);
#8285=ADVANCED_FACE('',(#1221),#7789,.T.);
#8286=ADVANCED_FACE('',(#1222),#7790,.T.);
#8287=ADVANCED_FACE('',(#1223),#7791,.T.);
#8288=ADVANCED_FACE('',(#1224),#7792,.T.);
#8289=ADVANCED_FACE('',(#1225),#7793,.F.);
#8290=ADVANCED_FACE('',(#1226),#428,.F.);
#8291=ADVANCED_FACE('',(#1227),#429,.T.);
#8292=ADVANCED_FACE('',(#1228,#812),#7794,.T.);
#8293=ADVANCED_FACE('',(#1229,#813),#7795,.F.);
#8294=ADVANCED_FACE('',(#1230),#430,.F.);
#8295=ADVANCED_FACE('',(#1231),#431,.T.);
#8296=ADVANCED_FACE('',(#1232,#814),#7796,.T.);
#8297=ADVANCED_FACE('',(#1233,#815),#7797,.F.);
#8298=ADVANCED_FACE('',(#1234),#432,.F.);
#8299=ADVANCED_FACE('',(#1235),#433,.T.);
#8300=ADVANCED_FACE('',(#1236,#816),#7798,.T.);
#8301=ADVANCED_FACE('',(#1237,#817),#7799,.F.);
#8302=ADVANCED_FACE('',(#1238),#434,.F.);
#8303=ADVANCED_FACE('',(#1239),#435,.F.);
#8304=ADVANCED_FACE('',(#1240),#436,.F.);
#8305=ADVANCED_FACE('',(#1241),#437,.F.);
#8306=ADVANCED_FACE('',(#1242),#438,.F.);
#8307=ADVANCED_FACE('',(#1243),#439,.F.);
#8308=ADVANCED_FACE('',(#1244),#440,.F.);
#8309=ADVANCED_FACE('',(#1245),#441,.F.);
#8310=ADVANCED_FACE('',(#1246),#7800,.T.);
#8311=ADVANCED_FACE('',(#1247),#7801,.T.);
#8312=ADVANCED_FACE('',(#1248),#7802,.T.);
#8313=ADVANCED_FACE('',(#1249),#7803,.T.);
#8314=ADVANCED_FACE('',(#1250,#818,#819,#820,#821,#822,#823,#824,#825),
#7804,.T.);
#8315=ADVANCED_FACE('',(#1251,#826,#827,#828,#829,#830,#831,#832,#833),
#7805,.F.);
#8316=ADVANCED_FACE('',(#1252),#442,.T.);
#8317=ADVANCED_FACE('',(#1253),#7806,.T.);
#8318=ADVANCED_FACE('',(#1254),#7807,.F.);
#8319=ADVANCED_FACE('',(#1255),#7808,.T.);
#8320=ADVANCED_FACE('',(#1256),#7809,.T.);
#8321=ADVANCED_FACE('',(#1257),#7810,.T.);
#8322=ADVANCED_FACE('',(#1258),#7811,.T.);
#8323=ADVANCED_FACE('',(#1259),#7812,.T.);
#8324=ADVANCED_FACE('',(#1260),#7813,.F.);
#8325=ADVANCED_FACE('',(#1261),#443,.T.);
#8326=ADVANCED_FACE('',(#1262),#7814,.T.);
#8327=ADVANCED_FACE('',(#1263),#7815,.F.);
#8328=ADVANCED_FACE('',(#1264),#7816,.T.);
#8329=ADVANCED_FACE('',(#1265),#7817,.T.);
#8330=ADVANCED_FACE('',(#1266),#7818,.T.);
#8331=ADVANCED_FACE('',(#1267),#7819,.T.);
#8332=ADVANCED_FACE('',(#1268),#7820,.T.);
#8333=ADVANCED_FACE('',(#1269),#7821,.F.);
#8334=ADVANCED_FACE('',(#1270),#444,.F.);
#8335=ADVANCED_FACE('',(#1271),#445,.T.);
#8336=ADVANCED_FACE('',(#1272,#834),#7822,.T.);
#8337=ADVANCED_FACE('',(#1273,#835),#7823,.F.);
#8338=ADVANCED_FACE('',(#1274),#446,.F.);
#8339=ADVANCED_FACE('',(#1275),#447,.T.);
#8340=ADVANCED_FACE('',(#1276,#836),#7824,.T.);
#8341=ADVANCED_FACE('',(#1277,#837),#7825,.F.);
#8342=ADVANCED_FACE('',(#1278),#448,.F.);
#8343=ADVANCED_FACE('',(#1279),#449,.T.);
#8344=ADVANCED_FACE('',(#1280,#838),#7826,.T.);
#8345=ADVANCED_FACE('',(#1281,#839),#7827,.F.);
#8346=ADVANCED_FACE('',(#1282),#450,.F.);
#8347=ADVANCED_FACE('',(#1283),#451,.T.);
#8348=ADVANCED_FACE('',(#1284,#840),#7828,.T.);
#8349=ADVANCED_FACE('',(#1285,#841),#7829,.F.);
#8350=ADVANCED_FACE('',(#1286),#452,.F.);
#8351=ADVANCED_FACE('',(#1287),#7830,.F.);
#8352=ADVANCED_FACE('',(#1288),#7831,.F.);
#8353=ADVANCED_FACE('',(#1289),#7832,.F.);
#8354=ADVANCED_FACE('',(#1290),#7833,.F.);
#8355=ADVANCED_FACE('',(#1291),#453,.F.);
#8356=ADVANCED_FACE('',(#1292),#7834,.F.);
#8357=ADVANCED_FACE('',(#1293),#7835,.F.);
#8358=ADVANCED_FACE('',(#1294),#7836,.F.);
#8359=ADVANCED_FACE('',(#1295),#7837,.F.);
#8360=ADVANCED_FACE('',(#1296),#454,.F.);
#8361=ADVANCED_FACE('',(#1297),#7838,.F.);
#8362=ADVANCED_FACE('',(#1298),#7839,.F.);
#8363=ADVANCED_FACE('',(#1299),#7840,.F.);
#8364=ADVANCED_FACE('',(#1300),#7841,.F.);
#8365=ADVANCED_FACE('',(#1301),#455,.F.);
#8366=ADVANCED_FACE('',(#1302),#7842,.F.);
#8367=ADVANCED_FACE('',(#1303),#7843,.F.);
#8368=ADVANCED_FACE('',(#1304),#7844,.F.);
#8369=ADVANCED_FACE('',(#1305),#7845,.F.);
#8370=ADVANCED_FACE('',(#1306),#456,.F.);
#8371=ADVANCED_FACE('',(#1307),#457,.F.);
#8372=ADVANCED_FACE('',(#1308),#458,.F.);
#8373=ADVANCED_FACE('',(#1309),#459,.F.);
#8374=ADVANCED_FACE('',(#1310),#7846,.T.);
#8375=ADVANCED_FACE('',(#1311),#7847,.T.);
#8376=ADVANCED_FACE('',(#1312),#7848,.T.);
#8377=ADVANCED_FACE('',(#1313),#7849,.T.);
#8378=ADVANCED_FACE('',(#1314,#842,#843,#844,#845,#846,#847,#848,#849,#850,
#851,#852,#853),#7850,.T.);
#8379=ADVANCED_FACE('',(#1315,#854,#855,#856,#857,#858,#859,#860,#861,#862,
#863,#864,#865),#7851,.F.);
#8380=ADVANCED_FACE('',(#1316),#460,.T.);
#8381=ADVANCED_FACE('',(#1317),#7852,.T.);
#8382=ADVANCED_FACE('',(#1318),#7853,.F.);
#8383=ADVANCED_FACE('',(#1319),#7854,.T.);
#8384=ADVANCED_FACE('',(#1320),#7855,.T.);
#8385=ADVANCED_FACE('',(#1321),#7856,.T.);
#8386=ADVANCED_FACE('',(#1322),#7857,.T.);
#8387=ADVANCED_FACE('',(#1323),#7858,.T.);
#8388=ADVANCED_FACE('',(#1324),#7859,.F.);
#8389=ADVANCED_FACE('',(#1325),#7860,.T.);
#8390=ADVANCED_FACE('',(#1326),#7861,.T.);
#8391=ADVANCED_FACE('',(#1327),#7862,.T.);
#8392=ADVANCED_FACE('',(#1328),#7863,.T.);
#8393=ADVANCED_FACE('',(#1329),#7864,.T.);
#8394=ADVANCED_FACE('',(#1330),#7865,.F.);
#8395=ADVANCED_FACE('',(#1331),#7866,.T.);
#8396=ADVANCED_FACE('',(#1332),#7867,.T.);
#8397=ADVANCED_FACE('',(#1333),#7868,.T.);
#8398=ADVANCED_FACE('',(#1334),#7869,.T.);
#8399=ADVANCED_FACE('',(#1335),#7870,.T.);
#8400=ADVANCED_FACE('',(#1336),#7871,.F.);
#8401=ADVANCED_FACE('',(#1337),#461,.F.);
#8402=ADVANCED_FACE('',(#1338),#462,.T.);
#8403=ADVANCED_FACE('',(#1339,#866),#7872,.T.);
#8404=ADVANCED_FACE('',(#1340,#867),#7873,.F.);
#8405=ADVANCED_FACE('',(#1341),#7874,.T.);
#8406=ADVANCED_FACE('',(#1342),#7875,.T.);
#8407=ADVANCED_FACE('',(#1343),#7876,.T.);
#8408=ADVANCED_FACE('',(#1344),#7877,.T.);
#8409=ADVANCED_FACE('',(#1345),#7878,.T.);
#8410=ADVANCED_FACE('',(#1346),#7879,.F.);
#8411=ADVANCED_FACE('',(#1347),#7880,.T.);
#8412=ADVANCED_FACE('',(#1348),#7881,.T.);
#8413=ADVANCED_FACE('',(#1349),#7882,.T.);
#8414=ADVANCED_FACE('',(#1350),#7883,.T.);
#8415=ADVANCED_FACE('',(#1351),#7884,.T.);
#8416=ADVANCED_FACE('',(#1352),#7885,.F.);
#8417=ADVANCED_FACE('',(#1353),#463,.F.);
#8418=ADVANCED_FACE('',(#1354),#464,.T.);
#8419=ADVANCED_FACE('',(#1355,#868),#7886,.T.);
#8420=ADVANCED_FACE('',(#1356,#869),#7887,.F.);
#8421=ADVANCED_FACE('',(#1357),#7888,.T.);
#8422=ADVANCED_FACE('',(#1358),#7889,.T.);
#8423=ADVANCED_FACE('',(#1359),#7890,.T.);
#8424=ADVANCED_FACE('',(#1360),#7891,.T.);
#8425=ADVANCED_FACE('',(#1361),#7892,.T.);
#8426=ADVANCED_FACE('',(#1362),#7893,.F.);
#8427=ADVANCED_FACE('',(#1363),#7894,.T.);
#8428=ADVANCED_FACE('',(#1364),#7895,.T.);
#8429=ADVANCED_FACE('',(#1365),#7896,.T.);
#8430=ADVANCED_FACE('',(#1366),#7897,.T.);
#8431=ADVANCED_FACE('',(#1367),#7898,.T.);
#8432=ADVANCED_FACE('',(#1368),#7899,.F.);
#8433=ADVANCED_FACE('',(#1369),#465,.F.);
#8434=ADVANCED_FACE('',(#1370),#466,.T.);
#8435=ADVANCED_FACE('',(#1371,#870),#7900,.T.);
#8436=ADVANCED_FACE('',(#1372,#871),#7901,.F.);
#8437=ADVANCED_FACE('',(#1373),#7902,.T.);
#8438=ADVANCED_FACE('',(#1374),#7903,.T.);
#8439=ADVANCED_FACE('',(#1375),#7904,.T.);
#8440=ADVANCED_FACE('',(#1376),#7905,.T.);
#8441=ADVANCED_FACE('',(#1377),#7906,.T.);
#8442=ADVANCED_FACE('',(#1378),#7907,.F.);
#8443=ADVANCED_FACE('',(#1379),#7908,.T.);
#8444=ADVANCED_FACE('',(#1380),#7909,.T.);
#8445=ADVANCED_FACE('',(#1381),#7910,.T.);
#8446=ADVANCED_FACE('',(#1382),#7911,.T.);
#8447=ADVANCED_FACE('',(#1383),#7912,.T.);
#8448=ADVANCED_FACE('',(#1384),#7913,.F.);
#8449=ADVANCED_FACE('',(#1385),#467,.F.);
#8450=ADVANCED_FACE('',(#1386),#468,.T.);
#8451=ADVANCED_FACE('',(#1387,#872),#7914,.T.);
#8452=ADVANCED_FACE('',(#1388,#873),#7915,.F.);
#8453=ADVANCED_FACE('',(#1389),#469,.F.);
#8454=ADVANCED_FACE('',(#1390),#470,.F.);
#8455=ADVANCED_FACE('',(#1391),#471,.F.);
#8456=ADVANCED_FACE('',(#1392),#472,.F.);
#8457=ADVANCED_FACE('',(#1393),#473,.F.);
#8458=ADVANCED_FACE('',(#1394),#474,.F.);
#8459=ADVANCED_FACE('',(#1395),#7916,.T.);
#8460=ADVANCED_FACE('',(#1396),#7917,.T.);
#8461=ADVANCED_FACE('',(#1397),#7918,.T.);
#8462=ADVANCED_FACE('',(#1398),#7919,.T.);
#8463=ADVANCED_FACE('',(#1399,#874,#875,#876,#877,#878,#879),#7920,.T.);
#8464=ADVANCED_FACE('',(#1400,#880,#881,#882,#883,#884,#885),#7921,.F.);
#8465=ADVANCED_FACE('',(#1401),#7922,.T.);
#8466=ADVANCED_FACE('',(#1402),#7923,.T.);
#8467=ADVANCED_FACE('',(#1403),#7924,.T.);
#8468=ADVANCED_FACE('',(#1404),#7925,.T.);
#8469=ADVANCED_FACE('',(#1405),#7926,.T.);
#8470=ADVANCED_FACE('',(#1406),#7927,.F.);
#8471=ADVANCED_FACE('',(#1407),#7928,.T.);
#8472=ADVANCED_FACE('',(#1408),#7929,.T.);
#8473=ADVANCED_FACE('',(#1409),#7930,.T.);
#8474=ADVANCED_FACE('',(#1410),#7931,.T.);
#8475=ADVANCED_FACE('',(#1411),#7932,.T.);
#8476=ADVANCED_FACE('',(#1412),#7933,.F.);
#8477=ADVANCED_FACE('',(#1413),#475,.T.);
#8478=ADVANCED_FACE('',(#1414),#7934,.T.);
#8479=ADVANCED_FACE('',(#1415),#7935,.F.);
#8480=ADVANCED_FACE('',(#1416),#7936,.T.);
#8481=ADVANCED_FACE('',(#1417),#7937,.T.);
#8482=ADVANCED_FACE('',(#1418),#7938,.T.);
#8483=ADVANCED_FACE('',(#1419),#7939,.T.);
#8484=ADVANCED_FACE('',(#1420),#7940,.T.);
#8485=ADVANCED_FACE('',(#1421),#7941,.F.);
#8486=ADVANCED_FACE('',(#1422),#476,.T.);
#8487=ADVANCED_FACE('',(#1423),#7942,.T.);
#8488=ADVANCED_FACE('',(#1424),#7943,.F.);
#8489=ADVANCED_FACE('',(#1425),#7944,.T.);
#8490=ADVANCED_FACE('',(#1426),#7945,.T.);
#8491=ADVANCED_FACE('',(#1427),#7946,.T.);
#8492=ADVANCED_FACE('',(#1428),#7947,.T.);
#8493=ADVANCED_FACE('',(#1429),#7948,.T.);
#8494=ADVANCED_FACE('',(#1430),#7949,.F.);
#8495=ADVANCED_FACE('',(#1431),#477,.F.);
#8496=ADVANCED_FACE('',(#1432),#478,.T.);
#8497=ADVANCED_FACE('',(#1433,#886),#7950,.T.);
#8498=ADVANCED_FACE('',(#1434,#887),#7951,.F.);
#8499=ADVANCED_FACE('',(#1435),#479,.F.);
#8500=ADVANCED_FACE('',(#1436),#480,.T.);
#8501=ADVANCED_FACE('',(#1437,#888),#7952,.T.);
#8502=ADVANCED_FACE('',(#1438,#889),#7953,.F.);
#8503=CLOSED_SHELL('',(#7954,#7955,#7956,#7957,#7958,#7959,#7960,#7961,
#7962,#7963,#7964));
#8504=CLOSED_SHELL('',(#7965,#7966,#7967,#7968,#7969,#7970));
#8505=CLOSED_SHELL('',(#7971,#7972,#7973,#7974,#7975,#7976));
#8506=CLOSED_SHELL('',(#7977,#7978,#7979,#7980,#7981,#7982,#7983,#7984,
#7985,#7986,#7987,#7988,#7989,#7990,#7991,#7992,#7993,#7994));
#8507=CLOSED_SHELL('',(#7995,#7996,#7997,#7998,#7999,#8000));
#8508=CLOSED_SHELL('',(#8001,#8002,#8003,#8004,#8005,#8006));
#8509=CLOSED_SHELL('',(#8007,#8008,#8009));
#8510=CLOSED_SHELL('',(#8010,#8011,#8012,#8013,#8014,#8015));
#8511=CLOSED_SHELL('',(#8016,#8017,#8018));
#8512=CLOSED_SHELL('',(#8019,#8020,#8021,#8022,#8023,#8024));
#8513=CLOSED_SHELL('',(#8025,#8026,#8027,#8028));
#8514=CLOSED_SHELL('',(#8029,#8030,#8031,#8032));
#8515=CLOSED_SHELL('',(#8033,#8034,#8035,#8036));
#8516=CLOSED_SHELL('',(#8037,#8038,#8039,#8040));
#8517=CLOSED_SHELL('',(#8041,#8042,#8043,#8044));
#8518=CLOSED_SHELL('',(#8045,#8046,#8047,#8048));
#8519=CLOSED_SHELL('',(#8049,#8050,#8051,#8052));
#8520=CLOSED_SHELL('',(#8053,#8054,#8055,#8056));
#8521=CLOSED_SHELL('',(#8057,#8058,#8059,#8060,#8061,#8062,#8063,#8064,
#8065,#8066,#8067,#8068,#8069,#8070,#8071,#8072));
#8522=CLOSED_SHELL('',(#8073,#8074,#8075,#8076,#8077,#8078));
#8523=CLOSED_SHELL('',(#8079,#8080,#8081,#8082,#8083,#8084));
#8524=CLOSED_SHELL('',(#8085,#8086,#8087));
#8525=CLOSED_SHELL('',(#8088,#8089,#8090,#8091,#8092,#8093));
#8526=CLOSED_SHELL('',(#8094,#8095,#8096));
#8527=CLOSED_SHELL('',(#8097,#8098,#8099,#8100,#8101,#8102));
#8528=CLOSED_SHELL('',(#8103,#8104,#8105));
#8529=CLOSED_SHELL('',(#8106,#8107,#8108,#8109,#8110,#8111));
#8530=CLOSED_SHELL('',(#8112,#8113,#8114,#8115));
#8531=CLOSED_SHELL('',(#8116,#8117,#8118,#8119));
#8532=CLOSED_SHELL('',(#8120,#8121,#8122,#8123));
#8533=CLOSED_SHELL('',(#8124,#8125,#8126,#8127));
#8534=CLOSED_SHELL('',(#8128,#8129,#8130,#8131));
#8535=CLOSED_SHELL('',(#8132,#8133,#8134,#8135));
#8536=CLOSED_SHELL('',(#8136,#8137,#8138,#8139,#8140,#8141,#8142,#8143,
#8144,#8145,#8146,#8147,#8148,#8149));
#8537=CLOSED_SHELL('',(#8150,#8151,#8152));
#8538=CLOSED_SHELL('',(#8153,#8154,#8155,#8156,#8157,#8158));
#8539=CLOSED_SHELL('',(#8159,#8160,#8161));
#8540=CLOSED_SHELL('',(#8162,#8163,#8164,#8165,#8166,#8167));
#8541=CLOSED_SHELL('',(#8168,#8169,#8170));
#8542=CLOSED_SHELL('',(#8171,#8172,#8173,#8174,#8175,#8176));
#8543=CLOSED_SHELL('',(#8177,#8178,#8179,#8180));
#8544=CLOSED_SHELL('',(#8181,#8182,#8183,#8184));
#8545=CLOSED_SHELL('',(#8185,#8186,#8187,#8188));
#8546=CLOSED_SHELL('',(#8189,#8190,#8191,#8192));
#8547=CLOSED_SHELL('',(#8193,#8194,#8195,#8196,#8197,#8198,#8199,#8200,
#8201,#8202,#8203,#8204,#8205,#8206));
#8548=CLOSED_SHELL('',(#8207,#8208,#8209));
#8549=CLOSED_SHELL('',(#8210,#8211,#8212,#8213,#8214,#8215));
#8550=CLOSED_SHELL('',(#8216,#8217,#8218));
#8551=CLOSED_SHELL('',(#8219,#8220,#8221,#8222,#8223,#8224));
#8552=CLOSED_SHELL('',(#8225,#8226,#8227));
#8553=CLOSED_SHELL('',(#8228,#8229,#8230,#8231,#8232,#8233));
#8554=CLOSED_SHELL('',(#8234,#8235,#8236));
#8555=CLOSED_SHELL('',(#8237,#8238,#8239,#8240,#8241,#8242));
#8556=CLOSED_SHELL('',(#8243,#8244,#8245,#8246));
#8557=CLOSED_SHELL('',(#8247,#8248,#8249,#8250));
#8558=CLOSED_SHELL('',(#8251,#8252,#8253,#8254));
#8559=CLOSED_SHELL('',(#8255,#8256,#8257,#8258));
#8560=CLOSED_SHELL('',(#8259,#8260,#8261,#8262,#8263,#8264,#8265,#8266,
#8267,#8268,#8269,#8270,#8271));
#8561=CLOSED_SHELL('',(#8272,#8273,#8274));
#8562=CLOSED_SHELL('',(#8275,#8276,#8277,#8278,#8279,#8280));
#8563=CLOSED_SHELL('',(#8281,#8282,#8283));
#8564=CLOSED_SHELL('',(#8284,#8285,#8286,#8287,#8288,#8289));
#8565=CLOSED_SHELL('',(#8290,#8291,#8292,#8293));
#8566=CLOSED_SHELL('',(#8294,#8295,#8296,#8297));
#8567=CLOSED_SHELL('',(#8298,#8299,#8300,#8301));
#8568=CLOSED_SHELL('',(#8302,#8303,#8304,#8305,#8306,#8307,#8308,#8309,
#8310,#8311,#8312,#8313,#8314,#8315));
#8569=CLOSED_SHELL('',(#8316,#8317,#8318));
#8570=CLOSED_SHELL('',(#8319,#8320,#8321,#8322,#8323,#8324));
#8571=CLOSED_SHELL('',(#8325,#8326,#8327));
#8572=CLOSED_SHELL('',(#8328,#8329,#8330,#8331,#8332,#8333));
#8573=CLOSED_SHELL('',(#8334,#8335,#8336,#8337));
#8574=CLOSED_SHELL('',(#8338,#8339,#8340,#8341));
#8575=CLOSED_SHELL('',(#8342,#8343,#8344,#8345));
#8576=CLOSED_SHELL('',(#8346,#8347,#8348,#8349));
#8577=CLOSED_SHELL('',(#8350,#8351,#8352,#8353,#8354,#8355,#8356,#8357,
#8358,#8359,#8360,#8361,#8362,#8363,#8364,#8365,#8366,#8367,#8368,#8369,
#8370,#8371,#8372,#8373,#8374,#8375,#8376,#8377,#8378,#8379));
#8578=CLOSED_SHELL('',(#8380,#8381,#8382));
#8579=CLOSED_SHELL('',(#8383,#8384,#8385,#8386,#8387,#8388));
#8580=CLOSED_SHELL('',(#8389,#8390,#8391,#8392,#8393,#8394));
#8581=CLOSED_SHELL('',(#8395,#8396,#8397,#8398,#8399,#8400));
#8582=CLOSED_SHELL('',(#8401,#8402,#8403,#8404));
#8583=CLOSED_SHELL('',(#8405,#8406,#8407,#8408,#8409,#8410));
#8584=CLOSED_SHELL('',(#8411,#8412,#8413,#8414,#8415,#8416));
#8585=CLOSED_SHELL('',(#8417,#8418,#8419,#8420));
#8586=CLOSED_SHELL('',(#8421,#8422,#8423,#8424,#8425,#8426));
#8587=CLOSED_SHELL('',(#8427,#8428,#8429,#8430,#8431,#8432));
#8588=CLOSED_SHELL('',(#8433,#8434,#8435,#8436));
#8589=CLOSED_SHELL('',(#8437,#8438,#8439,#8440,#8441,#8442));
#8590=CLOSED_SHELL('',(#8443,#8444,#8445,#8446,#8447,#8448));
#8591=CLOSED_SHELL('',(#8449,#8450,#8451,#8452));
#8592=CLOSED_SHELL('',(#8453,#8454,#8455,#8456,#8457,#8458,#8459,#8460,
#8461,#8462,#8463,#8464));
#8593=CLOSED_SHELL('',(#8465,#8466,#8467,#8468,#8469,#8470));
#8594=CLOSED_SHELL('',(#8471,#8472,#8473,#8474,#8475,#8476));
#8595=CLOSED_SHELL('',(#8477,#8478,#8479));
#8596=CLOSED_SHELL('',(#8480,#8481,#8482,#8483,#8484,#8485));
#8597=CLOSED_SHELL('',(#8486,#8487,#8488));
#8598=CLOSED_SHELL('',(#8489,#8490,#8491,#8492,#8493,#8494));
#8599=CLOSED_SHELL('',(#8495,#8496,#8497,#8498));
#8600=CLOSED_SHELL('',(#8499,#8500,#8501,#8502));
#8601=DERIVED_UNIT_ELEMENT(#8603,1.);
#8602=DERIVED_UNIT_ELEMENT(#14258,-3.);
#8603=(
MASS_UNIT()
NAMED_UNIT(*)
SI_UNIT(.KILO.,.GRAM.)
);
#8604=DERIVED_UNIT((#8601,#8602));
#8605=MEASURE_REPRESENTATION_ITEM('density measure',
POSITIVE_RATIO_MEASURE(7850.),#8604);
#8606=PROPERTY_DEFINITION_REPRESENTATION(#8611,#8608);
#8607=PROPERTY_DEFINITION_REPRESENTATION(#8612,#8609);
#8608=REPRESENTATION('material name',(#8610),#14255);
#8609=REPRESENTATION('density',(#8605),#14255);
#8610=DESCRIPTIVE_REPRESENTATION_ITEM('Steel','Steel');
#8611=PROPERTY_DEFINITION('material property','material name',#14265);
#8612=PROPERTY_DEFINITION('material property','density of part',#14265);
#8613=AXIS2_PLACEMENT_3D('',#11943,#9475,#9476);
#8614=AXIS2_PLACEMENT_3D('',#11944,#9477,#9478);
#8615=AXIS2_PLACEMENT_3D('',#11953,#9483,#9484);
#8616=AXIS2_PLACEMENT_3D('',#11959,#9488,#9489);
#8617=AXIS2_PLACEMENT_3D('',#11965,#9493,#9494);
#8618=AXIS2_PLACEMENT_3D('',#11968,#9497,#9498);
#8619=AXIS2_PLACEMENT_3D('',#11969,#9499,#9500);
#8620=AXIS2_PLACEMENT_3D('',#11978,#9505,#9506);
#8621=AXIS2_PLACEMENT_3D('',#11984,#9510,#9511);
#8622=AXIS2_PLACEMENT_3D('',#11990,#9515,#9516);
#8623=AXIS2_PLACEMENT_3D('',#11993,#9519,#9520);
#8624=AXIS2_PLACEMENT_3D('',#11994,#9521,#9522);
#8625=AXIS2_PLACEMENT_3D('',#11995,#9523,#9524);
#8626=AXIS2_PLACEMENT_3D('',#12004,#9529,#9530);
#8627=AXIS2_PLACEMENT_3D('',#12010,#9534,#9535);
#8628=AXIS2_PLACEMENT_3D('',#12016,#9539,#9540);
#8629=AXIS2_PLACEMENT_3D('',#12019,#9543,#9544);
#8630=AXIS2_PLACEMENT_3D('',#12020,#9545,#9546);
#8631=AXIS2_PLACEMENT_3D('',#12021,#9547,#9548);
#8632=AXIS2_PLACEMENT_3D('',#12030,#9553,#9554);
#8633=AXIS2_PLACEMENT_3D('',#12036,#9558,#9559);
#8634=AXIS2_PLACEMENT_3D('',#12042,#9563,#9564);
#8635=AXIS2_PLACEMENT_3D('',#12045,#9567,#9568);
#8636=AXIS2_PLACEMENT_3D('',#12046,#9569,#9570);
#8637=AXIS2_PLACEMENT_3D('',#12047,#9571,#9572);
#8638=AXIS2_PLACEMENT_3D('',#12049,#9573,#9574);
#8639=AXIS2_PLACEMENT_3D('',#12052,#9576,#9577);
#8640=AXIS2_PLACEMENT_3D('',#12053,#9578,#9579);
#8641=AXIS2_PLACEMENT_3D('',#12055,#9580,#9581);
#8642=AXIS2_PLACEMENT_3D('',#12058,#9583,#9584);
#8643=AXIS2_PLACEMENT_3D('',#12059,#9585,#9586);
#8644=AXIS2_PLACEMENT_3D('',#12061,#9587,#9588);
#8645=AXIS2_PLACEMENT_3D('',#12064,#9590,#9591);
#8646=AXIS2_PLACEMENT_3D('',#12065,#9592,#9593);
#8647=AXIS2_PLACEMENT_3D('',#12067,#9594,#9595);
#8648=AXIS2_PLACEMENT_3D('',#12070,#9597,#9598);
#8649=AXIS2_PLACEMENT_3D('',#12071,#9599,#9600);
#8650=AXIS2_PLACEMENT_3D('',#12073,#9601,#9602);
#8651=AXIS2_PLACEMENT_3D('',#12076,#9604,#9605);
#8652=AXIS2_PLACEMENT_3D('',#12077,#9606,#9607);
#8653=AXIS2_PLACEMENT_3D('',#12079,#9608,#9609);
#8654=AXIS2_PLACEMENT_3D('',#12082,#9611,#9612);
#8655=AXIS2_PLACEMENT_3D('',#12083,#9613,#9614);
#8656=AXIS2_PLACEMENT_3D('',#12085,#9615,#9616);
#8657=AXIS2_PLACEMENT_3D('',#12088,#9618,#9619);
#8658=AXIS2_PLACEMENT_3D('',#12089,#9620,#9621);
#8659=AXIS2_PLACEMENT_3D('',#12091,#9622,#9623);
#8660=AXIS2_PLACEMENT_3D('',#12094,#9625,#9626);
#8661=AXIS2_PLACEMENT_3D('',#12095,#9627,#9628);
#8662=AXIS2_PLACEMENT_3D('',#12097,#9629,#9630);
#8663=AXIS2_PLACEMENT_3D('',#12100,#9632,#9633);
#8664=AXIS2_PLACEMENT_3D('',#12101,#9634,#9635);
#8665=AXIS2_PLACEMENT_3D('',#12103,#9636,#9637);
#8666=AXIS2_PLACEMENT_3D('',#12106,#9639,#9640);
#8667=AXIS2_PLACEMENT_3D('',#12107,#9641,#9642);
#8668=AXIS2_PLACEMENT_3D('',#12109,#9643,#9644);
#8669=AXIS2_PLACEMENT_3D('',#12112,#9646,#9647);
#8670=AXIS2_PLACEMENT_3D('',#12113,#9648,#9649);
#8671=AXIS2_PLACEMENT_3D('',#12115,#9650,#9651);
#8672=AXIS2_PLACEMENT_3D('',#12118,#9653,#9654);
#8673=AXIS2_PLACEMENT_3D('',#12119,#9655,#9656);
#8674=AXIS2_PLACEMENT_3D('',#12128,#9661,#9662);
#8675=AXIS2_PLACEMENT_3D('',#12134,#9666,#9667);
#8676=AXIS2_PLACEMENT_3D('',#12140,#9671,#9672);
#8677=AXIS2_PLACEMENT_3D('',#12143,#9675,#9676);
#8678=AXIS2_PLACEMENT_3D('',#12144,#9677,#9678);
#8679=AXIS2_PLACEMENT_3D('',#12145,#9679,#9680);
#8680=AXIS2_PLACEMENT_3D('',#12154,#9685,#9686);
#8681=AXIS2_PLACEMENT_3D('',#12160,#9690,#9691);
#8682=AXIS2_PLACEMENT_3D('',#12166,#9695,#9696);
#8683=AXIS2_PLACEMENT_3D('',#12169,#9699,#9700);
#8684=AXIS2_PLACEMENT_3D('',#12170,#9701,#9702);
#8685=AXIS2_PLACEMENT_3D('',#12171,#9703,#9704);
#8686=AXIS2_PLACEMENT_3D('',#12180,#9709,#9710);
#8687=AXIS2_PLACEMENT_3D('',#12186,#9714,#9715);
#8688=AXIS2_PLACEMENT_3D('',#12192,#9719,#9720);
#8689=AXIS2_PLACEMENT_3D('',#12195,#9723,#9724);
#8690=AXIS2_PLACEMENT_3D('',#12196,#9725,#9726);
#8691=AXIS2_PLACEMENT_3D('',#12197,#9727,#9728);
#8692=AXIS2_PLACEMENT_3D('',#12199,#9729,#9730);
#8693=AXIS2_PLACEMENT_3D('',#12202,#9732,#9733);
#8694=AXIS2_PLACEMENT_3D('',#12203,#9734,#9735);
#8695=AXIS2_PLACEMENT_3D('',#12204,#9736,#9737);
#8696=AXIS2_PLACEMENT_3D('',#12205,#9738,#9739);
#8697=AXIS2_PLACEMENT_3D('',#12214,#9744,#9745);
#8698=AXIS2_PLACEMENT_3D('',#12220,#9749,#9750);
#8699=AXIS2_PLACEMENT_3D('',#12226,#9754,#9755);
#8700=AXIS2_PLACEMENT_3D('',#12229,#9758,#9759);
#8701=AXIS2_PLACEMENT_3D('',#12230,#9760,#9761);
#8702=AXIS2_PLACEMENT_3D('',#12231,#9762,#9763);
#8703=AXIS2_PLACEMENT_3D('',#12233,#9764,#9765);
#8704=AXIS2_PLACEMENT_3D('',#12236,#9767,#9768);
#8705=AXIS2_PLACEMENT_3D('',#12237,#9769,#9770);
#8706=AXIS2_PLACEMENT_3D('',#12238,#9771,#9772);
#8707=AXIS2_PLACEMENT_3D('',#12239,#9773,#9774);
#8708=AXIS2_PLACEMENT_3D('',#12248,#9779,#9780);
#8709=AXIS2_PLACEMENT_3D('',#12254,#9784,#9785);
#8710=AXIS2_PLACEMENT_3D('',#12260,#9789,#9790);
#8711=AXIS2_PLACEMENT_3D('',#12263,#9793,#9794);
#8712=AXIS2_PLACEMENT_3D('',#12264,#9795,#9796);
#8713=AXIS2_PLACEMENT_3D('',#12265,#9797,#9798);
#8714=AXIS2_PLACEMENT_3D('',#12267,#9799,#9800);
#8715=AXIS2_PLACEMENT_3D('',#12270,#9802,#9803);
#8716=AXIS2_PLACEMENT_3D('',#12271,#9804,#9805);
#8717=AXIS2_PLACEMENT_3D('',#12273,#9806,#9807);
#8718=AXIS2_PLACEMENT_3D('',#12276,#9809,#9810);
#8719=AXIS2_PLACEMENT_3D('',#12277,#9811,#9812);
#8720=AXIS2_PLACEMENT_3D('',#12278,#9813,#9814);
#8721=AXIS2_PLACEMENT_3D('',#12279,#9815,#9816);
#8722=AXIS2_PLACEMENT_3D('',#12281,#9817,#9818);
#8723=AXIS2_PLACEMENT_3D('',#12284,#9820,#9821);
#8724=AXIS2_PLACEMENT_3D('',#12285,#9822,#9823);
#8725=AXIS2_PLACEMENT_3D('',#12287,#9824,#9825);
#8726=AXIS2_PLACEMENT_3D('',#12290,#9827,#9828);
#8727=AXIS2_PLACEMENT_3D('',#12291,#9829,#9830);
#8728=AXIS2_PLACEMENT_3D('',#12292,#9831,#9832);
#8729=AXIS2_PLACEMENT_3D('',#12293,#9833,#9834);
#8730=AXIS2_PLACEMENT_3D('',#12295,#9835,#9836);
#8731=AXIS2_PLACEMENT_3D('',#12298,#9838,#9839);
#8732=AXIS2_PLACEMENT_3D('',#12299,#9840,#9841);
#8733=AXIS2_PLACEMENT_3D('',#12301,#9842,#9843);
#8734=AXIS2_PLACEMENT_3D('',#12304,#9845,#9846);
#8735=AXIS2_PLACEMENT_3D('',#12305,#9847,#9848);
#8736=AXIS2_PLACEMENT_3D('',#12306,#9849,#9850);
#8737=AXIS2_PLACEMENT_3D('',#12307,#9851,#9852);
#8738=AXIS2_PLACEMENT_3D('',#12309,#9853,#9854);
#8739=AXIS2_PLACEMENT_3D('',#12312,#9856,#9857);
#8740=AXIS2_PLACEMENT_3D('',#12313,#9858,#9859);
#8741=AXIS2_PLACEMENT_3D('',#12315,#9860,#9861);
#8742=AXIS2_PLACEMENT_3D('',#12318,#9863,#9864);
#8743=AXIS2_PLACEMENT_3D('',#12319,#9865,#9866);
#8744=AXIS2_PLACEMENT_3D('',#12320,#9867,#9868);
#8745=AXIS2_PLACEMENT_3D('',#12321,#9869,#9870);
#8746=AXIS2_PLACEMENT_3D('',#12323,#9871,#9872);
#8747=AXIS2_PLACEMENT_3D('',#12326,#9874,#9875);
#8748=AXIS2_PLACEMENT_3D('',#12327,#9876,#9877);
#8749=AXIS2_PLACEMENT_3D('',#12329,#9878,#9879);
#8750=AXIS2_PLACEMENT_3D('',#12332,#9881,#9882);
#8751=AXIS2_PLACEMENT_3D('',#12333,#9883,#9884);
#8752=AXIS2_PLACEMENT_3D('',#12334,#9885,#9886);
#8753=AXIS2_PLACEMENT_3D('',#12335,#9887,#9888);
#8754=AXIS2_PLACEMENT_3D('',#12337,#9889,#9890);
#8755=AXIS2_PLACEMENT_3D('',#12340,#9892,#9893);
#8756=AXIS2_PLACEMENT_3D('',#12341,#9894,#9895);
#8757=AXIS2_PLACEMENT_3D('',#12343,#9896,#9897);
#8758=AXIS2_PLACEMENT_3D('',#12346,#9899,#9900);
#8759=AXIS2_PLACEMENT_3D('',#12347,#9901,#9902);
#8760=AXIS2_PLACEMENT_3D('',#12348,#9903,#9904);
#8761=AXIS2_PLACEMENT_3D('',#12349,#9905,#9906);
#8762=AXIS2_PLACEMENT_3D('',#12351,#9907,#9908);
#8763=AXIS2_PLACEMENT_3D('',#12354,#9910,#9911);
#8764=AXIS2_PLACEMENT_3D('',#12355,#9912,#9913);
#8765=AXIS2_PLACEMENT_3D('',#12357,#9914,#9915);
#8766=AXIS2_PLACEMENT_3D('',#12360,#9917,#9918);
#8767=AXIS2_PLACEMENT_3D('',#12361,#9919,#9920);
#8768=AXIS2_PLACEMENT_3D('',#12362,#9921,#9922);
#8769=AXIS2_PLACEMENT_3D('',#12363,#9923,#9924);
#8770=AXIS2_PLACEMENT_3D('',#12365,#9925,#9926);
#8771=AXIS2_PLACEMENT_3D('',#12368,#9928,#9929);
#8772=AXIS2_PLACEMENT_3D('',#12369,#9930,#9931);
#8773=AXIS2_PLACEMENT_3D('',#12371,#9932,#9933);
#8774=AXIS2_PLACEMENT_3D('',#12374,#9935,#9936);
#8775=AXIS2_PLACEMENT_3D('',#12375,#9937,#9938);
#8776=AXIS2_PLACEMENT_3D('',#12376,#9939,#9940);
#8777=AXIS2_PLACEMENT_3D('',#12377,#9941,#9942);
#8778=AXIS2_PLACEMENT_3D('',#12379,#9943,#9944);
#8779=AXIS2_PLACEMENT_3D('',#12382,#9946,#9947);
#8780=AXIS2_PLACEMENT_3D('',#12383,#9948,#9949);
#8781=AXIS2_PLACEMENT_3D('',#12385,#9950,#9951);
#8782=AXIS2_PLACEMENT_3D('',#12388,#9953,#9954);
#8783=AXIS2_PLACEMENT_3D('',#12389,#9955,#9956);
#8784=AXIS2_PLACEMENT_3D('',#12391,#9957,#9958);
#8785=AXIS2_PLACEMENT_3D('',#12394,#9960,#9961);
#8786=AXIS2_PLACEMENT_3D('',#12395,#9962,#9963);
#8787=AXIS2_PLACEMENT_3D('',#12397,#9964,#9965);
#8788=AXIS2_PLACEMENT_3D('',#12400,#9967,#9968);
#8789=AXIS2_PLACEMENT_3D('',#12401,#9969,#9970);
#8790=AXIS2_PLACEMENT_3D('',#12403,#9971,#9972);
#8791=AXIS2_PLACEMENT_3D('',#12406,#9974,#9975);
#8792=AXIS2_PLACEMENT_3D('',#12407,#9976,#9977);
#8793=AXIS2_PLACEMENT_3D('',#12409,#9978,#9979);
#8794=AXIS2_PLACEMENT_3D('',#12412,#9981,#9982);
#8795=AXIS2_PLACEMENT_3D('',#12413,#9983,#9984);
#8796=AXIS2_PLACEMENT_3D('',#12415,#9985,#9986);
#8797=AXIS2_PLACEMENT_3D('',#12418,#9988,#9989);
#8798=AXIS2_PLACEMENT_3D('',#12419,#9990,#9991);
#8799=AXIS2_PLACEMENT_3D('',#12421,#9992,#9993);
#8800=AXIS2_PLACEMENT_3D('',#12424,#9995,#9996);
#8801=AXIS2_PLACEMENT_3D('',#12425,#9997,#9998);
#8802=AXIS2_PLACEMENT_3D('',#12427,#9999,#10000);
#8803=AXIS2_PLACEMENT_3D('',#12430,#10002,#10003);
#8804=AXIS2_PLACEMENT_3D('',#12431,#10004,#10005);
#8805=AXIS2_PLACEMENT_3D('',#12433,#10006,#10007);
#8806=AXIS2_PLACEMENT_3D('',#12436,#10009,#10010);
#8807=AXIS2_PLACEMENT_3D('',#12437,#10011,#10012);
#8808=AXIS2_PLACEMENT_3D('',#12446,#10017,#10018);
#8809=AXIS2_PLACEMENT_3D('',#12452,#10022,#10023);
#8810=AXIS2_PLACEMENT_3D('',#12458,#10027,#10028);
#8811=AXIS2_PLACEMENT_3D('',#12461,#10031,#10032);
#8812=AXIS2_PLACEMENT_3D('',#12462,#10033,#10034);
#8813=AXIS2_PLACEMENT_3D('',#12463,#10035,#10036);
#8814=AXIS2_PLACEMENT_3D('',#12472,#10041,#10042);
#8815=AXIS2_PLACEMENT_3D('',#12478,#10046,#10047);
#8816=AXIS2_PLACEMENT_3D('',#12484,#10051,#10052);
#8817=AXIS2_PLACEMENT_3D('',#12487,#10055,#10056);
#8818=AXIS2_PLACEMENT_3D('',#12488,#10057,#10058);
#8819=AXIS2_PLACEMENT_3D('',#12489,#10059,#10060);
#8820=AXIS2_PLACEMENT_3D('',#12498,#10065,#10066);
#8821=AXIS2_PLACEMENT_3D('',#12504,#10070,#10071);
#8822=AXIS2_PLACEMENT_3D('',#12510,#10075,#10076);
#8823=AXIS2_PLACEMENT_3D('',#12513,#10079,#10080);
#8824=AXIS2_PLACEMENT_3D('',#12514,#10081,#10082);
#8825=AXIS2_PLACEMENT_3D('',#12515,#10083,#10084);
#8826=AXIS2_PLACEMENT_3D('',#12517,#10085,#10086);
#8827=AXIS2_PLACEMENT_3D('',#12520,#10088,#10089);
#8828=AXIS2_PLACEMENT_3D('',#12521,#10090,#10091);
#8829=AXIS2_PLACEMENT_3D('',#12522,#10092,#10093);
#8830=AXIS2_PLACEMENT_3D('',#12523,#10094,#10095);
#8831=AXIS2_PLACEMENT_3D('',#12532,#10100,#10101);
#8832=AXIS2_PLACEMENT_3D('',#12538,#10105,#10106);
#8833=AXIS2_PLACEMENT_3D('',#12544,#10110,#10111);
#8834=AXIS2_PLACEMENT_3D('',#12547,#10114,#10115);
#8835=AXIS2_PLACEMENT_3D('',#12548,#10116,#10117);
#8836=AXIS2_PLACEMENT_3D('',#12549,#10118,#10119);
#8837=AXIS2_PLACEMENT_3D('',#12551,#10120,#10121);
#8838=AXIS2_PLACEMENT_3D('',#12554,#10123,#10124);
#8839=AXIS2_PLACEMENT_3D('',#12555,#10125,#10126);
#8840=AXIS2_PLACEMENT_3D('',#12556,#10127,#10128);
#8841=AXIS2_PLACEMENT_3D('',#12557,#10129,#10130);
#8842=AXIS2_PLACEMENT_3D('',#12566,#10135,#10136);
#8843=AXIS2_PLACEMENT_3D('',#12572,#10140,#10141);
#8844=AXIS2_PLACEMENT_3D('',#12578,#10145,#10146);
#8845=AXIS2_PLACEMENT_3D('',#12581,#10149,#10150);
#8846=AXIS2_PLACEMENT_3D('',#12582,#10151,#10152);
#8847=AXIS2_PLACEMENT_3D('',#12583,#10153,#10154);
#8848=AXIS2_PLACEMENT_3D('',#12585,#10155,#10156);
#8849=AXIS2_PLACEMENT_3D('',#12588,#10158,#10159);
#8850=AXIS2_PLACEMENT_3D('',#12589,#10160,#10161);
#8851=AXIS2_PLACEMENT_3D('',#12590,#10162,#10163);
#8852=AXIS2_PLACEMENT_3D('',#12591,#10164,#10165);
#8853=AXIS2_PLACEMENT_3D('',#12600,#10170,#10171);
#8854=AXIS2_PLACEMENT_3D('',#12606,#10175,#10176);
#8855=AXIS2_PLACEMENT_3D('',#12612,#10180,#10181);
#8856=AXIS2_PLACEMENT_3D('',#12615,#10184,#10185);
#8857=AXIS2_PLACEMENT_3D('',#12616,#10186,#10187);
#8858=AXIS2_PLACEMENT_3D('',#12617,#10188,#10189);
#8859=AXIS2_PLACEMENT_3D('',#12619,#10190,#10191);
#8860=AXIS2_PLACEMENT_3D('',#12622,#10193,#10194);
#8861=AXIS2_PLACEMENT_3D('',#12623,#10195,#10196);
#8862=AXIS2_PLACEMENT_3D('',#12625,#10197,#10198);
#8863=AXIS2_PLACEMENT_3D('',#12628,#10200,#10201);
#8864=AXIS2_PLACEMENT_3D('',#12629,#10202,#10203);
#8865=AXIS2_PLACEMENT_3D('',#12630,#10204,#10205);
#8866=AXIS2_PLACEMENT_3D('',#12631,#10206,#10207);
#8867=AXIS2_PLACEMENT_3D('',#12633,#10208,#10209);
#8868=AXIS2_PLACEMENT_3D('',#12636,#10211,#10212);
#8869=AXIS2_PLACEMENT_3D('',#12637,#10213,#10214);
#8870=AXIS2_PLACEMENT_3D('',#12639,#10215,#10216);
#8871=AXIS2_PLACEMENT_3D('',#12642,#10218,#10219);
#8872=AXIS2_PLACEMENT_3D('',#12643,#10220,#10221);
#8873=AXIS2_PLACEMENT_3D('',#12644,#10222,#10223);
#8874=AXIS2_PLACEMENT_3D('',#12645,#10224,#10225);
#8875=AXIS2_PLACEMENT_3D('',#12647,#10226,#10227);
#8876=AXIS2_PLACEMENT_3D('',#12650,#10229,#10230);
#8877=AXIS2_PLACEMENT_3D('',#12651,#10231,#10232);
#8878=AXIS2_PLACEMENT_3D('',#12653,#10233,#10234);
#8879=AXIS2_PLACEMENT_3D('',#12656,#10236,#10237);
#8880=AXIS2_PLACEMENT_3D('',#12657,#10238,#10239);
#8881=AXIS2_PLACEMENT_3D('',#12658,#10240,#10241);
#8882=AXIS2_PLACEMENT_3D('',#12659,#10242,#10243);
#8883=AXIS2_PLACEMENT_3D('',#12661,#10244,#10245);
#8884=AXIS2_PLACEMENT_3D('',#12664,#10247,#10248);
#8885=AXIS2_PLACEMENT_3D('',#12665,#10249,#10250);
#8886=AXIS2_PLACEMENT_3D('',#12667,#10251,#10252);
#8887=AXIS2_PLACEMENT_3D('',#12670,#10254,#10255);
#8888=AXIS2_PLACEMENT_3D('',#12671,#10256,#10257);
#8889=AXIS2_PLACEMENT_3D('',#12672,#10258,#10259);
#8890=AXIS2_PLACEMENT_3D('',#12673,#10260,#10261);
#8891=AXIS2_PLACEMENT_3D('',#12675,#10262,#10263);
#8892=AXIS2_PLACEMENT_3D('',#12678,#10265,#10266);
#8893=AXIS2_PLACEMENT_3D('',#12679,#10267,#10268);
#8894=AXIS2_PLACEMENT_3D('',#12681,#10269,#10270);
#8895=AXIS2_PLACEMENT_3D('',#12684,#10272,#10273);
#8896=AXIS2_PLACEMENT_3D('',#12685,#10274,#10275);
#8897=AXIS2_PLACEMENT_3D('',#12686,#10276,#10277);
#8898=AXIS2_PLACEMENT_3D('',#12687,#10278,#10279);
#8899=AXIS2_PLACEMENT_3D('',#12689,#10280,#10281);
#8900=AXIS2_PLACEMENT_3D('',#12692,#10283,#10284);
#8901=AXIS2_PLACEMENT_3D('',#12693,#10285,#10286);
#8902=AXIS2_PLACEMENT_3D('',#12695,#10287,#10288);
#8903=AXIS2_PLACEMENT_3D('',#12698,#10290,#10291);
#8904=AXIS2_PLACEMENT_3D('',#12699,#10292,#10293);
#8905=AXIS2_PLACEMENT_3D('',#12700,#10294,#10295);
#8906=AXIS2_PLACEMENT_3D('',#12701,#10296,#10297);
#8907=AXIS2_PLACEMENT_3D('',#12703,#10298,#10299);
#8908=AXIS2_PLACEMENT_3D('',#12706,#10301,#10302);
#8909=AXIS2_PLACEMENT_3D('',#12707,#10303,#10304);
#8910=AXIS2_PLACEMENT_3D('',#12709,#10305,#10306);
#8911=AXIS2_PLACEMENT_3D('',#12712,#10308,#10309);
#8912=AXIS2_PLACEMENT_3D('',#12713,#10310,#10311);
#8913=AXIS2_PLACEMENT_3D('',#12715,#10312,#10313);
#8914=AXIS2_PLACEMENT_3D('',#12718,#10315,#10316);
#8915=AXIS2_PLACEMENT_3D('',#12719,#10317,#10318);
#8916=AXIS2_PLACEMENT_3D('',#12721,#10319,#10320);
#8917=AXIS2_PLACEMENT_3D('',#12724,#10322,#10323);
#8918=AXIS2_PLACEMENT_3D('',#12725,#10324,#10325);
#8919=AXIS2_PLACEMENT_3D('',#12727,#10326,#10327);
#8920=AXIS2_PLACEMENT_3D('',#12730,#10329,#10330);
#8921=AXIS2_PLACEMENT_3D('',#12731,#10331,#10332);
#8922=AXIS2_PLACEMENT_3D('',#12733,#10333,#10334);
#8923=AXIS2_PLACEMENT_3D('',#12736,#10336,#10337);
#8924=AXIS2_PLACEMENT_3D('',#12737,#10338,#10339);
#8925=AXIS2_PLACEMENT_3D('',#12739,#10340,#10341);
#8926=AXIS2_PLACEMENT_3D('',#12742,#10343,#10344);
#8927=AXIS2_PLACEMENT_3D('',#12743,#10345,#10346);
#8928=AXIS2_PLACEMENT_3D('',#12745,#10347,#10348);
#8929=AXIS2_PLACEMENT_3D('',#12748,#10350,#10351);
#8930=AXIS2_PLACEMENT_3D('',#12749,#10352,#10353);
#8931=AXIS2_PLACEMENT_3D('',#12758,#10358,#10359);
#8932=AXIS2_PLACEMENT_3D('',#12764,#10363,#10364);
#8933=AXIS2_PLACEMENT_3D('',#12770,#10368,#10369);
#8934=AXIS2_PLACEMENT_3D('',#12773,#10372,#10373);
#8935=AXIS2_PLACEMENT_3D('',#12774,#10374,#10375);
#8936=AXIS2_PLACEMENT_3D('',#12775,#10376,#10377);
#8937=AXIS2_PLACEMENT_3D('',#12777,#10378,#10379);
#8938=AXIS2_PLACEMENT_3D('',#12780,#10381,#10382);
#8939=AXIS2_PLACEMENT_3D('',#12781,#10383,#10384);
#8940=AXIS2_PLACEMENT_3D('',#12782,#10385,#10386);
#8941=AXIS2_PLACEMENT_3D('',#12783,#10387,#10388);
#8942=AXIS2_PLACEMENT_3D('',#12792,#10393,#10394);
#8943=AXIS2_PLACEMENT_3D('',#12798,#10398,#10399);
#8944=AXIS2_PLACEMENT_3D('',#12804,#10403,#10404);
#8945=AXIS2_PLACEMENT_3D('',#12807,#10407,#10408);
#8946=AXIS2_PLACEMENT_3D('',#12808,#10409,#10410);
#8947=AXIS2_PLACEMENT_3D('',#12809,#10411,#10412);
#8948=AXIS2_PLACEMENT_3D('',#12811,#10413,#10414);
#8949=AXIS2_PLACEMENT_3D('',#12814,#10416,#10417);
#8950=AXIS2_PLACEMENT_3D('',#12815,#10418,#10419);
#8951=AXIS2_PLACEMENT_3D('',#12816,#10420,#10421);
#8952=AXIS2_PLACEMENT_3D('',#12817,#10422,#10423);
#8953=AXIS2_PLACEMENT_3D('',#12826,#10428,#10429);
#8954=AXIS2_PLACEMENT_3D('',#12832,#10433,#10434);
#8955=AXIS2_PLACEMENT_3D('',#12838,#10438,#10439);
#8956=AXIS2_PLACEMENT_3D('',#12841,#10442,#10443);
#8957=AXIS2_PLACEMENT_3D('',#12842,#10444,#10445);
#8958=AXIS2_PLACEMENT_3D('',#12843,#10446,#10447);
#8959=AXIS2_PLACEMENT_3D('',#12845,#10448,#10449);
#8960=AXIS2_PLACEMENT_3D('',#12848,#10451,#10452);
#8961=AXIS2_PLACEMENT_3D('',#12849,#10453,#10454);
#8962=AXIS2_PLACEMENT_3D('',#12850,#10455,#10456);
#8963=AXIS2_PLACEMENT_3D('',#12851,#10457,#10458);
#8964=AXIS2_PLACEMENT_3D('',#12860,#10463,#10464);
#8965=AXIS2_PLACEMENT_3D('',#12866,#10468,#10469);
#8966=AXIS2_PLACEMENT_3D('',#12872,#10473,#10474);
#8967=AXIS2_PLACEMENT_3D('',#12875,#10477,#10478);
#8968=AXIS2_PLACEMENT_3D('',#12876,#10479,#10480);
#8969=AXIS2_PLACEMENT_3D('',#12877,#10481,#10482);
#8970=AXIS2_PLACEMENT_3D('',#12879,#10483,#10484);
#8971=AXIS2_PLACEMENT_3D('',#12882,#10486,#10487);
#8972=AXIS2_PLACEMENT_3D('',#12883,#10488,#10489);
#8973=AXIS2_PLACEMENT_3D('',#12885,#10490,#10491);
#8974=AXIS2_PLACEMENT_3D('',#12888,#10493,#10494);
#8975=AXIS2_PLACEMENT_3D('',#12889,#10495,#10496);
#8976=AXIS2_PLACEMENT_3D('',#12890,#10497,#10498);
#8977=AXIS2_PLACEMENT_3D('',#12891,#10499,#10500);
#8978=AXIS2_PLACEMENT_3D('',#12893,#10501,#10502);
#8979=AXIS2_PLACEMENT_3D('',#12896,#10504,#10505);
#8980=AXIS2_PLACEMENT_3D('',#12897,#10506,#10507);
#8981=AXIS2_PLACEMENT_3D('',#12899,#10508,#10509);
#8982=AXIS2_PLACEMENT_3D('',#12902,#10511,#10512);
#8983=AXIS2_PLACEMENT_3D('',#12903,#10513,#10514);
#8984=AXIS2_PLACEMENT_3D('',#12904,#10515,#10516);
#8985=AXIS2_PLACEMENT_3D('',#12905,#10517,#10518);
#8986=AXIS2_PLACEMENT_3D('',#12907,#10519,#10520);
#8987=AXIS2_PLACEMENT_3D('',#12910,#10522,#10523);
#8988=AXIS2_PLACEMENT_3D('',#12911,#10524,#10525);
#8989=AXIS2_PLACEMENT_3D('',#12913,#10526,#10527);
#8990=AXIS2_PLACEMENT_3D('',#12916,#10529,#10530);
#8991=AXIS2_PLACEMENT_3D('',#12917,#10531,#10532);
#8992=AXIS2_PLACEMENT_3D('',#12918,#10533,#10534);
#8993=AXIS2_PLACEMENT_3D('',#12919,#10535,#10536);
#8994=AXIS2_PLACEMENT_3D('',#12921,#10537,#10538);
#8995=AXIS2_PLACEMENT_3D('',#12924,#10540,#10541);
#8996=AXIS2_PLACEMENT_3D('',#12925,#10542,#10543);
#8997=AXIS2_PLACEMENT_3D('',#12927,#10544,#10545);
#8998=AXIS2_PLACEMENT_3D('',#12930,#10547,#10548);
#8999=AXIS2_PLACEMENT_3D('',#12931,#10549,#10550);
#9000=AXIS2_PLACEMENT_3D('',#12932,#10551,#10552);
#9001=AXIS2_PLACEMENT_3D('',#12933,#10553,#10554);
#9002=AXIS2_PLACEMENT_3D('',#12935,#10555,#10556);
#9003=AXIS2_PLACEMENT_3D('',#12938,#10558,#10559);
#9004=AXIS2_PLACEMENT_3D('',#12939,#10560,#10561);
#9005=AXIS2_PLACEMENT_3D('',#12941,#10562,#10563);
#9006=AXIS2_PLACEMENT_3D('',#12944,#10565,#10566);
#9007=AXIS2_PLACEMENT_3D('',#12945,#10567,#10568);
#9008=AXIS2_PLACEMENT_3D('',#12947,#10569,#10570);
#9009=AXIS2_PLACEMENT_3D('',#12950,#10572,#10573);
#9010=AXIS2_PLACEMENT_3D('',#12951,#10574,#10575);
#9011=AXIS2_PLACEMENT_3D('',#12953,#10576,#10577);
#9012=AXIS2_PLACEMENT_3D('',#12956,#10579,#10580);
#9013=AXIS2_PLACEMENT_3D('',#12957,#10581,#10582);
#9014=AXIS2_PLACEMENT_3D('',#12959,#10583,#10584);
#9015=AXIS2_PLACEMENT_3D('',#12962,#10586,#10587);
#9016=AXIS2_PLACEMENT_3D('',#12963,#10588,#10589);
#9017=AXIS2_PLACEMENT_3D('',#12965,#10590,#10591);
#9018=AXIS2_PLACEMENT_3D('',#12968,#10593,#10594);
#9019=AXIS2_PLACEMENT_3D('',#12969,#10595,#10596);
#9020=AXIS2_PLACEMENT_3D('',#12971,#10597,#10598);
#9021=AXIS2_PLACEMENT_3D('',#12974,#10600,#10601);
#9022=AXIS2_PLACEMENT_3D('',#12975,#10602,#10603);
#9023=AXIS2_PLACEMENT_3D('',#12977,#10604,#10605);
#9024=AXIS2_PLACEMENT_3D('',#12980,#10607,#10608);
#9025=AXIS2_PLACEMENT_3D('',#12981,#10609,#10610);
#9026=AXIS2_PLACEMENT_3D('',#12990,#10615,#10616);
#9027=AXIS2_PLACEMENT_3D('',#12996,#10620,#10621);
#9028=AXIS2_PLACEMENT_3D('',#13002,#10625,#10626);
#9029=AXIS2_PLACEMENT_3D('',#13005,#10629,#10630);
#9030=AXIS2_PLACEMENT_3D('',#13006,#10631,#10632);
#9031=AXIS2_PLACEMENT_3D('',#13007,#10633,#10634);
#9032=AXIS2_PLACEMENT_3D('',#13009,#10635,#10636);
#9033=AXIS2_PLACEMENT_3D('',#13012,#10638,#10639);
#9034=AXIS2_PLACEMENT_3D('',#13013,#10640,#10641);
#9035=AXIS2_PLACEMENT_3D('',#13014,#10642,#10643);
#9036=AXIS2_PLACEMENT_3D('',#13015,#10644,#10645);
#9037=AXIS2_PLACEMENT_3D('',#13024,#10650,#10651);
#9038=AXIS2_PLACEMENT_3D('',#13030,#10655,#10656);
#9039=AXIS2_PLACEMENT_3D('',#13036,#10660,#10661);
#9040=AXIS2_PLACEMENT_3D('',#13039,#10664,#10665);
#9041=AXIS2_PLACEMENT_3D('',#13040,#10666,#10667);
#9042=AXIS2_PLACEMENT_3D('',#13041,#10668,#10669);
#9043=AXIS2_PLACEMENT_3D('',#13043,#10670,#10671);
#9044=AXIS2_PLACEMENT_3D('',#13046,#10673,#10674);
#9045=AXIS2_PLACEMENT_3D('',#13047,#10675,#10676);
#9046=AXIS2_PLACEMENT_3D('',#13048,#10677,#10678);
#9047=AXIS2_PLACEMENT_3D('',#13049,#10679,#10680);
#9048=AXIS2_PLACEMENT_3D('',#13058,#10685,#10686);
#9049=AXIS2_PLACEMENT_3D('',#13064,#10690,#10691);
#9050=AXIS2_PLACEMENT_3D('',#13070,#10695,#10696);
#9051=AXIS2_PLACEMENT_3D('',#13073,#10699,#10700);
#9052=AXIS2_PLACEMENT_3D('',#13074,#10701,#10702);
#9053=AXIS2_PLACEMENT_3D('',#13075,#10703,#10704);
#9054=AXIS2_PLACEMENT_3D('',#13077,#10705,#10706);
#9055=AXIS2_PLACEMENT_3D('',#13080,#10708,#10709);
#9056=AXIS2_PLACEMENT_3D('',#13081,#10710,#10711);
#9057=AXIS2_PLACEMENT_3D('',#13082,#10712,#10713);
#9058=AXIS2_PLACEMENT_3D('',#13083,#10714,#10715);
#9059=AXIS2_PLACEMENT_3D('',#13092,#10720,#10721);
#9060=AXIS2_PLACEMENT_3D('',#13098,#10725,#10726);
#9061=AXIS2_PLACEMENT_3D('',#13104,#10730,#10731);
#9062=AXIS2_PLACEMENT_3D('',#13107,#10734,#10735);
#9063=AXIS2_PLACEMENT_3D('',#13108,#10736,#10737);
#9064=AXIS2_PLACEMENT_3D('',#13109,#10738,#10739);
#9065=AXIS2_PLACEMENT_3D('',#13111,#10740,#10741);
#9066=AXIS2_PLACEMENT_3D('',#13114,#10743,#10744);
#9067=AXIS2_PLACEMENT_3D('',#13115,#10745,#10746);
#9068=AXIS2_PLACEMENT_3D('',#13116,#10747,#10748);
#9069=AXIS2_PLACEMENT_3D('',#13117,#10749,#10750);
#9070=AXIS2_PLACEMENT_3D('',#13126,#10755,#10756);
#9071=AXIS2_PLACEMENT_3D('',#13132,#10760,#10761);
#9072=AXIS2_PLACEMENT_3D('',#13138,#10765,#10766);
#9073=AXIS2_PLACEMENT_3D('',#13141,#10769,#10770);
#9074=AXIS2_PLACEMENT_3D('',#13142,#10771,#10772);
#9075=AXIS2_PLACEMENT_3D('',#13143,#10773,#10774);
#9076=AXIS2_PLACEMENT_3D('',#13145,#10775,#10776);
#9077=AXIS2_PLACEMENT_3D('',#13148,#10778,#10779);
#9078=AXIS2_PLACEMENT_3D('',#13149,#10780,#10781);
#9079=AXIS2_PLACEMENT_3D('',#13151,#10782,#10783);
#9080=AXIS2_PLACEMENT_3D('',#13154,#10785,#10786);
#9081=AXIS2_PLACEMENT_3D('',#13155,#10787,#10788);
#9082=AXIS2_PLACEMENT_3D('',#13156,#10789,#10790);
#9083=AXIS2_PLACEMENT_3D('',#13157,#10791,#10792);
#9084=AXIS2_PLACEMENT_3D('',#13159,#10793,#10794);
#9085=AXIS2_PLACEMENT_3D('',#13162,#10796,#10797);
#9086=AXIS2_PLACEMENT_3D('',#13163,#10798,#10799);
#9087=AXIS2_PLACEMENT_3D('',#13165,#10800,#10801);
#9088=AXIS2_PLACEMENT_3D('',#13168,#10803,#10804);
#9089=AXIS2_PLACEMENT_3D('',#13169,#10805,#10806);
#9090=AXIS2_PLACEMENT_3D('',#13170,#10807,#10808);
#9091=AXIS2_PLACEMENT_3D('',#13171,#10809,#10810);
#9092=AXIS2_PLACEMENT_3D('',#13173,#10811,#10812);
#9093=AXIS2_PLACEMENT_3D('',#13176,#10814,#10815);
#9094=AXIS2_PLACEMENT_3D('',#13177,#10816,#10817);
#9095=AXIS2_PLACEMENT_3D('',#13179,#10818,#10819);
#9096=AXIS2_PLACEMENT_3D('',#13182,#10821,#10822);
#9097=AXIS2_PLACEMENT_3D('',#13183,#10823,#10824);
#9098=AXIS2_PLACEMENT_3D('',#13184,#10825,#10826);
#9099=AXIS2_PLACEMENT_3D('',#13185,#10827,#10828);
#9100=AXIS2_PLACEMENT_3D('',#13187,#10829,#10830);
#9101=AXIS2_PLACEMENT_3D('',#13190,#10832,#10833);
#9102=AXIS2_PLACEMENT_3D('',#13191,#10834,#10835);
#9103=AXIS2_PLACEMENT_3D('',#13193,#10836,#10837);
#9104=AXIS2_PLACEMENT_3D('',#13196,#10839,#10840);
#9105=AXIS2_PLACEMENT_3D('',#13197,#10841,#10842);
#9106=AXIS2_PLACEMENT_3D('',#13198,#10843,#10844);
#9107=AXIS2_PLACEMENT_3D('',#13199,#10845,#10846);
#9108=AXIS2_PLACEMENT_3D('',#13201,#10847,#10848);
#9109=AXIS2_PLACEMENT_3D('',#13204,#10850,#10851);
#9110=AXIS2_PLACEMENT_3D('',#13205,#10852,#10853);
#9111=AXIS2_PLACEMENT_3D('',#13207,#10854,#10855);
#9112=AXIS2_PLACEMENT_3D('',#13210,#10857,#10858);
#9113=AXIS2_PLACEMENT_3D('',#13211,#10859,#10860);
#9114=AXIS2_PLACEMENT_3D('',#13213,#10861,#10862);
#9115=AXIS2_PLACEMENT_3D('',#13216,#10864,#10865);
#9116=AXIS2_PLACEMENT_3D('',#13217,#10866,#10867);
#9117=AXIS2_PLACEMENT_3D('',#13219,#10868,#10869);
#9118=AXIS2_PLACEMENT_3D('',#13222,#10871,#10872);
#9119=AXIS2_PLACEMENT_3D('',#13223,#10873,#10874);
#9120=AXIS2_PLACEMENT_3D('',#13225,#10875,#10876);
#9121=AXIS2_PLACEMENT_3D('',#13228,#10878,#10879);
#9122=AXIS2_PLACEMENT_3D('',#13229,#10880,#10881);
#9123=AXIS2_PLACEMENT_3D('',#13231,#10882,#10883);
#9124=AXIS2_PLACEMENT_3D('',#13234,#10885,#10886);
#9125=AXIS2_PLACEMENT_3D('',#13235,#10887,#10888);
#9126=AXIS2_PLACEMENT_3D('',#13237,#10889,#10890);
#9127=AXIS2_PLACEMENT_3D('',#13240,#10892,#10893);
#9128=AXIS2_PLACEMENT_3D('',#13241,#10894,#10895);
#9129=AXIS2_PLACEMENT_3D('',#13250,#10900,#10901);
#9130=AXIS2_PLACEMENT_3D('',#13256,#10905,#10906);
#9131=AXIS2_PLACEMENT_3D('',#13262,#10910,#10911);
#9132=AXIS2_PLACEMENT_3D('',#13265,#10914,#10915);
#9133=AXIS2_PLACEMENT_3D('',#13266,#10916,#10917);
#9134=AXIS2_PLACEMENT_3D('',#13267,#10918,#10919);
#9135=AXIS2_PLACEMENT_3D('',#13269,#10920,#10921);
#9136=AXIS2_PLACEMENT_3D('',#13272,#10923,#10924);
#9137=AXIS2_PLACEMENT_3D('',#13273,#10925,#10926);
#9138=AXIS2_PLACEMENT_3D('',#13274,#10927,#10928);
#9139=AXIS2_PLACEMENT_3D('',#13275,#10929,#10930);
#9140=AXIS2_PLACEMENT_3D('',#13284,#10935,#10936);
#9141=AXIS2_PLACEMENT_3D('',#13290,#10940,#10941);
#9142=AXIS2_PLACEMENT_3D('',#13296,#10945,#10946);
#9143=AXIS2_PLACEMENT_3D('',#13299,#10949,#10950);
#9144=AXIS2_PLACEMENT_3D('',#13300,#10951,#10952);
#9145=AXIS2_PLACEMENT_3D('',#13301,#10953,#10954);
#9146=AXIS2_PLACEMENT_3D('',#13303,#10955,#10956);
#9147=AXIS2_PLACEMENT_3D('',#13306,#10958,#10959);
#9148=AXIS2_PLACEMENT_3D('',#13307,#10960,#10961);
#9149=AXIS2_PLACEMENT_3D('',#13308,#10962,#10963);
#9150=AXIS2_PLACEMENT_3D('',#13309,#10964,#10965);
#9151=AXIS2_PLACEMENT_3D('',#13318,#10970,#10971);
#9152=AXIS2_PLACEMENT_3D('',#13324,#10975,#10976);
#9153=AXIS2_PLACEMENT_3D('',#13330,#10980,#10981);
#9154=AXIS2_PLACEMENT_3D('',#13333,#10984,#10985);
#9155=AXIS2_PLACEMENT_3D('',#13334,#10986,#10987);
#9156=AXIS2_PLACEMENT_3D('',#13335,#10988,#10989);
#9157=AXIS2_PLACEMENT_3D('',#13337,#10990,#10991);
#9158=AXIS2_PLACEMENT_3D('',#13340,#10993,#10994);
#9159=AXIS2_PLACEMENT_3D('',#13341,#10995,#10996);
#9160=AXIS2_PLACEMENT_3D('',#13343,#10997,#10998);
#9161=AXIS2_PLACEMENT_3D('',#13346,#11000,#11001);
#9162=AXIS2_PLACEMENT_3D('',#13347,#11002,#11003);
#9163=AXIS2_PLACEMENT_3D('',#13348,#11004,#11005);
#9164=AXIS2_PLACEMENT_3D('',#13349,#11006,#11007);
#9165=AXIS2_PLACEMENT_3D('',#13351,#11008,#11009);
#9166=AXIS2_PLACEMENT_3D('',#13354,#11011,#11012);
#9167=AXIS2_PLACEMENT_3D('',#13355,#11013,#11014);
#9168=AXIS2_PLACEMENT_3D('',#13357,#11015,#11016);
#9169=AXIS2_PLACEMENT_3D('',#13360,#11018,#11019);
#9170=AXIS2_PLACEMENT_3D('',#13361,#11020,#11021);
#9171=AXIS2_PLACEMENT_3D('',#13362,#11022,#11023);
#9172=AXIS2_PLACEMENT_3D('',#13363,#11024,#11025);
#9173=AXIS2_PLACEMENT_3D('',#13365,#11026,#11027);
#9174=AXIS2_PLACEMENT_3D('',#13368,#11029,#11030);
#9175=AXIS2_PLACEMENT_3D('',#13369,#11031,#11032);
#9176=AXIS2_PLACEMENT_3D('',#13371,#11033,#11034);
#9177=AXIS2_PLACEMENT_3D('',#13374,#11036,#11037);
#9178=AXIS2_PLACEMENT_3D('',#13375,#11038,#11039);
#9179=AXIS2_PLACEMENT_3D('',#13376,#11040,#11041);
#9180=AXIS2_PLACEMENT_3D('',#13377,#11042,#11043);
#9181=AXIS2_PLACEMENT_3D('',#13379,#11044,#11045);
#9182=AXIS2_PLACEMENT_3D('',#13382,#11047,#11048);
#9183=AXIS2_PLACEMENT_3D('',#13383,#11049,#11050);
#9184=AXIS2_PLACEMENT_3D('',#13385,#11051,#11052);
#9185=AXIS2_PLACEMENT_3D('',#13388,#11054,#11055);
#9186=AXIS2_PLACEMENT_3D('',#13389,#11056,#11057);
#9187=AXIS2_PLACEMENT_3D('',#13391,#11058,#11059);
#9188=AXIS2_PLACEMENT_3D('',#13394,#11061,#11062);
#9189=AXIS2_PLACEMENT_3D('',#13395,#11063,#11064);
#9190=AXIS2_PLACEMENT_3D('',#13397,#11065,#11066);
#9191=AXIS2_PLACEMENT_3D('',#13400,#11068,#11069);
#9192=AXIS2_PLACEMENT_3D('',#13401,#11070,#11071);
#9193=AXIS2_PLACEMENT_3D('',#13403,#11072,#11073);
#9194=AXIS2_PLACEMENT_3D('',#13406,#11075,#11076);
#9195=AXIS2_PLACEMENT_3D('',#13407,#11077,#11078);
#9196=AXIS2_PLACEMENT_3D('',#13409,#11079,#11080);
#9197=AXIS2_PLACEMENT_3D('',#13412,#11082,#11083);
#9198=AXIS2_PLACEMENT_3D('',#13413,#11084,#11085);
#9199=AXIS2_PLACEMENT_3D('',#13415,#11086,#11087);
#9200=AXIS2_PLACEMENT_3D('',#13418,#11089,#11090);
#9201=AXIS2_PLACEMENT_3D('',#13419,#11091,#11092);
#9202=AXIS2_PLACEMENT_3D('',#13421,#11093,#11094);
#9203=AXIS2_PLACEMENT_3D('',#13424,#11096,#11097);
#9204=AXIS2_PLACEMENT_3D('',#13425,#11098,#11099);
#9205=AXIS2_PLACEMENT_3D('',#13434,#11104,#11105);
#9206=AXIS2_PLACEMENT_3D('',#13440,#11109,#11110);
#9207=AXIS2_PLACEMENT_3D('',#13446,#11114,#11115);
#9208=AXIS2_PLACEMENT_3D('',#13449,#11118,#11119);
#9209=AXIS2_PLACEMENT_3D('',#13450,#11120,#11121);
#9210=AXIS2_PLACEMENT_3D('',#13451,#11122,#11123);
#9211=AXIS2_PLACEMENT_3D('',#13453,#11124,#11125);
#9212=AXIS2_PLACEMENT_3D('',#13456,#11127,#11128);
#9213=AXIS2_PLACEMENT_3D('',#13457,#11129,#11130);
#9214=AXIS2_PLACEMENT_3D('',#13458,#11131,#11132);
#9215=AXIS2_PLACEMENT_3D('',#13459,#11133,#11134);
#9216=AXIS2_PLACEMENT_3D('',#13468,#11139,#11140);
#9217=AXIS2_PLACEMENT_3D('',#13474,#11144,#11145);
#9218=AXIS2_PLACEMENT_3D('',#13480,#11149,#11150);
#9219=AXIS2_PLACEMENT_3D('',#13483,#11153,#11154);
#9220=AXIS2_PLACEMENT_3D('',#13484,#11155,#11156);
#9221=AXIS2_PLACEMENT_3D('',#13485,#11157,#11158);
#9222=AXIS2_PLACEMENT_3D('',#13487,#11159,#11160);
#9223=AXIS2_PLACEMENT_3D('',#13490,#11162,#11163);
#9224=AXIS2_PLACEMENT_3D('',#13491,#11164,#11165);
#9225=AXIS2_PLACEMENT_3D('',#13492,#11166,#11167);
#9226=AXIS2_PLACEMENT_3D('',#13493,#11168,#11169);
#9227=AXIS2_PLACEMENT_3D('',#13502,#11174,#11175);
#9228=AXIS2_PLACEMENT_3D('',#13508,#11179,#11180);
#9229=AXIS2_PLACEMENT_3D('',#13514,#11184,#11185);
#9230=AXIS2_PLACEMENT_3D('',#13517,#11188,#11189);
#9231=AXIS2_PLACEMENT_3D('',#13518,#11190,#11191);
#9232=AXIS2_PLACEMENT_3D('',#13519,#11192,#11193);
#9233=AXIS2_PLACEMENT_3D('',#13521,#11194,#11195);
#9234=AXIS2_PLACEMENT_3D('',#13524,#11197,#11198);
#9235=AXIS2_PLACEMENT_3D('',#13525,#11199,#11200);
#9236=AXIS2_PLACEMENT_3D('',#13527,#11201,#11202);
#9237=AXIS2_PLACEMENT_3D('',#13530,#11204,#11205);
#9238=AXIS2_PLACEMENT_3D('',#13531,#11206,#11207);
#9239=AXIS2_PLACEMENT_3D('',#13532,#11208,#11209);
#9240=AXIS2_PLACEMENT_3D('',#13533,#11210,#11211);
#9241=AXIS2_PLACEMENT_3D('',#13535,#11212,#11213);
#9242=AXIS2_PLACEMENT_3D('',#13538,#11215,#11216);
#9243=AXIS2_PLACEMENT_3D('',#13539,#11217,#11218);
#9244=AXIS2_PLACEMENT_3D('',#13541,#11219,#11220);
#9245=AXIS2_PLACEMENT_3D('',#13544,#11222,#11223);
#9246=AXIS2_PLACEMENT_3D('',#13545,#11224,#11225);
#9247=AXIS2_PLACEMENT_3D('',#13546,#11226,#11227);
#9248=AXIS2_PLACEMENT_3D('',#13547,#11228,#11229);
#9249=AXIS2_PLACEMENT_3D('',#13549,#11230,#11231);
#9250=AXIS2_PLACEMENT_3D('',#13552,#11233,#11234);
#9251=AXIS2_PLACEMENT_3D('',#13553,#11235,#11236);
#9252=AXIS2_PLACEMENT_3D('',#13555,#11237,#11238);
#9253=AXIS2_PLACEMENT_3D('',#13558,#11240,#11241);
#9254=AXIS2_PLACEMENT_3D('',#13559,#11242,#11243);
#9255=AXIS2_PLACEMENT_3D('',#13560,#11244,#11245);
#9256=AXIS2_PLACEMENT_3D('',#13561,#11246,#11247);
#9257=AXIS2_PLACEMENT_3D('',#13563,#11248,#11249);
#9258=AXIS2_PLACEMENT_3D('',#13566,#11251,#11252);
#9259=AXIS2_PLACEMENT_3D('',#13567,#11253,#11254);
#9260=AXIS2_PLACEMENT_3D('',#13569,#11255,#11256);
#9261=AXIS2_PLACEMENT_3D('',#13572,#11258,#11259);
#9262=AXIS2_PLACEMENT_3D('',#13573,#11260,#11261);
#9263=AXIS2_PLACEMENT_3D('',#13574,#11262,#11263);
#9264=AXIS2_PLACEMENT_3D('',#13575,#11264,#11265);
#9265=AXIS2_PLACEMENT_3D('',#13577,#11266,#11267);
#9266=AXIS2_PLACEMENT_3D('',#13580,#11269,#11270);
#9267=AXIS2_PLACEMENT_3D('',#13581,#11271,#11272);
#9268=AXIS2_PLACEMENT_3D('',#13590,#11277,#11278);
#9269=AXIS2_PLACEMENT_3D('',#13596,#11282,#11283);
#9270=AXIS2_PLACEMENT_3D('',#13602,#11287,#11288);
#9271=AXIS2_PLACEMENT_3D('',#13605,#11291,#11292);
#9272=AXIS2_PLACEMENT_3D('',#13607,#11293,#11294);
#9273=AXIS2_PLACEMENT_3D('',#13610,#11296,#11297);
#9274=AXIS2_PLACEMENT_3D('',#13611,#11298,#11299);
#9275=AXIS2_PLACEMENT_3D('',#13620,#11304,#11305);
#9276=AXIS2_PLACEMENT_3D('',#13626,#11309,#11310);
#9277=AXIS2_PLACEMENT_3D('',#13632,#11314,#11315);
#9278=AXIS2_PLACEMENT_3D('',#13635,#11318,#11319);
#9279=AXIS2_PLACEMENT_3D('',#13637,#11320,#11321);
#9280=AXIS2_PLACEMENT_3D('',#13640,#11323,#11324);
#9281=AXIS2_PLACEMENT_3D('',#13641,#11325,#11326);
#9282=AXIS2_PLACEMENT_3D('',#13650,#11331,#11332);
#9283=AXIS2_PLACEMENT_3D('',#13656,#11336,#11337);
#9284=AXIS2_PLACEMENT_3D('',#13662,#11341,#11342);
#9285=AXIS2_PLACEMENT_3D('',#13665,#11345,#11346);
#9286=AXIS2_PLACEMENT_3D('',#13667,#11347,#11348);
#9287=AXIS2_PLACEMENT_3D('',#13670,#11350,#11351);
#9288=AXIS2_PLACEMENT_3D('',#13671,#11352,#11353);
#9289=AXIS2_PLACEMENT_3D('',#13680,#11358,#11359);
#9290=AXIS2_PLACEMENT_3D('',#13686,#11363,#11364);
#9291=AXIS2_PLACEMENT_3D('',#13692,#11368,#11369);
#9292=AXIS2_PLACEMENT_3D('',#13695,#11372,#11373);
#9293=AXIS2_PLACEMENT_3D('',#13697,#11374,#11375);
#9294=AXIS2_PLACEMENT_3D('',#13700,#11377,#11378);
#9295=AXIS2_PLACEMENT_3D('',#13701,#11379,#11380);
#9296=AXIS2_PLACEMENT_3D('',#13703,#11381,#11382);
#9297=AXIS2_PLACEMENT_3D('',#13706,#11384,#11385);
#9298=AXIS2_PLACEMENT_3D('',#13707,#11386,#11387);
#9299=AXIS2_PLACEMENT_3D('',#13709,#11388,#11389);
#9300=AXIS2_PLACEMENT_3D('',#13712,#11391,#11392);
#9301=AXIS2_PLACEMENT_3D('',#13713,#11393,#11394);
#9302=AXIS2_PLACEMENT_3D('',#13715,#11395,#11396);
#9303=AXIS2_PLACEMENT_3D('',#13718,#11398,#11399);
#9304=AXIS2_PLACEMENT_3D('',#13719,#11400,#11401);
#9305=AXIS2_PLACEMENT_3D('',#13728,#11406,#11407);
#9306=AXIS2_PLACEMENT_3D('',#13734,#11411,#11412);
#9307=AXIS2_PLACEMENT_3D('',#13740,#11416,#11417);
#9308=AXIS2_PLACEMENT_3D('',#13743,#11420,#11421);
#9309=AXIS2_PLACEMENT_3D('',#13744,#11422,#11423);
#9310=AXIS2_PLACEMENT_3D('',#13745,#11424,#11425);
#9311=AXIS2_PLACEMENT_3D('',#13747,#11426,#11427);
#9312=AXIS2_PLACEMENT_3D('',#13750,#11429,#11430);
#9313=AXIS2_PLACEMENT_3D('',#13751,#11431,#11432);
#9314=AXIS2_PLACEMENT_3D('',#13752,#11433,#11434);
#9315=AXIS2_PLACEMENT_3D('',#13753,#11435,#11436);
#9316=AXIS2_PLACEMENT_3D('',#13762,#11441,#11442);
#9317=AXIS2_PLACEMENT_3D('',#13768,#11446,#11447);
#9318=AXIS2_PLACEMENT_3D('',#13774,#11451,#11452);
#9319=AXIS2_PLACEMENT_3D('',#13777,#11455,#11456);
#9320=AXIS2_PLACEMENT_3D('',#13778,#11457,#11458);
#9321=AXIS2_PLACEMENT_3D('',#13779,#11459,#11460);
#9322=AXIS2_PLACEMENT_3D('',#13788,#11465,#11466);
#9323=AXIS2_PLACEMENT_3D('',#13794,#11470,#11471);
#9324=AXIS2_PLACEMENT_3D('',#13800,#11475,#11476);
#9325=AXIS2_PLACEMENT_3D('',#13803,#11479,#11480);
#9326=AXIS2_PLACEMENT_3D('',#13804,#11481,#11482);
#9327=AXIS2_PLACEMENT_3D('',#13805,#11483,#11484);
#9328=AXIS2_PLACEMENT_3D('',#13814,#11489,#11490);
#9329=AXIS2_PLACEMENT_3D('',#13820,#11494,#11495);
#9330=AXIS2_PLACEMENT_3D('',#13826,#11499,#11500);
#9331=AXIS2_PLACEMENT_3D('',#13829,#11503,#11504);
#9332=AXIS2_PLACEMENT_3D('',#13830,#11505,#11506);
#9333=AXIS2_PLACEMENT_3D('',#13831,#11507,#11508);
#9334=AXIS2_PLACEMENT_3D('',#13833,#11509,#11510);
#9335=AXIS2_PLACEMENT_3D('',#13836,#11512,#11513);
#9336=AXIS2_PLACEMENT_3D('',#13837,#11514,#11515);
#9337=AXIS2_PLACEMENT_3D('',#13839,#11516,#11517);
#9338=AXIS2_PLACEMENT_3D('',#13842,#11519,#11520);
#9339=AXIS2_PLACEMENT_3D('',#13843,#11521,#11522);
#9340=AXIS2_PLACEMENT_3D('',#13844,#11523,#11524);
#9341=AXIS2_PLACEMENT_3D('',#13845,#11525,#11526);
#9342=AXIS2_PLACEMENT_3D('',#13854,#11531,#11532);
#9343=AXIS2_PLACEMENT_3D('',#13860,#11536,#11537);
#9344=AXIS2_PLACEMENT_3D('',#13866,#11541,#11542);
#9345=AXIS2_PLACEMENT_3D('',#13869,#11545,#11546);
#9346=AXIS2_PLACEMENT_3D('',#13870,#11547,#11548);
#9347=AXIS2_PLACEMENT_3D('',#13871,#11549,#11550);
#9348=AXIS2_PLACEMENT_3D('',#13880,#11555,#11556);
#9349=AXIS2_PLACEMENT_3D('',#13886,#11560,#11561);
#9350=AXIS2_PLACEMENT_3D('',#13892,#11565,#11566);
#9351=AXIS2_PLACEMENT_3D('',#13895,#11569,#11570);
#9352=AXIS2_PLACEMENT_3D('',#13896,#11571,#11572);
#9353=AXIS2_PLACEMENT_3D('',#13897,#11573,#11574);
#9354=AXIS2_PLACEMENT_3D('',#13899,#11575,#11576);
#9355=AXIS2_PLACEMENT_3D('',#13902,#11578,#11579);
#9356=AXIS2_PLACEMENT_3D('',#13903,#11580,#11581);
#9357=AXIS2_PLACEMENT_3D('',#13905,#11582,#11583);
#9358=AXIS2_PLACEMENT_3D('',#13908,#11585,#11586);
#9359=AXIS2_PLACEMENT_3D('',#13909,#11587,#11588);
#9360=AXIS2_PLACEMENT_3D('',#13910,#11589,#11590);
#9361=AXIS2_PLACEMENT_3D('',#13911,#11591,#11592);
#9362=AXIS2_PLACEMENT_3D('',#13920,#11597,#11598);
#9363=AXIS2_PLACEMENT_3D('',#13926,#11602,#11603);
#9364=AXIS2_PLACEMENT_3D('',#13932,#11607,#11608);
#9365=AXIS2_PLACEMENT_3D('',#13935,#11611,#11612);
#9366=AXIS2_PLACEMENT_3D('',#13936,#11613,#11614);
#9367=AXIS2_PLACEMENT_3D('',#13937,#11615,#11616);
#9368=AXIS2_PLACEMENT_3D('',#13946,#11621,#11622);
#9369=AXIS2_PLACEMENT_3D('',#13952,#11626,#11627);
#9370=AXIS2_PLACEMENT_3D('',#13958,#11631,#11632);
#9371=AXIS2_PLACEMENT_3D('',#13961,#11635,#11636);
#9372=AXIS2_PLACEMENT_3D('',#13962,#11637,#11638);
#9373=AXIS2_PLACEMENT_3D('',#13963,#11639,#11640);
#9374=AXIS2_PLACEMENT_3D('',#13965,#11641,#11642);
#9375=AXIS2_PLACEMENT_3D('',#13968,#11644,#11645);
#9376=AXIS2_PLACEMENT_3D('',#13969,#11646,#11647);
#9377=AXIS2_PLACEMENT_3D('',#13971,#11648,#11649);
#9378=AXIS2_PLACEMENT_3D('',#13974,#11651,#11652);
#9379=AXIS2_PLACEMENT_3D('',#13975,#11653,#11654);
#9380=AXIS2_PLACEMENT_3D('',#13976,#11655,#11656);
#9381=AXIS2_PLACEMENT_3D('',#13977,#11657,#11658);
#9382=AXIS2_PLACEMENT_3D('',#13986,#11663,#11664);
#9383=AXIS2_PLACEMENT_3D('',#13992,#11668,#11669);
#9384=AXIS2_PLACEMENT_3D('',#13998,#11673,#11674);
#9385=AXIS2_PLACEMENT_3D('',#14001,#11677,#11678);
#9386=AXIS2_PLACEMENT_3D('',#14002,#11679,#11680);
#9387=AXIS2_PLACEMENT_3D('',#14003,#11681,#11682);
#9388=AXIS2_PLACEMENT_3D('',#14012,#11687,#11688);
#9389=AXIS2_PLACEMENT_3D('',#14018,#11692,#11693);
#9390=AXIS2_PLACEMENT_3D('',#14024,#11697,#11698);
#9391=AXIS2_PLACEMENT_3D('',#14027,#11701,#11702);
#9392=AXIS2_PLACEMENT_3D('',#14028,#11703,#11704);
#9393=AXIS2_PLACEMENT_3D('',#14029,#11705,#11706);
#9394=AXIS2_PLACEMENT_3D('',#14031,#11707,#11708);
#9395=AXIS2_PLACEMENT_3D('',#14034,#11710,#11711);
#9396=AXIS2_PLACEMENT_3D('',#14035,#11712,#11713);
#9397=AXIS2_PLACEMENT_3D('',#14037,#11714,#11715);
#9398=AXIS2_PLACEMENT_3D('',#14040,#11717,#11718);
#9399=AXIS2_PLACEMENT_3D('',#14041,#11719,#11720);
#9400=AXIS2_PLACEMENT_3D('',#14042,#11721,#11722);
#9401=AXIS2_PLACEMENT_3D('',#14043,#11723,#11724);
#9402=AXIS2_PLACEMENT_3D('',#14045,#11725,#11726);
#9403=AXIS2_PLACEMENT_3D('',#14048,#11728,#11729);
#9404=AXIS2_PLACEMENT_3D('',#14049,#11730,#11731);
#9405=AXIS2_PLACEMENT_3D('',#14051,#11732,#11733);
#9406=AXIS2_PLACEMENT_3D('',#14054,#11735,#11736);
#9407=AXIS2_PLACEMENT_3D('',#14055,#11737,#11738);
#9408=AXIS2_PLACEMENT_3D('',#14057,#11739,#11740);
#9409=AXIS2_PLACEMENT_3D('',#14060,#11742,#11743);
#9410=AXIS2_PLACEMENT_3D('',#14061,#11744,#11745);
#9411=AXIS2_PLACEMENT_3D('',#14063,#11746,#11747);
#9412=AXIS2_PLACEMENT_3D('',#14066,#11749,#11750);
#9413=AXIS2_PLACEMENT_3D('',#14067,#11751,#11752);
#9414=AXIS2_PLACEMENT_3D('',#14069,#11753,#11754);
#9415=AXIS2_PLACEMENT_3D('',#14072,#11756,#11757);
#9416=AXIS2_PLACEMENT_3D('',#14073,#11758,#11759);
#9417=AXIS2_PLACEMENT_3D('',#14075,#11760,#11761);
#9418=AXIS2_PLACEMENT_3D('',#14078,#11763,#11764);
#9419=AXIS2_PLACEMENT_3D('',#14079,#11765,#11766);
#9420=AXIS2_PLACEMENT_3D('',#14088,#11771,#11772);
#9421=AXIS2_PLACEMENT_3D('',#14094,#11776,#11777);
#9422=AXIS2_PLACEMENT_3D('',#14100,#11781,#11782);
#9423=AXIS2_PLACEMENT_3D('',#14103,#11785,#11786);
#9424=AXIS2_PLACEMENT_3D('',#14104,#11787,#11788);
#9425=AXIS2_PLACEMENT_3D('',#14105,#11789,#11790);
#9426=AXIS2_PLACEMENT_3D('',#14114,#11795,#11796);
#9427=AXIS2_PLACEMENT_3D('',#14120,#11800,#11801);
#9428=AXIS2_PLACEMENT_3D('',#14126,#11805,#11806);
#9429=AXIS2_PLACEMENT_3D('',#14129,#11809,#11810);
#9430=AXIS2_PLACEMENT_3D('',#14130,#11811,#11812);
#9431=AXIS2_PLACEMENT_3D('',#14131,#11813,#11814);
#9432=AXIS2_PLACEMENT_3D('',#14140,#11819,#11820);
#9433=AXIS2_PLACEMENT_3D('',#14146,#11824,#11825);
#9434=AXIS2_PLACEMENT_3D('',#14152,#11829,#11830);
#9435=AXIS2_PLACEMENT_3D('',#14155,#11833,#11834);
#9436=AXIS2_PLACEMENT_3D('',#14156,#11835,#11836);
#9437=AXIS2_PLACEMENT_3D('',#14157,#11837,#11838);
#9438=AXIS2_PLACEMENT_3D('',#14159,#11839,#11840);
#9439=AXIS2_PLACEMENT_3D('',#14162,#11842,#11843);
#9440=AXIS2_PLACEMENT_3D('',#14163,#11844,#11845);
#9441=AXIS2_PLACEMENT_3D('',#14164,#11846,#11847);
#9442=AXIS2_PLACEMENT_3D('',#14165,#11848,#11849);
#9443=AXIS2_PLACEMENT_3D('',#14174,#11854,#11855);
#9444=AXIS2_PLACEMENT_3D('',#14180,#11859,#11860);
#9445=AXIS2_PLACEMENT_3D('',#14186,#11864,#11865);
#9446=AXIS2_PLACEMENT_3D('',#14189,#11868,#11869);
#9447=AXIS2_PLACEMENT_3D('',#14190,#11870,#11871);
#9448=AXIS2_PLACEMENT_3D('',#14191,#11872,#11873);
#9449=AXIS2_PLACEMENT_3D('',#14193,#11874,#11875);
#9450=AXIS2_PLACEMENT_3D('',#14196,#11877,#11878);
#9451=AXIS2_PLACEMENT_3D('',#14197,#11879,#11880);
#9452=AXIS2_PLACEMENT_3D('',#14198,#11881,#11882);
#9453=AXIS2_PLACEMENT_3D('',#14199,#11883,#11884);
#9454=AXIS2_PLACEMENT_3D('',#14208,#11889,#11890);
#9455=AXIS2_PLACEMENT_3D('',#14214,#11894,#11895);
#9456=AXIS2_PLACEMENT_3D('',#14220,#11899,#11900);
#9457=AXIS2_PLACEMENT_3D('',#14223,#11903,#11904);
#9458=AXIS2_PLACEMENT_3D('',#14224,#11905,#11906);
#9459=AXIS2_PLACEMENT_3D('',#14225,#11907,#11908);
#9460=AXIS2_PLACEMENT_3D('',#14227,#11909,#11910);
#9461=AXIS2_PLACEMENT_3D('',#14230,#11912,#11913);
#9462=AXIS2_PLACEMENT_3D('',#14231,#11914,#11915);
#9463=AXIS2_PLACEMENT_3D('',#14233,#11916,#11917);
#9464=AXIS2_PLACEMENT_3D('',#14236,#11919,#11920);
#9465=AXIS2_PLACEMENT_3D('',#14237,#11921,#11922);
#9466=AXIS2_PLACEMENT_3D('',#14238,#11923,#11924);
#9467=AXIS2_PLACEMENT_3D('',#14239,#11925,#11926);
#9468=AXIS2_PLACEMENT_3D('',#14241,#11927,#11928);
#9469=AXIS2_PLACEMENT_3D('',#14244,#11930,#11931);
#9470=AXIS2_PLACEMENT_3D('',#14245,#11932,#11933);
#9471=AXIS2_PLACEMENT_3D('',#14247,#11934,#11935);
#9472=AXIS2_PLACEMENT_3D('',#14250,#11937,#11938);
#9473=AXIS2_PLACEMENT_3D('',#14251,#11939,#11940);
#9474=AXIS2_PLACEMENT_3D('',#14252,#11941,#11942);
#9475=DIRECTION('axis',(0.,0.,1.));
#9476=DIRECTION('refdir',(1.,0.,0.));
#9477=DIRECTION('center_axis',(0.,-1.,0.));
#9478=DIRECTION('ref_axis',(-1.,0.,0.));
#9479=DIRECTION('',(-1.,0.,0.));
#9480=DIRECTION('',(0.,0.,-1.));
#9481=DIRECTION('',(-1.,0.,0.));
#9482=DIRECTION('',(0.,0.,-1.));
#9483=DIRECTION('center_axis',(1.,0.,0.));
#9484=DIRECTION('ref_axis',(0.,-1.,0.));
#9485=DIRECTION('',(0.,-1.,0.));
#9486=DIRECTION('',(0.,0.,-1.));
#9487=DIRECTION('',(0.,-1.,0.));
#9488=DIRECTION('center_axis',(0.,1.,0.));
#9489=DIRECTION('ref_axis',(1.,0.,0.));
#9490=DIRECTION('',(1.,0.,0.));
#9491=DIRECTION('',(0.,0.,-1.));
#9492=DIRECTION('',(1.,0.,0.));
#9493=DIRECTION('center_axis',(-1.,0.,0.));
#9494=DIRECTION('ref_axis',(0.,1.,0.));
#9495=DIRECTION('',(0.,1.,0.));
#9496=DIRECTION('',(0.,1.,0.));
#9497=DIRECTION('center_axis',(0.,0.,-1.));
#9498=DIRECTION('ref_axis',(-1.,0.,0.));
#9499=DIRECTION('center_axis',(0.,-1.,0.));
#9500=DIRECTION('ref_axis',(-1.,0.,0.));
#9501=DIRECTION('',(1.,0.,0.));
#9502=DIRECTION('',(0.,0.,-1.));
#9503=DIRECTION('',(-1.,0.,0.));
#9504=DIRECTION('',(0.,0.,-1.));
#9505=DIRECTION('center_axis',(1.,0.,0.));
#9506=DIRECTION('ref_axis',(0.,-1.,0.));
#9507=DIRECTION('',(0.,1.,0.));
#9508=DIRECTION('',(0.,-1.,0.));
#9509=DIRECTION('',(0.,0.,-1.));
#9510=DIRECTION('center_axis',(0.,1.,0.));
#9511=DIRECTION('ref_axis',(1.,0.,0.));
#9512=DIRECTION('',(-1.,0.,0.));
#9513=DIRECTION('',(1.,0.,0.));
#9514=DIRECTION('',(0.,0.,-1.));
#9515=DIRECTION('center_axis',(-1.,0.,0.));
#9516=DIRECTION('ref_axis',(0.,1.,0.));
#9517=DIRECTION('',(0.,-1.,0.));
#9518=DIRECTION('',(0.,1.,0.));
#9519=DIRECTION('center_axis',(0.,0.,1.));
#9520=DIRECTION('ref_axis',(1.,0.,0.));
#9521=DIRECTION('center_axis',(0.,0.,-1.));
#9522=DIRECTION('ref_axis',(-1.,0.,0.));
#9523=DIRECTION('center_axis',(0.,-1.,0.));
#9524=DIRECTION('ref_axis',(-1.,0.,0.));
#9525=DIRECTION('',(1.,0.,0.));
#9526=DIRECTION('',(0.,0.,-1.));
#9527=DIRECTION('',(-1.,0.,0.));
#9528=DIRECTION('',(0.,0.,-1.));
#9529=DIRECTION('center_axis',(1.,3.95097161788312E-18,0.));
#9530=DIRECTION('ref_axis',(3.95097161788312E-18,-1.,0.));
#9531=DIRECTION('',(-3.95097161788312E-18,1.,0.));
#9532=DIRECTION('',(3.95097161788312E-18,-1.,0.));
#9533=DIRECTION('',(0.,0.,-1.));
#9534=DIRECTION('center_axis',(0.,1.,0.));
#9535=DIRECTION('ref_axis',(1.,0.,0.));
#9536=DIRECTION('',(-1.,0.,0.));
#9537=DIRECTION('',(1.,0.,0.));
#9538=DIRECTION('',(0.,0.,-1.));
#9539=DIRECTION('center_axis',(-1.,0.,0.));
#9540=DIRECTION('ref_axis',(0.,1.,0.));
#9541=DIRECTION('',(0.,-1.,0.));
#9542=DIRECTION('',(0.,1.,0.));
#9543=DIRECTION('center_axis',(0.,0.,1.));
#9544=DIRECTION('ref_axis',(1.,0.,0.));
#9545=DIRECTION('center_axis',(0.,0.,-1.));
#9546=DIRECTION('ref_axis',(-1.,0.,0.));
#9547=DIRECTION('center_axis',(0.,-1.,0.));
#9548=DIRECTION('ref_axis',(-1.,0.,0.));
#9549=DIRECTION('',(1.,0.,0.));
#9550=DIRECTION('',(0.,0.,-1.));
#9551=DIRECTION('',(-1.,0.,0.));
#9552=DIRECTION('',(0.,0.,-1.));
#9553=DIRECTION('center_axis',(1.,0.,0.));
#9554=DIRECTION('ref_axis',(0.,-1.,0.));
#9555=DIRECTION('',(0.,1.,0.));
#9556=DIRECTION('',(0.,-1.,0.));
#9557=DIRECTION('',(0.,0.,-1.));
#9558=DIRECTION('center_axis',(0.,1.,0.));
#9559=DIRECTION('ref_axis',(1.,0.,0.));
#9560=DIRECTION('',(-1.,0.,0.));
#9561=DIRECTION('',(1.,0.,0.));
#9562=DIRECTION('',(0.,0.,-1.));
#9563=DIRECTION('center_axis',(-1.,0.,0.));
#9564=DIRECTION('ref_axis',(0.,1.,0.));
#9565=DIRECTION('',(0.,-1.,0.));
#9566=DIRECTION('',(0.,1.,0.));
#9567=DIRECTION('center_axis',(0.,0.,1.));
#9568=DIRECTION('ref_axis',(1.,0.,0.));
#9569=DIRECTION('center_axis',(0.,0.,-1.));
#9570=DIRECTION('ref_axis',(-1.,0.,0.));
#9571=DIRECTION('center_axis',(0.,0.,1.));
#9572=DIRECTION('ref_axis',(1.,0.,0.));
#9573=DIRECTION('center_axis',(0.,0.,1.));
#9574=DIRECTION('ref_axis',(1.,0.,0.));
#9575=DIRECTION('',(0.,0.,1.));
#9576=DIRECTION('center_axis',(0.,0.,-1.));
#9577=DIRECTION('ref_axis',(1.,0.,0.));
#9578=DIRECTION('center_axis',(0.,0.,1.));
#9579=DIRECTION('ref_axis',(1.,0.,0.));
#9580=DIRECTION('center_axis',(0.,0.,1.));
#9581=DIRECTION('ref_axis',(1.,0.,0.));
#9582=DIRECTION('',(0.,0.,1.));
#9583=DIRECTION('center_axis',(0.,0.,-1.));
#9584=DIRECTION('ref_axis',(1.,0.,0.));
#9585=DIRECTION('center_axis',(0.,0.,1.));
#9586=DIRECTION('ref_axis',(1.,0.,0.));
#9587=DIRECTION('center_axis',(0.,0.,1.));
#9588=DIRECTION('ref_axis',(1.,0.,0.));
#9589=DIRECTION('',(0.,0.,1.));
#9590=DIRECTION('center_axis',(0.,0.,-1.));
#9591=DIRECTION('ref_axis',(1.,0.,0.));
#9592=DIRECTION('center_axis',(0.,0.,1.));
#9593=DIRECTION('ref_axis',(1.,0.,0.));
#9594=DIRECTION('center_axis',(0.,0.,1.));
#9595=DIRECTION('ref_axis',(1.,0.,0.));
#9596=DIRECTION('',(0.,0.,1.));
#9597=DIRECTION('center_axis',(0.,0.,-1.));
#9598=DIRECTION('ref_axis',(1.,0.,0.));
#9599=DIRECTION('center_axis',(0.,0.,1.));
#9600=DIRECTION('ref_axis',(1.,0.,0.));
#9601=DIRECTION('center_axis',(0.,0.,1.));
#9602=DIRECTION('ref_axis',(1.,0.,0.));
#9603=DIRECTION('',(0.,0.,1.));
#9604=DIRECTION('center_axis',(0.,0.,-1.));
#9605=DIRECTION('ref_axis',(1.,0.,0.));
#9606=DIRECTION('center_axis',(0.,0.,1.));
#9607=DIRECTION('ref_axis',(1.,0.,0.));
#9608=DIRECTION('center_axis',(0.,0.,1.));
#9609=DIRECTION('ref_axis',(1.,0.,0.));
#9610=DIRECTION('',(0.,0.,1.));
#9611=DIRECTION('center_axis',(0.,0.,-1.));
#9612=DIRECTION('ref_axis',(1.,0.,0.));
#9613=DIRECTION('center_axis',(0.,0.,1.));
#9614=DIRECTION('ref_axis',(1.,0.,0.));
#9615=DIRECTION('center_axis',(0.,0.,1.));
#9616=DIRECTION('ref_axis',(1.,0.,0.));
#9617=DIRECTION('',(0.,0.,1.));
#9618=DIRECTION('center_axis',(0.,0.,-1.));
#9619=DIRECTION('ref_axis',(1.,0.,0.));
#9620=DIRECTION('center_axis',(0.,0.,1.));
#9621=DIRECTION('ref_axis',(1.,0.,0.));
#9622=DIRECTION('center_axis',(0.,0.,1.));
#9623=DIRECTION('ref_axis',(1.,0.,0.));
#9624=DIRECTION('',(0.,0.,1.));
#9625=DIRECTION('center_axis',(0.,0.,-1.));
#9626=DIRECTION('ref_axis',(1.,0.,0.));
#9627=DIRECTION('center_axis',(0.,0.,1.));
#9628=DIRECTION('ref_axis',(1.,0.,0.));
#9629=DIRECTION('center_axis',(0.,0.,-1.));
#9630=DIRECTION('ref_axis',(1.,0.,0.));
#9631=DIRECTION('',(0.,0.,-1.));
#9632=DIRECTION('center_axis',(0.,0.,1.));
#9633=DIRECTION('ref_axis',(1.,0.,0.));
#9634=DIRECTION('center_axis',(0.,0.,1.));
#9635=DIRECTION('ref_axis',(1.,0.,0.));
#9636=DIRECTION('center_axis',(0.,0.,-1.));
#9637=DIRECTION('ref_axis',(1.,0.,0.));
#9638=DIRECTION('',(0.,0.,-1.));
#9639=DIRECTION('center_axis',(0.,0.,1.));
#9640=DIRECTION('ref_axis',(1.,0.,0.));
#9641=DIRECTION('center_axis',(0.,0.,1.));
#9642=DIRECTION('ref_axis',(1.,0.,0.));
#9643=DIRECTION('center_axis',(0.,0.,-1.));
#9644=DIRECTION('ref_axis',(1.,0.,0.));
#9645=DIRECTION('',(0.,0.,-1.));
#9646=DIRECTION('center_axis',(0.,0.,1.));
#9647=DIRECTION('ref_axis',(1.,0.,0.));
#9648=DIRECTION('center_axis',(0.,0.,1.));
#9649=DIRECTION('ref_axis',(1.,0.,0.));
#9650=DIRECTION('center_axis',(0.,0.,-1.));
#9651=DIRECTION('ref_axis',(1.,0.,0.));
#9652=DIRECTION('',(0.,0.,-1.));
#9653=DIRECTION('center_axis',(0.,0.,1.));
#9654=DIRECTION('ref_axis',(1.,0.,0.));
#9655=DIRECTION('center_axis',(0.,1.,0.));
#9656=DIRECTION('ref_axis',(-1.,0.,0.));
#9657=DIRECTION('',(-1.,0.,0.));
#9658=DIRECTION('',(0.,0.,1.));
#9659=DIRECTION('',(-1.,0.,0.));
#9660=DIRECTION('',(0.,0.,1.));
#9661=DIRECTION('center_axis',(1.,0.,0.));
#9662=DIRECTION('ref_axis',(0.,1.,0.));
#9663=DIRECTION('',(0.,1.,0.));
#9664=DIRECTION('',(0.,1.,0.));
#9665=DIRECTION('',(0.,0.,1.));
#9666=DIRECTION('center_axis',(0.,-1.,0.));
#9667=DIRECTION('ref_axis',(1.,0.,0.));
#9668=DIRECTION('',(1.,0.,0.));
#9669=DIRECTION('',(1.,0.,0.));
#9670=DIRECTION('',(0.,0.,1.));
#9671=DIRECTION('center_axis',(-1.,0.,0.));
#9672=DIRECTION('ref_axis',(0.,-1.,0.));
#9673=DIRECTION('',(0.,-1.,0.));
#9674=DIRECTION('',(0.,-1.,0.));
#9675=DIRECTION('center_axis',(0.,0.,1.));
#9676=DIRECTION('ref_axis',(1.,0.,0.));
#9677=DIRECTION('center_axis',(0.,0.,1.));
#9678=DIRECTION('ref_axis',(1.,0.,0.));
#9679=DIRECTION('center_axis',(0.,1.,0.));
#9680=DIRECTION('ref_axis',(-1.,0.,0.));
#9681=DIRECTION('',(-1.,0.,0.));
#9682=DIRECTION('',(0.,0.,1.));
#9683=DIRECTION('',(-1.,0.,0.));
#9684=DIRECTION('',(0.,0.,1.));
#9685=DIRECTION('center_axis',(1.,0.,0.));
#9686=DIRECTION('ref_axis',(0.,1.,0.));
#9687=DIRECTION('',(0.,1.,0.));
#9688=DIRECTION('',(0.,1.,0.));
#9689=DIRECTION('',(0.,0.,1.));
#9690=DIRECTION('center_axis',(0.,-1.,0.));
#9691=DIRECTION('ref_axis',(1.,0.,0.));
#9692=DIRECTION('',(1.,0.,0.));
#9693=DIRECTION('',(1.,0.,0.));
#9694=DIRECTION('',(0.,0.,1.));
#9695=DIRECTION('center_axis',(-1.,0.,0.));
#9696=DIRECTION('ref_axis',(0.,-1.,0.));
#9697=DIRECTION('',(0.,-1.,0.));
#9698=DIRECTION('',(0.,-1.,0.));
#9699=DIRECTION('center_axis',(0.,0.,1.));
#9700=DIRECTION('ref_axis',(1.,0.,0.));
#9701=DIRECTION('center_axis',(0.,0.,1.));
#9702=DIRECTION('ref_axis',(1.,0.,0.));
#9703=DIRECTION('center_axis',(0.,1.,0.));
#9704=DIRECTION('ref_axis',(-1.,0.,0.));
#9705=DIRECTION('',(-1.,0.,0.));
#9706=DIRECTION('',(0.,0.,1.));
#9707=DIRECTION('',(-1.,0.,0.));
#9708=DIRECTION('',(0.,0.,1.));
#9709=DIRECTION('center_axis',(1.,0.,0.));
#9710=DIRECTION('ref_axis',(0.,1.,0.));
#9711=DIRECTION('',(0.,1.,0.));
#9712=DIRECTION('',(0.,1.,0.));
#9713=DIRECTION('',(0.,0.,1.));
#9714=DIRECTION('center_axis',(0.,-1.,0.));
#9715=DIRECTION('ref_axis',(1.,0.,0.));
#9716=DIRECTION('',(1.,0.,0.));
#9717=DIRECTION('',(1.,0.,0.));
#9718=DIRECTION('',(0.,0.,1.));
#9719=DIRECTION('center_axis',(-1.,0.,0.));
#9720=DIRECTION('ref_axis',(0.,-1.,0.));
#9721=DIRECTION('',(0.,-1.,0.));
#9722=DIRECTION('',(0.,-1.,0.));
#9723=DIRECTION('center_axis',(0.,0.,1.));
#9724=DIRECTION('ref_axis',(1.,0.,0.));
#9725=DIRECTION('center_axis',(0.,0.,1.));
#9726=DIRECTION('ref_axis',(1.,0.,0.));
#9727=DIRECTION('center_axis',(0.,0.,1.));
#9728=DIRECTION('ref_axis',(1.,0.,0.));
#9729=DIRECTION('center_axis',(0.,0.,1.));
#9730=DIRECTION('ref_axis',(1.,0.,0.));
#9731=DIRECTION('',(0.,0.,-1.));
#9732=DIRECTION('center_axis',(0.,0.,1.));
#9733=DIRECTION('ref_axis',(1.,0.,0.));
#9734=DIRECTION('center_axis',(0.,0.,1.));
#9735=DIRECTION('ref_axis',(1.,0.,0.));
#9736=DIRECTION('center_axis',(0.,0.,1.));
#9737=DIRECTION('ref_axis',(1.,0.,0.));
#9738=DIRECTION('center_axis',(0.,1.,0.));
#9739=DIRECTION('ref_axis',(-1.,0.,0.));
#9740=DIRECTION('',(-1.,0.,0.));
#9741=DIRECTION('',(0.,0.,1.));
#9742=DIRECTION('',(-1.,0.,0.));
#9743=DIRECTION('',(0.,0.,1.));
#9744=DIRECTION('center_axis',(1.,0.,0.));
#9745=DIRECTION('ref_axis',(0.,1.,0.));
#9746=DIRECTION('',(0.,1.,0.));
#9747=DIRECTION('',(0.,1.,0.));
#9748=DIRECTION('',(0.,0.,1.));
#9749=DIRECTION('center_axis',(0.,-1.,0.));
#9750=DIRECTION('ref_axis',(1.,0.,0.));
#9751=DIRECTION('',(1.,0.,0.));
#9752=DIRECTION('',(1.,0.,0.));
#9753=DIRECTION('',(0.,0.,1.));
#9754=DIRECTION('center_axis',(-1.,0.,0.));
#9755=DIRECTION('ref_axis',(0.,-1.,0.));
#9756=DIRECTION('',(0.,-1.,0.));
#9757=DIRECTION('',(0.,-1.,0.));
#9758=DIRECTION('center_axis',(0.,0.,1.));
#9759=DIRECTION('ref_axis',(1.,0.,0.));
#9760=DIRECTION('center_axis',(0.,0.,1.));
#9761=DIRECTION('ref_axis',(1.,0.,0.));
#9762=DIRECTION('center_axis',(0.,0.,1.));
#9763=DIRECTION('ref_axis',(1.,0.,0.));
#9764=DIRECTION('center_axis',(0.,0.,1.));
#9765=DIRECTION('ref_axis',(1.,0.,0.));
#9766=DIRECTION('',(0.,0.,-1.));
#9767=DIRECTION('center_axis',(0.,0.,1.));
#9768=DIRECTION('ref_axis',(1.,0.,0.));
#9769=DIRECTION('center_axis',(0.,0.,1.));
#9770=DIRECTION('ref_axis',(1.,0.,0.));
#9771=DIRECTION('center_axis',(0.,0.,1.));
#9772=DIRECTION('ref_axis',(1.,0.,0.));
#9773=DIRECTION('center_axis',(0.,1.,0.));
#9774=DIRECTION('ref_axis',(-1.,0.,0.));
#9775=DIRECTION('',(-1.,0.,0.));
#9776=DIRECTION('',(0.,0.,1.));
#9777=DIRECTION('',(-1.,0.,0.));
#9778=DIRECTION('',(0.,0.,1.));
#9779=DIRECTION('center_axis',(1.,0.,0.));
#9780=DIRECTION('ref_axis',(0.,1.,0.));
#9781=DIRECTION('',(0.,1.,0.));
#9782=DIRECTION('',(0.,1.,0.));
#9783=DIRECTION('',(0.,0.,1.));
#9784=DIRECTION('center_axis',(0.,-1.,0.));
#9785=DIRECTION('ref_axis',(1.,0.,0.));
#9786=DIRECTION('',(1.,0.,0.));
#9787=DIRECTION('',(1.,0.,0.));
#9788=DIRECTION('',(0.,0.,1.));
#9789=DIRECTION('center_axis',(-1.,0.,0.));
#9790=DIRECTION('ref_axis',(0.,-1.,0.));
#9791=DIRECTION('',(0.,-1.,0.));
#9792=DIRECTION('',(0.,-1.,0.));
#9793=DIRECTION('center_axis',(0.,0.,1.));
#9794=DIRECTION('ref_axis',(1.,0.,0.));
#9795=DIRECTION('center_axis',(0.,0.,1.));
#9796=DIRECTION('ref_axis',(1.,0.,0.));
#9797=DIRECTION('center_axis',(0.,0.,1.));
#9798=DIRECTION('ref_axis',(1.,0.,0.));
#9799=DIRECTION('center_axis',(0.,0.,1.));
#9800=DIRECTION('ref_axis',(1.,0.,0.));
#9801=DIRECTION('',(0.,0.,1.));
#9802=DIRECTION('center_axis',(0.,0.,-1.));
#9803=DIRECTION('ref_axis',(1.,0.,0.));
#9804=DIRECTION('center_axis',(0.,0.,1.));
#9805=DIRECTION('ref_axis',(1.,0.,0.));
#9806=DIRECTION('center_axis',(0.,0.,1.));
#9807=DIRECTION('ref_axis',(1.,0.,0.));
#9808=DIRECTION('',(0.,0.,-1.));
#9809=DIRECTION('center_axis',(0.,0.,1.));
#9810=DIRECTION('ref_axis',(1.,0.,0.));
#9811=DIRECTION('center_axis',(0.,0.,1.));
#9812=DIRECTION('ref_axis',(1.,0.,0.));
#9813=DIRECTION('center_axis',(0.,0.,1.));
#9814=DIRECTION('ref_axis',(1.,0.,0.));
#9815=DIRECTION('center_axis',(0.,0.,1.));
#9816=DIRECTION('ref_axis',(1.,0.,0.));
#9817=DIRECTION('center_axis',(0.,0.,1.));
#9818=DIRECTION('ref_axis',(1.,0.,0.));
#9819=DIRECTION('',(0.,0.,1.));
#9820=DIRECTION('center_axis',(0.,0.,-1.));
#9821=DIRECTION('ref_axis',(1.,0.,0.));
#9822=DIRECTION('center_axis',(0.,0.,1.));
#9823=DIRECTION('ref_axis',(1.,0.,0.));
#9824=DIRECTION('center_axis',(0.,0.,1.));
#9825=DIRECTION('ref_axis',(1.,0.,0.));
#9826=DIRECTION('',(0.,0.,-1.));
#9827=DIRECTION('center_axis',(0.,0.,1.));
#9828=DIRECTION('ref_axis',(1.,0.,0.));
#9829=DIRECTION('center_axis',(0.,0.,1.));
#9830=DIRECTION('ref_axis',(1.,0.,0.));
#9831=DIRECTION('center_axis',(0.,0.,1.));
#9832=DIRECTION('ref_axis',(1.,0.,0.));
#9833=DIRECTION('center_axis',(0.,0.,1.));
#9834=DIRECTION('ref_axis',(1.,0.,0.));
#9835=DIRECTION('center_axis',(0.,0.,1.));
#9836=DIRECTION('ref_axis',(1.,0.,0.));
#9837=DIRECTION('',(0.,0.,1.));
#9838=DIRECTION('center_axis',(0.,0.,-1.));
#9839=DIRECTION('ref_axis',(1.,0.,0.));
#9840=DIRECTION('center_axis',(0.,0.,1.));
#9841=DIRECTION('ref_axis',(1.,0.,0.));
#9842=DIRECTION('center_axis',(0.,0.,1.));
#9843=DIRECTION('ref_axis',(1.,0.,0.));
#9844=DIRECTION('',(0.,0.,-1.));
#9845=DIRECTION('center_axis',(0.,0.,1.));
#9846=DIRECTION('ref_axis',(1.,0.,0.));
#9847=DIRECTION('center_axis',(0.,0.,1.));
#9848=DIRECTION('ref_axis',(1.,0.,0.));
#9849=DIRECTION('center_axis',(0.,0.,1.));
#9850=DIRECTION('ref_axis',(1.,0.,0.));
#9851=DIRECTION('center_axis',(0.,0.,1.));
#9852=DIRECTION('ref_axis',(1.,0.,0.));
#9853=DIRECTION('center_axis',(0.,0.,1.));
#9854=DIRECTION('ref_axis',(1.,0.,0.));
#9855=DIRECTION('',(0.,0.,1.));
#9856=DIRECTION('center_axis',(0.,0.,-1.));
#9857=DIRECTION('ref_axis',(1.,0.,0.));
#9858=DIRECTION('center_axis',(0.,0.,1.));
#9859=DIRECTION('ref_axis',(1.,0.,0.));
#9860=DIRECTION('center_axis',(0.,0.,1.));
#9861=DIRECTION('ref_axis',(1.,0.,0.));
#9862=DIRECTION('',(0.,0.,-1.));
#9863=DIRECTION('center_axis',(0.,0.,1.));
#9864=DIRECTION('ref_axis',(1.,0.,0.));
#9865=DIRECTION('center_axis',(0.,0.,1.));
#9866=DIRECTION('ref_axis',(1.,0.,0.));
#9867=DIRECTION('center_axis',(0.,0.,1.));
#9868=DIRECTION('ref_axis',(1.,0.,0.));
#9869=DIRECTION('center_axis',(0.,0.,1.));
#9870=DIRECTION('ref_axis',(1.,0.,0.));
#9871=DIRECTION('center_axis',(0.,0.,1.));
#9872=DIRECTION('ref_axis',(1.,0.,0.));
#9873=DIRECTION('',(0.,0.,1.));
#9874=DIRECTION('center_axis',(0.,0.,-1.));
#9875=DIRECTION('ref_axis',(1.,0.,0.));
#9876=DIRECTION('center_axis',(0.,0.,1.));
#9877=DIRECTION('ref_axis',(1.,0.,0.));
#9878=DIRECTION('center_axis',(0.,0.,1.));
#9879=DIRECTION('ref_axis',(1.,0.,0.));
#9880=DIRECTION('',(0.,0.,-1.));
#9881=DIRECTION('center_axis',(0.,0.,1.));
#9882=DIRECTION('ref_axis',(1.,0.,0.));
#9883=DIRECTION('center_axis',(0.,0.,1.));
#9884=DIRECTION('ref_axis',(1.,0.,0.));
#9885=DIRECTION('center_axis',(0.,0.,1.));
#9886=DIRECTION('ref_axis',(1.,0.,0.));
#9887=DIRECTION('center_axis',(0.,0.,1.));
#9888=DIRECTION('ref_axis',(1.,0.,0.));
#9889=DIRECTION('center_axis',(0.,0.,1.));
#9890=DIRECTION('ref_axis',(1.,0.,0.));
#9891=DIRECTION('',(0.,0.,1.));
#9892=DIRECTION('center_axis',(0.,0.,-1.));
#9893=DIRECTION('ref_axis',(1.,0.,0.));
#9894=DIRECTION('center_axis',(0.,0.,1.));
#9895=DIRECTION('ref_axis',(1.,0.,0.));
#9896=DIRECTION('center_axis',(0.,0.,1.));
#9897=DIRECTION('ref_axis',(1.,0.,0.));
#9898=DIRECTION('',(0.,0.,-1.));
#9899=DIRECTION('center_axis',(0.,0.,1.));
#9900=DIRECTION('ref_axis',(1.,0.,0.));
#9901=DIRECTION('center_axis',(0.,0.,1.));
#9902=DIRECTION('ref_axis',(1.,0.,0.));
#9903=DIRECTION('center_axis',(0.,0.,1.));
#9904=DIRECTION('ref_axis',(1.,0.,0.));
#9905=DIRECTION('center_axis',(0.,0.,1.));
#9906=DIRECTION('ref_axis',(1.,0.,0.));
#9907=DIRECTION('center_axis',(0.,0.,1.));
#9908=DIRECTION('ref_axis',(1.,0.,0.));
#9909=DIRECTION('',(0.,0.,1.));
#9910=DIRECTION('center_axis',(0.,0.,-1.));
#9911=DIRECTION('ref_axis',(1.,0.,0.));
#9912=DIRECTION('center_axis',(0.,0.,1.));
#9913=DIRECTION('ref_axis',(1.,0.,0.));
#9914=DIRECTION('center_axis',(0.,0.,1.));
#9915=DIRECTION('ref_axis',(1.,0.,0.));
#9916=DIRECTION('',(0.,0.,-1.));
#9917=DIRECTION('center_axis',(0.,0.,1.));
#9918=DIRECTION('ref_axis',(1.,0.,0.));
#9919=DIRECTION('center_axis',(0.,0.,1.));
#9920=DIRECTION('ref_axis',(1.,0.,0.));
#9921=DIRECTION('center_axis',(0.,0.,1.));
#9922=DIRECTION('ref_axis',(1.,0.,0.));
#9923=DIRECTION('center_axis',(0.,0.,1.));
#9924=DIRECTION('ref_axis',(1.,0.,0.));
#9925=DIRECTION('center_axis',(0.,0.,1.));
#9926=DIRECTION('ref_axis',(1.,0.,0.));
#9927=DIRECTION('',(0.,0.,1.));
#9928=DIRECTION('center_axis',(0.,0.,-1.));
#9929=DIRECTION('ref_axis',(1.,0.,0.));
#9930=DIRECTION('center_axis',(0.,0.,1.));
#9931=DIRECTION('ref_axis',(1.,0.,0.));
#9932=DIRECTION('center_axis',(0.,0.,1.));
#9933=DIRECTION('ref_axis',(1.,0.,0.));
#9934=DIRECTION('',(0.,0.,-1.));
#9935=DIRECTION('center_axis',(0.,0.,1.));
#9936=DIRECTION('ref_axis',(1.,0.,0.));
#9937=DIRECTION('center_axis',(0.,0.,1.));
#9938=DIRECTION('ref_axis',(1.,0.,0.));
#9939=DIRECTION('center_axis',(0.,0.,1.));
#9940=DIRECTION('ref_axis',(1.,0.,0.));
#9941=DIRECTION('center_axis',(0.,0.,1.));
#9942=DIRECTION('ref_axis',(1.,0.,0.));
#9943=DIRECTION('center_axis',(0.,0.,1.));
#9944=DIRECTION('ref_axis',(1.,0.,0.));
#9945=DIRECTION('',(0.,0.,1.));
#9946=DIRECTION('center_axis',(0.,0.,-1.));
#9947=DIRECTION('ref_axis',(1.,0.,0.));
#9948=DIRECTION('center_axis',(0.,0.,1.));
#9949=DIRECTION('ref_axis',(1.,0.,0.));
#9950=DIRECTION('center_axis',(0.,0.,1.));
#9951=DIRECTION('ref_axis',(1.,0.,0.));
#9952=DIRECTION('',(0.,0.,1.));
#9953=DIRECTION('center_axis',(0.,0.,-1.));
#9954=DIRECTION('ref_axis',(1.,0.,0.));
#9955=DIRECTION('center_axis',(0.,0.,1.));
#9956=DIRECTION('ref_axis',(1.,0.,0.));
#9957=DIRECTION('center_axis',(0.,0.,1.));
#9958=DIRECTION('ref_axis',(1.,0.,0.));
#9959=DIRECTION('',(0.,0.,1.));
#9960=DIRECTION('center_axis',(0.,0.,-1.));
#9961=DIRECTION('ref_axis',(1.,0.,0.));
#9962=DIRECTION('center_axis',(0.,0.,1.));
#9963=DIRECTION('ref_axis',(1.,0.,0.));
#9964=DIRECTION('center_axis',(0.,0.,1.));
#9965=DIRECTION('ref_axis',(1.,0.,0.));
#9966=DIRECTION('',(0.,0.,1.));
#9967=DIRECTION('center_axis',(0.,0.,-1.));
#9968=DIRECTION('ref_axis',(1.,0.,0.));
#9969=DIRECTION('center_axis',(0.,0.,1.));
#9970=DIRECTION('ref_axis',(1.,0.,0.));
#9971=DIRECTION('center_axis',(0.,0.,1.));
#9972=DIRECTION('ref_axis',(1.,0.,0.));
#9973=DIRECTION('',(0.,0.,1.));
#9974=DIRECTION('center_axis',(0.,0.,-1.));
#9975=DIRECTION('ref_axis',(1.,0.,0.));
#9976=DIRECTION('center_axis',(0.,0.,1.));
#9977=DIRECTION('ref_axis',(1.,0.,0.));
#9978=DIRECTION('center_axis',(0.,0.,1.));
#9979=DIRECTION('ref_axis',(1.,0.,0.));
#9980=DIRECTION('',(0.,0.,1.));
#9981=DIRECTION('center_axis',(0.,0.,-1.));
#9982=DIRECTION('ref_axis',(1.,0.,0.));
#9983=DIRECTION('center_axis',(0.,0.,1.));
#9984=DIRECTION('ref_axis',(1.,0.,0.));
#9985=DIRECTION('center_axis',(0.,0.,-1.));
#9986=DIRECTION('ref_axis',(1.,0.,0.));
#9987=DIRECTION('',(0.,0.,-1.));
#9988=DIRECTION('center_axis',(0.,0.,1.));
#9989=DIRECTION('ref_axis',(1.,0.,0.));
#9990=DIRECTION('center_axis',(0.,0.,1.));
#9991=DIRECTION('ref_axis',(1.,0.,0.));
#9992=DIRECTION('center_axis',(0.,0.,-1.));
#9993=DIRECTION('ref_axis',(1.,0.,0.));
#9994=DIRECTION('',(0.,0.,-1.));
#9995=DIRECTION('center_axis',(0.,0.,1.));
#9996=DIRECTION('ref_axis',(1.,0.,0.));
#9997=DIRECTION('center_axis',(0.,0.,1.));
#9998=DIRECTION('ref_axis',(1.,0.,0.));
#9999=DIRECTION('center_axis',(0.,0.,-1.));
#10000=DIRECTION('ref_axis',(1.,0.,0.));
#10001=DIRECTION('',(0.,0.,-1.));
#10002=DIRECTION('center_axis',(0.,0.,1.));
#10003=DIRECTION('ref_axis',(1.,0.,0.));
#10004=DIRECTION('center_axis',(0.,0.,1.));
#10005=DIRECTION('ref_axis',(1.,0.,0.));
#10006=DIRECTION('center_axis',(0.,0.,-1.));
#10007=DIRECTION('ref_axis',(1.,0.,0.));
#10008=DIRECTION('',(0.,0.,-1.));
#10009=DIRECTION('center_axis',(0.,0.,1.));
#10010=DIRECTION('ref_axis',(1.,0.,0.));
#10011=DIRECTION('center_axis',(0.,1.,0.));
#10012=DIRECTION('ref_axis',(-1.,0.,0.));
#10013=DIRECTION('',(-1.,0.,0.));
#10014=DIRECTION('',(0.,0.,1.));
#10015=DIRECTION('',(-1.,0.,0.));
#10016=DIRECTION('',(0.,0.,1.));
#10017=DIRECTION('center_axis',(1.,0.,0.));
#10018=DIRECTION('ref_axis',(0.,1.,0.));
#10019=DIRECTION('',(0.,1.,0.));
#10020=DIRECTION('',(0.,1.,0.));
#10021=DIRECTION('',(0.,0.,1.));
#10022=DIRECTION('center_axis',(0.,-1.,0.));
#10023=DIRECTION('ref_axis',(1.,0.,0.));
#10024=DIRECTION('',(1.,0.,0.));
#10025=DIRECTION('',(1.,0.,0.));
#10026=DIRECTION('',(0.,0.,1.));
#10027=DIRECTION('center_axis',(-1.,0.,0.));
#10028=DIRECTION('ref_axis',(0.,-1.,0.));
#10029=DIRECTION('',(0.,-1.,0.));
#10030=DIRECTION('',(0.,-1.,0.));
#10031=DIRECTION('center_axis',(0.,0.,1.));
#10032=DIRECTION('ref_axis',(1.,0.,0.));
#10033=DIRECTION('center_axis',(0.,0.,1.));
#10034=DIRECTION('ref_axis',(1.,0.,0.));
#10035=DIRECTION('center_axis',(0.,1.,0.));
#10036=DIRECTION('ref_axis',(-1.,0.,0.));
#10037=DIRECTION('',(-1.,0.,0.));
#10038=DIRECTION('',(0.,0.,1.));
#10039=DIRECTION('',(-1.,0.,0.));
#10040=DIRECTION('',(0.,0.,1.));
#10041=DIRECTION('center_axis',(1.,0.,0.));
#10042=DIRECTION('ref_axis',(0.,1.,0.));
#10043=DIRECTION('',(0.,1.,0.));
#10044=DIRECTION('',(0.,1.,0.));
#10045=DIRECTION('',(0.,0.,1.));
#10046=DIRECTION('center_axis',(0.,-1.,0.));
#10047=DIRECTION('ref_axis',(1.,0.,0.));
#10048=DIRECTION('',(1.,0.,0.));
#10049=DIRECTION('',(1.,0.,0.));
#10050=DIRECTION('',(0.,0.,1.));
#10051=DIRECTION('center_axis',(-1.,0.,0.));
#10052=DIRECTION('ref_axis',(0.,-1.,0.));
#10053=DIRECTION('',(0.,-1.,0.));
#10054=DIRECTION('',(0.,-1.,0.));
#10055=DIRECTION('center_axis',(0.,0.,1.));
#10056=DIRECTION('ref_axis',(1.,0.,0.));
#10057=DIRECTION('center_axis',(0.,0.,1.));
#10058=DIRECTION('ref_axis',(1.,0.,0.));
#10059=DIRECTION('center_axis',(0.,1.,0.));
#10060=DIRECTION('ref_axis',(-1.,0.,0.));
#10061=DIRECTION('',(-1.,0.,0.));
#10062=DIRECTION('',(0.,0.,1.));
#10063=DIRECTION('',(-1.,0.,0.));
#10064=DIRECTION('',(0.,0.,1.));
#10065=DIRECTION('center_axis',(1.,0.,0.));
#10066=DIRECTION('ref_axis',(0.,1.,0.));
#10067=DIRECTION('',(0.,1.,0.));
#10068=DIRECTION('',(0.,1.,0.));
#10069=DIRECTION('',(0.,0.,1.));
#10070=DIRECTION('center_axis',(0.,-1.,0.));
#10071=DIRECTION('ref_axis',(1.,0.,0.));
#10072=DIRECTION('',(1.,0.,0.));
#10073=DIRECTION('',(1.,0.,0.));
#10074=DIRECTION('',(0.,0.,1.));
#10075=DIRECTION('center_axis',(-1.,0.,0.));
#10076=DIRECTION('ref_axis',(0.,-1.,0.));
#10077=DIRECTION('',(0.,-1.,0.));
#10078=DIRECTION('',(0.,-1.,0.));
#10079=DIRECTION('center_axis',(0.,0.,1.));
#10080=DIRECTION('ref_axis',(1.,0.,0.));
#10081=DIRECTION('center_axis',(0.,0.,1.));
#10082=DIRECTION('ref_axis',(1.,0.,0.));
#10083=DIRECTION('center_axis',(0.,0.,1.));
#10084=DIRECTION('ref_axis',(1.,0.,0.));
#10085=DIRECTION('center_axis',(0.,0.,1.));
#10086=DIRECTION('ref_axis',(1.,0.,0.));
#10087=DIRECTION('',(0.,0.,-1.));
#10088=DIRECTION('center_axis',(0.,0.,1.));
#10089=DIRECTION('ref_axis',(1.,0.,0.));
#10090=DIRECTION('center_axis',(0.,0.,1.));
#10091=DIRECTION('ref_axis',(1.,0.,0.));
#10092=DIRECTION('center_axis',(0.,0.,1.));
#10093=DIRECTION('ref_axis',(1.,0.,0.));
#10094=DIRECTION('center_axis',(0.,1.,0.));
#10095=DIRECTION('ref_axis',(-1.,0.,0.));
#10096=DIRECTION('',(-1.,0.,0.));
#10097=DIRECTION('',(0.,0.,1.));
#10098=DIRECTION('',(-1.,0.,0.));
#10099=DIRECTION('',(0.,0.,1.));
#10100=DIRECTION('center_axis',(1.,0.,0.));
#10101=DIRECTION('ref_axis',(0.,1.,0.));
#10102=DIRECTION('',(0.,1.,0.));
#10103=DIRECTION('',(0.,1.,0.));
#10104=DIRECTION('',(0.,0.,1.));
#10105=DIRECTION('center_axis',(0.,-1.,0.));
#10106=DIRECTION('ref_axis',(1.,0.,0.));
#10107=DIRECTION('',(1.,0.,0.));
#10108=DIRECTION('',(1.,0.,0.));
#10109=DIRECTION('',(0.,0.,1.));
#10110=DIRECTION('center_axis',(-1.,0.,0.));
#10111=DIRECTION('ref_axis',(0.,-1.,0.));
#10112=DIRECTION('',(0.,-1.,0.));
#10113=DIRECTION('',(0.,-1.,0.));
#10114=DIRECTION('center_axis',(0.,0.,1.));
#10115=DIRECTION('ref_axis',(1.,0.,0.));
#10116=DIRECTION('center_axis',(0.,0.,1.));
#10117=DIRECTION('ref_axis',(1.,0.,0.));
#10118=DIRECTION('center_axis',(0.,0.,1.));
#10119=DIRECTION('ref_axis',(1.,0.,0.));
#10120=DIRECTION('center_axis',(0.,0.,1.));
#10121=DIRECTION('ref_axis',(1.,0.,0.));
#10122=DIRECTION('',(0.,0.,-1.));
#10123=DIRECTION('center_axis',(0.,0.,1.));
#10124=DIRECTION('ref_axis',(1.,0.,0.));
#10125=DIRECTION('center_axis',(0.,0.,1.));
#10126=DIRECTION('ref_axis',(1.,0.,0.));
#10127=DIRECTION('center_axis',(0.,0.,1.));
#10128=DIRECTION('ref_axis',(1.,0.,0.));
#10129=DIRECTION('center_axis',(0.,1.,0.));
#10130=DIRECTION('ref_axis',(-1.,0.,0.));
#10131=DIRECTION('',(-1.,0.,0.));
#10132=DIRECTION('',(0.,0.,1.));
#10133=DIRECTION('',(-1.,0.,0.));
#10134=DIRECTION('',(0.,0.,1.));
#10135=DIRECTION('center_axis',(1.,0.,0.));
#10136=DIRECTION('ref_axis',(0.,1.,0.));
#10137=DIRECTION('',(0.,1.,0.));
#10138=DIRECTION('',(0.,1.,0.));
#10139=DIRECTION('',(0.,0.,1.));
#10140=DIRECTION('center_axis',(0.,-1.,0.));
#10141=DIRECTION('ref_axis',(1.,0.,0.));
#10142=DIRECTION('',(1.,0.,0.));
#10143=DIRECTION('',(1.,0.,0.));
#10144=DIRECTION('',(0.,0.,1.));
#10145=DIRECTION('center_axis',(-1.,0.,0.));
#10146=DIRECTION('ref_axis',(0.,-1.,0.));
#10147=DIRECTION('',(0.,-1.,0.));
#10148=DIRECTION('',(0.,-1.,0.));
#10149=DIRECTION('center_axis',(0.,0.,1.));
#10150=DIRECTION('ref_axis',(1.,0.,0.));
#10151=DIRECTION('center_axis',(0.,0.,1.));
#10152=DIRECTION('ref_axis',(1.,0.,0.));
#10153=DIRECTION('center_axis',(0.,0.,1.));
#10154=DIRECTION('ref_axis',(1.,0.,0.));
#10155=DIRECTION('center_axis',(0.,0.,1.));
#10156=DIRECTION('ref_axis',(1.,0.,0.));
#10157=DIRECTION('',(0.,0.,-1.));
#10158=DIRECTION('center_axis',(0.,0.,1.));
#10159=DIRECTION('ref_axis',(1.,0.,0.));
#10160=DIRECTION('center_axis',(0.,0.,1.));
#10161=DIRECTION('ref_axis',(1.,0.,0.));
#10162=DIRECTION('center_axis',(0.,0.,1.));
#10163=DIRECTION('ref_axis',(1.,0.,0.));
#10164=DIRECTION('center_axis',(0.,1.,0.));
#10165=DIRECTION('ref_axis',(-1.,0.,0.));
#10166=DIRECTION('',(-1.,0.,0.));
#10167=DIRECTION('',(0.,0.,1.));
#10168=DIRECTION('',(-1.,0.,0.));
#10169=DIRECTION('',(0.,0.,1.));
#10170=DIRECTION('center_axis',(1.,0.,0.));
#10171=DIRECTION('ref_axis',(0.,1.,0.));
#10172=DIRECTION('',(0.,1.,0.));
#10173=DIRECTION('',(0.,1.,0.));
#10174=DIRECTION('',(0.,0.,1.));
#10175=DIRECTION('center_axis',(0.,-1.,0.));
#10176=DIRECTION('ref_axis',(1.,0.,0.));
#10177=DIRECTION('',(1.,0.,0.));
#10178=DIRECTION('',(1.,0.,0.));
#10179=DIRECTION('',(0.,0.,1.));
#10180=DIRECTION('center_axis',(-1.,0.,0.));
#10181=DIRECTION('ref_axis',(0.,-1.,0.));
#10182=DIRECTION('',(0.,-1.,0.));
#10183=DIRECTION('',(0.,-1.,0.));
#10184=DIRECTION('center_axis',(0.,0.,1.));
#10185=DIRECTION('ref_axis',(1.,0.,0.));
#10186=DIRECTION('center_axis',(0.,0.,1.));
#10187=DIRECTION('ref_axis',(1.,0.,0.));
#10188=DIRECTION('center_axis',(0.,0.,1.));
#10189=DIRECTION('ref_axis',(1.,0.,0.));
#10190=DIRECTION('center_axis',(0.,0.,1.));
#10191=DIRECTION('ref_axis',(1.,0.,0.));
#10192=DIRECTION('',(0.,0.,1.));
#10193=DIRECTION('center_axis',(0.,0.,-1.));
#10194=DIRECTION('ref_axis',(1.,0.,0.));
#10195=DIRECTION('center_axis',(0.,0.,1.));
#10196=DIRECTION('ref_axis',(1.,0.,0.));
#10197=DIRECTION('center_axis',(0.,0.,1.));
#10198=DIRECTION('ref_axis',(1.,0.,0.));
#10199=DIRECTION('',(0.,0.,-1.));
#10200=DIRECTION('center_axis',(0.,0.,1.));
#10201=DIRECTION('ref_axis',(1.,0.,0.));
#10202=DIRECTION('center_axis',(0.,0.,1.));
#10203=DIRECTION('ref_axis',(1.,0.,0.));
#10204=DIRECTION('center_axis',(0.,0.,1.));
#10205=DIRECTION('ref_axis',(1.,0.,0.));
#10206=DIRECTION('center_axis',(0.,0.,1.));
#10207=DIRECTION('ref_axis',(1.,0.,0.));
#10208=DIRECTION('center_axis',(0.,0.,1.));
#10209=DIRECTION('ref_axis',(1.,0.,0.));
#10210=DIRECTION('',(0.,0.,1.));
#10211=DIRECTION('center_axis',(0.,0.,-1.));
#10212=DIRECTION('ref_axis',(1.,0.,0.));
#10213=DIRECTION('center_axis',(0.,0.,1.));
#10214=DIRECTION('ref_axis',(1.,0.,0.));
#10215=DIRECTION('center_axis',(0.,0.,1.));
#10216=DIRECTION('ref_axis',(1.,0.,0.));
#10217=DIRECTION('',(0.,0.,-1.));
#10218=DIRECTION('center_axis',(0.,0.,1.));
#10219=DIRECTION('ref_axis',(1.,0.,0.));
#10220=DIRECTION('center_axis',(0.,0.,1.));
#10221=DIRECTION('ref_axis',(1.,0.,0.));
#10222=DIRECTION('center_axis',(0.,0.,1.));
#10223=DIRECTION('ref_axis',(1.,0.,0.));
#10224=DIRECTION('center_axis',(0.,0.,1.));
#10225=DIRECTION('ref_axis',(1.,0.,0.));
#10226=DIRECTION('center_axis',(0.,0.,1.));
#10227=DIRECTION('ref_axis',(1.,0.,0.));
#10228=DIRECTION('',(0.,0.,1.));
#10229=DIRECTION('center_axis',(0.,0.,-1.));
#10230=DIRECTION('ref_axis',(1.,0.,0.));
#10231=DIRECTION('center_axis',(0.,0.,1.));
#10232=DIRECTION('ref_axis',(1.,0.,0.));
#10233=DIRECTION('center_axis',(0.,0.,1.));
#10234=DIRECTION('ref_axis',(1.,0.,0.));
#10235=DIRECTION('',(0.,0.,-1.));
#10236=DIRECTION('center_axis',(0.,0.,1.));
#10237=DIRECTION('ref_axis',(1.,0.,0.));
#10238=DIRECTION('center_axis',(0.,0.,1.));
#10239=DIRECTION('ref_axis',(1.,0.,0.));
#10240=DIRECTION('center_axis',(0.,0.,1.));
#10241=DIRECTION('ref_axis',(1.,0.,0.));
#10242=DIRECTION('center_axis',(0.,0.,1.));
#10243=DIRECTION('ref_axis',(1.,0.,0.));
#10244=DIRECTION('center_axis',(0.,0.,1.));
#10245=DIRECTION('ref_axis',(1.,0.,0.));
#10246=DIRECTION('',(0.,0.,1.));
#10247=DIRECTION('center_axis',(0.,0.,-1.));
#10248=DIRECTION('ref_axis',(1.,0.,0.));
#10249=DIRECTION('center_axis',(0.,0.,1.));
#10250=DIRECTION('ref_axis',(1.,0.,0.));
#10251=DIRECTION('center_axis',(0.,0.,1.));
#10252=DIRECTION('ref_axis',(1.,0.,0.));
#10253=DIRECTION('',(0.,0.,-1.));
#10254=DIRECTION('center_axis',(0.,0.,1.));
#10255=DIRECTION('ref_axis',(1.,0.,0.));
#10256=DIRECTION('center_axis',(0.,0.,1.));
#10257=DIRECTION('ref_axis',(1.,0.,0.));
#10258=DIRECTION('center_axis',(0.,0.,1.));
#10259=DIRECTION('ref_axis',(1.,0.,0.));
#10260=DIRECTION('center_axis',(0.,0.,1.));
#10261=DIRECTION('ref_axis',(1.,0.,0.));
#10262=DIRECTION('center_axis',(0.,0.,1.));
#10263=DIRECTION('ref_axis',(1.,0.,0.));
#10264=DIRECTION('',(0.,0.,1.));
#10265=DIRECTION('center_axis',(0.,0.,-1.));
#10266=DIRECTION('ref_axis',(1.,0.,0.));
#10267=DIRECTION('center_axis',(0.,0.,1.));
#10268=DIRECTION('ref_axis',(1.,0.,0.));
#10269=DIRECTION('center_axis',(0.,0.,1.));
#10270=DIRECTION('ref_axis',(1.,0.,0.));
#10271=DIRECTION('',(0.,0.,-1.));
#10272=DIRECTION('center_axis',(0.,0.,1.));
#10273=DIRECTION('ref_axis',(1.,0.,0.));
#10274=DIRECTION('center_axis',(0.,0.,1.));
#10275=DIRECTION('ref_axis',(1.,0.,0.));
#10276=DIRECTION('center_axis',(0.,0.,1.));
#10277=DIRECTION('ref_axis',(1.,0.,0.));
#10278=DIRECTION('center_axis',(0.,0.,1.));
#10279=DIRECTION('ref_axis',(1.,0.,0.));
#10280=DIRECTION('center_axis',(0.,0.,1.));
#10281=DIRECTION('ref_axis',(1.,0.,0.));
#10282=DIRECTION('',(0.,0.,1.));
#10283=DIRECTION('center_axis',(0.,0.,-1.));
#10284=DIRECTION('ref_axis',(1.,0.,0.));
#10285=DIRECTION('center_axis',(0.,0.,1.));
#10286=DIRECTION('ref_axis',(1.,0.,0.));
#10287=DIRECTION('center_axis',(0.,0.,1.));
#10288=DIRECTION('ref_axis',(1.,0.,0.));
#10289=DIRECTION('',(0.,0.,-1.));
#10290=DIRECTION('center_axis',(0.,0.,1.));
#10291=DIRECTION('ref_axis',(1.,0.,0.));
#10292=DIRECTION('center_axis',(0.,0.,1.));
#10293=DIRECTION('ref_axis',(1.,0.,0.));
#10294=DIRECTION('center_axis',(0.,0.,1.));
#10295=DIRECTION('ref_axis',(1.,0.,0.));
#10296=DIRECTION('center_axis',(0.,0.,1.));
#10297=DIRECTION('ref_axis',(1.,0.,0.));
#10298=DIRECTION('center_axis',(0.,0.,1.));
#10299=DIRECTION('ref_axis',(1.,0.,0.));
#10300=DIRECTION('',(0.,0.,1.));
#10301=DIRECTION('center_axis',(0.,0.,-1.));
#10302=DIRECTION('ref_axis',(1.,0.,0.));
#10303=DIRECTION('center_axis',(0.,0.,1.));
#10304=DIRECTION('ref_axis',(1.,0.,0.));
#10305=DIRECTION('center_axis',(0.,0.,1.));
#10306=DIRECTION('ref_axis',(1.,0.,0.));
#10307=DIRECTION('',(0.,0.,1.));
#10308=DIRECTION('center_axis',(0.,0.,-1.));
#10309=DIRECTION('ref_axis',(1.,0.,0.));
#10310=DIRECTION('center_axis',(0.,0.,1.));
#10311=DIRECTION('ref_axis',(1.,0.,0.));
#10312=DIRECTION('center_axis',(0.,0.,1.));
#10313=DIRECTION('ref_axis',(1.,0.,0.));
#10314=DIRECTION('',(0.,0.,1.));
#10315=DIRECTION('center_axis',(0.,0.,-1.));
#10316=DIRECTION('ref_axis',(1.,0.,0.));
#10317=DIRECTION('center_axis',(0.,0.,1.));
#10318=DIRECTION('ref_axis',(1.,0.,0.));
#10319=DIRECTION('center_axis',(0.,0.,1.));
#10320=DIRECTION('ref_axis',(1.,0.,0.));
#10321=DIRECTION('',(0.,0.,1.));
#10322=DIRECTION('center_axis',(0.,0.,-1.));
#10323=DIRECTION('ref_axis',(1.,0.,0.));
#10324=DIRECTION('center_axis',(0.,0.,1.));
#10325=DIRECTION('ref_axis',(1.,0.,0.));
#10326=DIRECTION('center_axis',(0.,0.,-1.));
#10327=DIRECTION('ref_axis',(1.,0.,0.));
#10328=DIRECTION('',(0.,0.,-1.));
#10329=DIRECTION('center_axis',(0.,0.,1.));
#10330=DIRECTION('ref_axis',(1.,0.,0.));
#10331=DIRECTION('center_axis',(0.,0.,1.));
#10332=DIRECTION('ref_axis',(1.,0.,0.));
#10333=DIRECTION('center_axis',(0.,0.,-1.));
#10334=DIRECTION('ref_axis',(1.,0.,0.));
#10335=DIRECTION('',(0.,0.,-1.));
#10336=DIRECTION('center_axis',(0.,0.,1.));
#10337=DIRECTION('ref_axis',(1.,0.,0.));
#10338=DIRECTION('center_axis',(0.,0.,1.));
#10339=DIRECTION('ref_axis',(1.,0.,0.));
#10340=DIRECTION('center_axis',(0.,0.,-1.));
#10341=DIRECTION('ref_axis',(1.,0.,0.));
#10342=DIRECTION('',(0.,0.,-1.));
#10343=DIRECTION('center_axis',(0.,0.,1.));
#10344=DIRECTION('ref_axis',(1.,0.,0.));
#10345=DIRECTION('center_axis',(0.,0.,1.));
#10346=DIRECTION('ref_axis',(1.,0.,0.));
#10347=DIRECTION('center_axis',(0.,0.,-1.));
#10348=DIRECTION('ref_axis',(1.,0.,0.));
#10349=DIRECTION('',(0.,0.,-1.));
#10350=DIRECTION('center_axis',(0.,0.,1.));
#10351=DIRECTION('ref_axis',(1.,0.,0.));
#10352=DIRECTION('center_axis',(0.,1.,0.));
#10353=DIRECTION('ref_axis',(-1.,0.,0.));
#10354=DIRECTION('',(-1.,0.,0.));
#10355=DIRECTION('',(0.,0.,1.));
#10356=DIRECTION('',(-1.,0.,0.));
#10357=DIRECTION('',(0.,0.,1.));
#10358=DIRECTION('center_axis',(1.,0.,0.));
#10359=DIRECTION('ref_axis',(0.,1.,0.));
#10360=DIRECTION('',(0.,1.,0.));
#10361=DIRECTION('',(0.,1.,0.));
#10362=DIRECTION('',(0.,0.,1.));
#10363=DIRECTION('center_axis',(0.,-1.,0.));
#10364=DIRECTION('ref_axis',(1.,0.,0.));
#10365=DIRECTION('',(1.,0.,0.));
#10366=DIRECTION('',(1.,0.,0.));
#10367=DIRECTION('',(0.,0.,1.));
#10368=DIRECTION('center_axis',(-1.,0.,0.));
#10369=DIRECTION('ref_axis',(0.,-1.,0.));
#10370=DIRECTION('',(0.,-1.,0.));
#10371=DIRECTION('',(0.,-1.,0.));
#10372=DIRECTION('center_axis',(0.,0.,1.));
#10373=DIRECTION('ref_axis',(1.,0.,0.));
#10374=DIRECTION('center_axis',(0.,0.,1.));
#10375=DIRECTION('ref_axis',(1.,0.,0.));
#10376=DIRECTION('center_axis',(0.,0.,1.));
#10377=DIRECTION('ref_axis',(1.,0.,0.));
#10378=DIRECTION('center_axis',(0.,0.,1.));
#10379=DIRECTION('ref_axis',(1.,0.,0.));
#10380=DIRECTION('',(0.,0.,-1.));
#10381=DIRECTION('center_axis',(0.,0.,1.));
#10382=DIRECTION('ref_axis',(1.,0.,0.));
#10383=DIRECTION('center_axis',(0.,0.,1.));
#10384=DIRECTION('ref_axis',(1.,0.,0.));
#10385=DIRECTION('center_axis',(0.,0.,1.));
#10386=DIRECTION('ref_axis',(1.,0.,0.));
#10387=DIRECTION('center_axis',(0.,1.,0.));
#10388=DIRECTION('ref_axis',(-1.,0.,0.));
#10389=DIRECTION('',(-1.,0.,0.));
#10390=DIRECTION('',(0.,0.,1.));
#10391=DIRECTION('',(-1.,0.,0.));
#10392=DIRECTION('',(0.,0.,1.));
#10393=DIRECTION('center_axis',(1.,0.,0.));
#10394=DIRECTION('ref_axis',(0.,1.,0.));
#10395=DIRECTION('',(0.,1.,0.));
#10396=DIRECTION('',(0.,1.,0.));
#10397=DIRECTION('',(0.,0.,1.));
#10398=DIRECTION('center_axis',(0.,-1.,0.));
#10399=DIRECTION('ref_axis',(1.,0.,0.));
#10400=DIRECTION('',(1.,0.,0.));
#10401=DIRECTION('',(1.,0.,0.));
#10402=DIRECTION('',(0.,0.,1.));
#10403=DIRECTION('center_axis',(-1.,0.,0.));
#10404=DIRECTION('ref_axis',(0.,-1.,0.));
#10405=DIRECTION('',(0.,-1.,0.));
#10406=DIRECTION('',(0.,-1.,0.));
#10407=DIRECTION('center_axis',(0.,0.,1.));
#10408=DIRECTION('ref_axis',(1.,0.,0.));
#10409=DIRECTION('center_axis',(0.,0.,1.));
#10410=DIRECTION('ref_axis',(1.,0.,0.));
#10411=DIRECTION('center_axis',(0.,0.,1.));
#10412=DIRECTION('ref_axis',(1.,0.,0.));
#10413=DIRECTION('center_axis',(0.,0.,1.));
#10414=DIRECTION('ref_axis',(1.,0.,0.));
#10415=DIRECTION('',(0.,0.,-1.));
#10416=DIRECTION('center_axis',(0.,0.,1.));
#10417=DIRECTION('ref_axis',(1.,0.,0.));
#10418=DIRECTION('center_axis',(0.,0.,1.));
#10419=DIRECTION('ref_axis',(1.,0.,0.));
#10420=DIRECTION('center_axis',(0.,0.,1.));
#10421=DIRECTION('ref_axis',(1.,0.,0.));
#10422=DIRECTION('center_axis',(0.,1.,0.));
#10423=DIRECTION('ref_axis',(-1.,0.,0.));
#10424=DIRECTION('',(-1.,0.,0.));
#10425=DIRECTION('',(0.,0.,1.));
#10426=DIRECTION('',(-1.,0.,0.));
#10427=DIRECTION('',(0.,0.,1.));
#10428=DIRECTION('center_axis',(1.,0.,0.));
#10429=DIRECTION('ref_axis',(0.,1.,0.));
#10430=DIRECTION('',(0.,1.,0.));
#10431=DIRECTION('',(0.,1.,0.));
#10432=DIRECTION('',(0.,0.,1.));
#10433=DIRECTION('center_axis',(0.,-1.,0.));
#10434=DIRECTION('ref_axis',(1.,0.,0.));
#10435=DIRECTION('',(1.,0.,0.));
#10436=DIRECTION('',(1.,0.,0.));
#10437=DIRECTION('',(0.,0.,1.));
#10438=DIRECTION('center_axis',(-1.,0.,0.));
#10439=DIRECTION('ref_axis',(0.,-1.,0.));
#10440=DIRECTION('',(0.,-1.,0.));
#10441=DIRECTION('',(0.,-1.,0.));
#10442=DIRECTION('center_axis',(0.,0.,1.));
#10443=DIRECTION('ref_axis',(1.,0.,0.));
#10444=DIRECTION('center_axis',(0.,0.,1.));
#10445=DIRECTION('ref_axis',(1.,0.,0.));
#10446=DIRECTION('center_axis',(0.,0.,1.));
#10447=DIRECTION('ref_axis',(1.,0.,0.));
#10448=DIRECTION('center_axis',(0.,0.,1.));
#10449=DIRECTION('ref_axis',(1.,0.,0.));
#10450=DIRECTION('',(0.,0.,-1.));
#10451=DIRECTION('center_axis',(0.,0.,1.));
#10452=DIRECTION('ref_axis',(1.,0.,0.));
#10453=DIRECTION('center_axis',(0.,0.,1.));
#10454=DIRECTION('ref_axis',(1.,0.,0.));
#10455=DIRECTION('center_axis',(0.,0.,1.));
#10456=DIRECTION('ref_axis',(1.,0.,0.));
#10457=DIRECTION('center_axis',(0.,1.,0.));
#10458=DIRECTION('ref_axis',(-1.,0.,0.));
#10459=DIRECTION('',(-1.,0.,0.));
#10460=DIRECTION('',(0.,0.,1.));
#10461=DIRECTION('',(-1.,0.,0.));
#10462=DIRECTION('',(0.,0.,1.));
#10463=DIRECTION('center_axis',(1.,0.,0.));
#10464=DIRECTION('ref_axis',(0.,1.,0.));
#10465=DIRECTION('',(0.,1.,0.));
#10466=DIRECTION('',(0.,1.,0.));
#10467=DIRECTION('',(0.,0.,1.));
#10468=DIRECTION('center_axis',(0.,-1.,0.));
#10469=DIRECTION('ref_axis',(1.,0.,0.));
#10470=DIRECTION('',(1.,0.,0.));
#10471=DIRECTION('',(1.,0.,0.));
#10472=DIRECTION('',(0.,0.,1.));
#10473=DIRECTION('center_axis',(-1.,0.,0.));
#10474=DIRECTION('ref_axis',(0.,-1.,0.));
#10475=DIRECTION('',(0.,-1.,0.));
#10476=DIRECTION('',(0.,-1.,0.));
#10477=DIRECTION('center_axis',(0.,0.,1.));
#10478=DIRECTION('ref_axis',(1.,0.,0.));
#10479=DIRECTION('center_axis',(0.,0.,1.));
#10480=DIRECTION('ref_axis',(1.,0.,0.));
#10481=DIRECTION('center_axis',(0.,0.,1.));
#10482=DIRECTION('ref_axis',(1.,0.,0.));
#10483=DIRECTION('center_axis',(0.,0.,1.));
#10484=DIRECTION('ref_axis',(1.,0.,0.));
#10485=DIRECTION('',(0.,0.,1.));
#10486=DIRECTION('center_axis',(0.,0.,-1.));
#10487=DIRECTION('ref_axis',(1.,0.,0.));
#10488=DIRECTION('center_axis',(0.,0.,1.));
#10489=DIRECTION('ref_axis',(1.,0.,0.));
#10490=DIRECTION('center_axis',(0.,0.,1.));
#10491=DIRECTION('ref_axis',(1.,0.,0.));
#10492=DIRECTION('',(0.,0.,-1.));
#10493=DIRECTION('center_axis',(0.,0.,1.));
#10494=DIRECTION('ref_axis',(1.,0.,0.));
#10495=DIRECTION('center_axis',(0.,0.,1.));
#10496=DIRECTION('ref_axis',(1.,0.,0.));
#10497=DIRECTION('center_axis',(0.,0.,1.));
#10498=DIRECTION('ref_axis',(1.,0.,0.));
#10499=DIRECTION('center_axis',(0.,0.,1.));
#10500=DIRECTION('ref_axis',(1.,0.,0.));
#10501=DIRECTION('center_axis',(0.,0.,1.));
#10502=DIRECTION('ref_axis',(1.,0.,0.));
#10503=DIRECTION('',(0.,0.,1.));
#10504=DIRECTION('center_axis',(0.,0.,-1.));
#10505=DIRECTION('ref_axis',(1.,0.,0.));
#10506=DIRECTION('center_axis',(0.,0.,1.));
#10507=DIRECTION('ref_axis',(1.,0.,0.));
#10508=DIRECTION('center_axis',(0.,0.,1.));
#10509=DIRECTION('ref_axis',(1.,0.,0.));
#10510=DIRECTION('',(0.,0.,-1.));
#10511=DIRECTION('center_axis',(0.,0.,1.));
#10512=DIRECTION('ref_axis',(1.,0.,0.));
#10513=DIRECTION('center_axis',(0.,0.,1.));
#10514=DIRECTION('ref_axis',(1.,0.,0.));
#10515=DIRECTION('center_axis',(0.,0.,1.));
#10516=DIRECTION('ref_axis',(1.,0.,0.));
#10517=DIRECTION('center_axis',(0.,0.,1.));
#10518=DIRECTION('ref_axis',(1.,0.,0.));
#10519=DIRECTION('center_axis',(0.,0.,1.));
#10520=DIRECTION('ref_axis',(1.,0.,0.));
#10521=DIRECTION('',(0.,0.,1.));
#10522=DIRECTION('center_axis',(0.,0.,-1.));
#10523=DIRECTION('ref_axis',(1.,0.,0.));
#10524=DIRECTION('center_axis',(0.,0.,1.));
#10525=DIRECTION('ref_axis',(1.,0.,0.));
#10526=DIRECTION('center_axis',(0.,0.,1.));
#10527=DIRECTION('ref_axis',(1.,0.,0.));
#10528=DIRECTION('',(0.,0.,-1.));
#10529=DIRECTION('center_axis',(0.,0.,1.));
#10530=DIRECTION('ref_axis',(1.,0.,0.));
#10531=DIRECTION('center_axis',(0.,0.,1.));
#10532=DIRECTION('ref_axis',(1.,0.,0.));
#10533=DIRECTION('center_axis',(0.,0.,1.));
#10534=DIRECTION('ref_axis',(1.,0.,0.));
#10535=DIRECTION('center_axis',(0.,0.,1.));
#10536=DIRECTION('ref_axis',(1.,0.,0.));
#10537=DIRECTION('center_axis',(0.,0.,1.));
#10538=DIRECTION('ref_axis',(1.,0.,0.));
#10539=DIRECTION('',(0.,0.,1.));
#10540=DIRECTION('center_axis',(0.,0.,-1.));
#10541=DIRECTION('ref_axis',(1.,0.,0.));
#10542=DIRECTION('center_axis',(0.,0.,1.));
#10543=DIRECTION('ref_axis',(1.,0.,0.));
#10544=DIRECTION('center_axis',(0.,0.,1.));
#10545=DIRECTION('ref_axis',(1.,0.,0.));
#10546=DIRECTION('',(0.,0.,-1.));
#10547=DIRECTION('center_axis',(0.,0.,1.));
#10548=DIRECTION('ref_axis',(1.,0.,0.));
#10549=DIRECTION('center_axis',(0.,0.,1.));
#10550=DIRECTION('ref_axis',(1.,0.,0.));
#10551=DIRECTION('center_axis',(0.,0.,1.));
#10552=DIRECTION('ref_axis',(1.,0.,0.));
#10553=DIRECTION('center_axis',(0.,0.,1.));
#10554=DIRECTION('ref_axis',(1.,0.,0.));
#10555=DIRECTION('center_axis',(0.,0.,1.));
#10556=DIRECTION('ref_axis',(1.,0.,0.));
#10557=DIRECTION('',(0.,0.,1.));
#10558=DIRECTION('center_axis',(0.,0.,-1.));
#10559=DIRECTION('ref_axis',(1.,0.,0.));
#10560=DIRECTION('center_axis',(0.,0.,1.));
#10561=DIRECTION('ref_axis',(1.,0.,0.));
#10562=DIRECTION('center_axis',(0.,0.,1.));
#10563=DIRECTION('ref_axis',(1.,0.,0.));
#10564=DIRECTION('',(0.,0.,1.));
#10565=DIRECTION('center_axis',(0.,0.,-1.));
#10566=DIRECTION('ref_axis',(1.,0.,0.));
#10567=DIRECTION('center_axis',(0.,0.,1.));
#10568=DIRECTION('ref_axis',(1.,0.,0.));
#10569=DIRECTION('center_axis',(0.,0.,1.));
#10570=DIRECTION('ref_axis',(1.,0.,0.));
#10571=DIRECTION('',(0.,0.,1.));
#10572=DIRECTION('center_axis',(0.,0.,-1.));
#10573=DIRECTION('ref_axis',(1.,0.,0.));
#10574=DIRECTION('center_axis',(0.,0.,1.));
#10575=DIRECTION('ref_axis',(1.,0.,0.));
#10576=DIRECTION('center_axis',(0.,0.,1.));
#10577=DIRECTION('ref_axis',(1.,0.,0.));
#10578=DIRECTION('',(0.,0.,1.));
#10579=DIRECTION('center_axis',(0.,0.,-1.));
#10580=DIRECTION('ref_axis',(1.,0.,0.));
#10581=DIRECTION('center_axis',(0.,0.,1.));
#10582=DIRECTION('ref_axis',(1.,0.,0.));
#10583=DIRECTION('center_axis',(0.,0.,-1.));
#10584=DIRECTION('ref_axis',(1.,0.,0.));
#10585=DIRECTION('',(0.,0.,-1.));
#10586=DIRECTION('center_axis',(0.,0.,1.));
#10587=DIRECTION('ref_axis',(1.,0.,0.));
#10588=DIRECTION('center_axis',(0.,0.,1.));
#10589=DIRECTION('ref_axis',(1.,0.,0.));
#10590=DIRECTION('center_axis',(0.,0.,-1.));
#10591=DIRECTION('ref_axis',(1.,0.,0.));
#10592=DIRECTION('',(0.,0.,-1.));
#10593=DIRECTION('center_axis',(0.,0.,1.));
#10594=DIRECTION('ref_axis',(1.,0.,0.));
#10595=DIRECTION('center_axis',(0.,0.,1.));
#10596=DIRECTION('ref_axis',(1.,0.,0.));
#10597=DIRECTION('center_axis',(0.,0.,-1.));
#10598=DIRECTION('ref_axis',(1.,0.,0.));
#10599=DIRECTION('',(0.,0.,-1.));
#10600=DIRECTION('center_axis',(0.,0.,1.));
#10601=DIRECTION('ref_axis',(1.,0.,0.));
#10602=DIRECTION('center_axis',(0.,0.,1.));
#10603=DIRECTION('ref_axis',(1.,0.,0.));
#10604=DIRECTION('center_axis',(0.,0.,-1.));
#10605=DIRECTION('ref_axis',(1.,0.,0.));
#10606=DIRECTION('',(0.,0.,-1.));
#10607=DIRECTION('center_axis',(0.,0.,1.));
#10608=DIRECTION('ref_axis',(1.,0.,0.));
#10609=DIRECTION('center_axis',(0.,1.,0.));
#10610=DIRECTION('ref_axis',(-1.,0.,0.));
#10611=DIRECTION('',(-1.,0.,0.));
#10612=DIRECTION('',(0.,0.,1.));
#10613=DIRECTION('',(-1.,0.,0.));
#10614=DIRECTION('',(0.,0.,1.));
#10615=DIRECTION('center_axis',(1.,0.,0.));
#10616=DIRECTION('ref_axis',(0.,1.,0.));
#10617=DIRECTION('',(0.,1.,0.));
#10618=DIRECTION('',(0.,1.,0.));
#10619=DIRECTION('',(0.,0.,1.));
#10620=DIRECTION('center_axis',(0.,-1.,0.));
#10621=DIRECTION('ref_axis',(1.,0.,0.));
#10622=DIRECTION('',(1.,0.,0.));
#10623=DIRECTION('',(1.,0.,0.));
#10624=DIRECTION('',(0.,0.,1.));
#10625=DIRECTION('center_axis',(-1.,0.,0.));
#10626=DIRECTION('ref_axis',(0.,-1.,0.));
#10627=DIRECTION('',(0.,-1.,0.));
#10628=DIRECTION('',(0.,-1.,0.));
#10629=DIRECTION('center_axis',(0.,0.,1.));
#10630=DIRECTION('ref_axis',(1.,0.,0.));
#10631=DIRECTION('center_axis',(0.,0.,1.));
#10632=DIRECTION('ref_axis',(1.,0.,0.));
#10633=DIRECTION('center_axis',(0.,0.,1.));
#10634=DIRECTION('ref_axis',(1.,0.,0.));
#10635=DIRECTION('center_axis',(0.,0.,1.));
#10636=DIRECTION('ref_axis',(1.,0.,0.));
#10637=DIRECTION('',(0.,0.,-1.));
#10638=DIRECTION('center_axis',(0.,0.,1.));
#10639=DIRECTION('ref_axis',(1.,0.,0.));
#10640=DIRECTION('center_axis',(0.,0.,1.));
#10641=DIRECTION('ref_axis',(1.,0.,0.));
#10642=DIRECTION('center_axis',(0.,0.,1.));
#10643=DIRECTION('ref_axis',(1.,0.,0.));
#10644=DIRECTION('center_axis',(0.,1.,0.));
#10645=DIRECTION('ref_axis',(-1.,0.,0.));
#10646=DIRECTION('',(-1.,0.,0.));
#10647=DIRECTION('',(0.,0.,1.));
#10648=DIRECTION('',(-1.,0.,0.));
#10649=DIRECTION('',(0.,0.,1.));
#10650=DIRECTION('center_axis',(1.,0.,0.));
#10651=DIRECTION('ref_axis',(0.,1.,0.));
#10652=DIRECTION('',(0.,1.,0.));
#10653=DIRECTION('',(0.,1.,0.));
#10654=DIRECTION('',(0.,0.,1.));
#10655=DIRECTION('center_axis',(0.,-1.,0.));
#10656=DIRECTION('ref_axis',(1.,0.,0.));
#10657=DIRECTION('',(1.,0.,0.));
#10658=DIRECTION('',(1.,0.,0.));
#10659=DIRECTION('',(0.,0.,1.));
#10660=DIRECTION('center_axis',(-1.,0.,0.));
#10661=DIRECTION('ref_axis',(0.,-1.,0.));
#10662=DIRECTION('',(0.,-1.,0.));
#10663=DIRECTION('',(0.,-1.,0.));
#10664=DIRECTION('center_axis',(0.,0.,1.));
#10665=DIRECTION('ref_axis',(1.,0.,0.));
#10666=DIRECTION('center_axis',(0.,0.,1.));
#10667=DIRECTION('ref_axis',(1.,0.,0.));
#10668=DIRECTION('center_axis',(0.,0.,1.));
#10669=DIRECTION('ref_axis',(1.,0.,0.));
#10670=DIRECTION('center_axis',(0.,0.,1.));
#10671=DIRECTION('ref_axis',(1.,0.,0.));
#10672=DIRECTION('',(0.,0.,-1.));
#10673=DIRECTION('center_axis',(0.,0.,1.));
#10674=DIRECTION('ref_axis',(1.,0.,0.));
#10675=DIRECTION('center_axis',(0.,0.,1.));
#10676=DIRECTION('ref_axis',(1.,0.,0.));
#10677=DIRECTION('center_axis',(0.,0.,1.));
#10678=DIRECTION('ref_axis',(1.,0.,0.));
#10679=DIRECTION('center_axis',(0.,1.,0.));
#10680=DIRECTION('ref_axis',(-1.,0.,0.));
#10681=DIRECTION('',(-1.,0.,0.));
#10682=DIRECTION('',(0.,0.,1.));
#10683=DIRECTION('',(-1.,0.,0.));
#10684=DIRECTION('',(0.,0.,1.));
#10685=DIRECTION('center_axis',(1.,0.,0.));
#10686=DIRECTION('ref_axis',(0.,1.,0.));
#10687=DIRECTION('',(0.,1.,0.));
#10688=DIRECTION('',(0.,1.,0.));
#10689=DIRECTION('',(0.,0.,1.));
#10690=DIRECTION('center_axis',(0.,-1.,0.));
#10691=DIRECTION('ref_axis',(1.,0.,0.));
#10692=DIRECTION('',(1.,0.,0.));
#10693=DIRECTION('',(1.,0.,0.));
#10694=DIRECTION('',(0.,0.,1.));
#10695=DIRECTION('center_axis',(-1.,0.,0.));
#10696=DIRECTION('ref_axis',(0.,-1.,0.));
#10697=DIRECTION('',(0.,-1.,0.));
#10698=DIRECTION('',(0.,-1.,0.));
#10699=DIRECTION('center_axis',(0.,0.,1.));
#10700=DIRECTION('ref_axis',(1.,0.,0.));
#10701=DIRECTION('center_axis',(0.,0.,1.));
#10702=DIRECTION('ref_axis',(1.,0.,0.));
#10703=DIRECTION('center_axis',(0.,0.,1.));
#10704=DIRECTION('ref_axis',(1.,0.,0.));
#10705=DIRECTION('center_axis',(0.,0.,1.));
#10706=DIRECTION('ref_axis',(1.,0.,0.));
#10707=DIRECTION('',(0.,0.,-1.));
#10708=DIRECTION('center_axis',(0.,0.,1.));
#10709=DIRECTION('ref_axis',(1.,0.,0.));
#10710=DIRECTION('center_axis',(0.,0.,1.));
#10711=DIRECTION('ref_axis',(1.,0.,0.));
#10712=DIRECTION('center_axis',(0.,0.,1.));
#10713=DIRECTION('ref_axis',(1.,0.,0.));
#10714=DIRECTION('center_axis',(0.,1.,0.));
#10715=DIRECTION('ref_axis',(-1.,0.,0.));
#10716=DIRECTION('',(-1.,0.,0.));
#10717=DIRECTION('',(0.,0.,1.));
#10718=DIRECTION('',(-1.,0.,0.));
#10719=DIRECTION('',(0.,0.,1.));
#10720=DIRECTION('center_axis',(1.,0.,0.));
#10721=DIRECTION('ref_axis',(0.,1.,0.));
#10722=DIRECTION('',(0.,1.,0.));
#10723=DIRECTION('',(0.,1.,0.));
#10724=DIRECTION('',(0.,0.,1.));
#10725=DIRECTION('center_axis',(0.,-1.,0.));
#10726=DIRECTION('ref_axis',(1.,0.,0.));
#10727=DIRECTION('',(1.,0.,0.));
#10728=DIRECTION('',(1.,0.,0.));
#10729=DIRECTION('',(0.,0.,1.));
#10730=DIRECTION('center_axis',(-1.,0.,0.));
#10731=DIRECTION('ref_axis',(0.,-1.,0.));
#10732=DIRECTION('',(0.,-1.,0.));
#10733=DIRECTION('',(0.,-1.,0.));
#10734=DIRECTION('center_axis',(0.,0.,1.));
#10735=DIRECTION('ref_axis',(1.,0.,0.));
#10736=DIRECTION('center_axis',(0.,0.,1.));
#10737=DIRECTION('ref_axis',(1.,0.,0.));
#10738=DIRECTION('center_axis',(0.,0.,1.));
#10739=DIRECTION('ref_axis',(1.,0.,0.));
#10740=DIRECTION('center_axis',(0.,0.,1.));
#10741=DIRECTION('ref_axis',(1.,0.,0.));
#10742=DIRECTION('',(0.,0.,-1.));
#10743=DIRECTION('center_axis',(0.,0.,1.));
#10744=DIRECTION('ref_axis',(1.,0.,0.));
#10745=DIRECTION('center_axis',(0.,0.,1.));
#10746=DIRECTION('ref_axis',(1.,0.,0.));
#10747=DIRECTION('center_axis',(0.,0.,1.));
#10748=DIRECTION('ref_axis',(1.,0.,0.));
#10749=DIRECTION('center_axis',(0.,1.,0.));
#10750=DIRECTION('ref_axis',(-1.,0.,0.));
#10751=DIRECTION('',(-1.,0.,0.));
#10752=DIRECTION('',(0.,0.,1.));
#10753=DIRECTION('',(-1.,0.,0.));
#10754=DIRECTION('',(0.,0.,1.));
#10755=DIRECTION('center_axis',(1.,0.,0.));
#10756=DIRECTION('ref_axis',(0.,1.,0.));
#10757=DIRECTION('',(0.,1.,0.));
#10758=DIRECTION('',(0.,1.,0.));
#10759=DIRECTION('',(0.,0.,1.));
#10760=DIRECTION('center_axis',(0.,-1.,0.));
#10761=DIRECTION('ref_axis',(1.,0.,0.));
#10762=DIRECTION('',(1.,0.,0.));
#10763=DIRECTION('',(1.,0.,0.));
#10764=DIRECTION('',(0.,0.,1.));
#10765=DIRECTION('center_axis',(-1.,0.,0.));
#10766=DIRECTION('ref_axis',(0.,-1.,0.));
#10767=DIRECTION('',(0.,-1.,0.));
#10768=DIRECTION('',(0.,-1.,0.));
#10769=DIRECTION('center_axis',(0.,0.,1.));
#10770=DIRECTION('ref_axis',(1.,0.,0.));
#10771=DIRECTION('center_axis',(0.,0.,1.));
#10772=DIRECTION('ref_axis',(1.,0.,0.));
#10773=DIRECTION('center_axis',(0.,0.,1.));
#10774=DIRECTION('ref_axis',(1.,0.,0.));
#10775=DIRECTION('center_axis',(0.,0.,1.));
#10776=DIRECTION('ref_axis',(1.,0.,0.));
#10777=DIRECTION('',(0.,0.,1.));
#10778=DIRECTION('center_axis',(0.,0.,-1.));
#10779=DIRECTION('ref_axis',(1.,0.,0.));
#10780=DIRECTION('center_axis',(0.,0.,1.));
#10781=DIRECTION('ref_axis',(1.,0.,0.));
#10782=DIRECTION('center_axis',(0.,0.,1.));
#10783=DIRECTION('ref_axis',(1.,0.,0.));
#10784=DIRECTION('',(0.,0.,-1.));
#10785=DIRECTION('center_axis',(0.,0.,1.));
#10786=DIRECTION('ref_axis',(1.,0.,0.));
#10787=DIRECTION('center_axis',(0.,0.,1.));
#10788=DIRECTION('ref_axis',(1.,0.,0.));
#10789=DIRECTION('center_axis',(0.,0.,1.));
#10790=DIRECTION('ref_axis',(1.,0.,0.));
#10791=DIRECTION('center_axis',(0.,0.,1.));
#10792=DIRECTION('ref_axis',(1.,0.,0.));
#10793=DIRECTION('center_axis',(0.,0.,1.));
#10794=DIRECTION('ref_axis',(1.,0.,0.));
#10795=DIRECTION('',(0.,0.,1.));
#10796=DIRECTION('center_axis',(0.,0.,-1.));
#10797=DIRECTION('ref_axis',(1.,0.,0.));
#10798=DIRECTION('center_axis',(0.,0.,1.));
#10799=DIRECTION('ref_axis',(1.,0.,0.));
#10800=DIRECTION('center_axis',(0.,0.,1.));
#10801=DIRECTION('ref_axis',(1.,0.,0.));
#10802=DIRECTION('',(0.,0.,-1.));
#10803=DIRECTION('center_axis',(0.,0.,1.));
#10804=DIRECTION('ref_axis',(1.,0.,0.));
#10805=DIRECTION('center_axis',(0.,0.,1.));
#10806=DIRECTION('ref_axis',(1.,0.,0.));
#10807=DIRECTION('center_axis',(0.,0.,1.));
#10808=DIRECTION('ref_axis',(1.,0.,0.));
#10809=DIRECTION('center_axis',(0.,0.,1.));
#10810=DIRECTION('ref_axis',(1.,0.,0.));
#10811=DIRECTION('center_axis',(0.,0.,1.));
#10812=DIRECTION('ref_axis',(1.,0.,0.));
#10813=DIRECTION('',(0.,0.,1.));
#10814=DIRECTION('center_axis',(0.,0.,-1.));
#10815=DIRECTION('ref_axis',(1.,0.,0.));
#10816=DIRECTION('center_axis',(0.,0.,1.));
#10817=DIRECTION('ref_axis',(1.,0.,0.));
#10818=DIRECTION('center_axis',(0.,0.,1.));
#10819=DIRECTION('ref_axis',(1.,0.,0.));
#10820=DIRECTION('',(0.,0.,-1.));
#10821=DIRECTION('center_axis',(0.,0.,1.));
#10822=DIRECTION('ref_axis',(1.,0.,0.));
#10823=DIRECTION('center_axis',(0.,0.,1.));
#10824=DIRECTION('ref_axis',(1.,0.,0.));
#10825=DIRECTION('center_axis',(0.,0.,1.));
#10826=DIRECTION('ref_axis',(1.,0.,0.));
#10827=DIRECTION('center_axis',(0.,0.,1.));
#10828=DIRECTION('ref_axis',(1.,0.,0.));
#10829=DIRECTION('center_axis',(0.,0.,1.));
#10830=DIRECTION('ref_axis',(1.,0.,0.));
#10831=DIRECTION('',(0.,0.,1.));
#10832=DIRECTION('center_axis',(0.,0.,-1.));
#10833=DIRECTION('ref_axis',(1.,0.,0.));
#10834=DIRECTION('center_axis',(0.,0.,1.));
#10835=DIRECTION('ref_axis',(1.,0.,0.));
#10836=DIRECTION('center_axis',(0.,0.,1.));
#10837=DIRECTION('ref_axis',(1.,0.,0.));
#10838=DIRECTION('',(0.,0.,-1.));
#10839=DIRECTION('center_axis',(0.,0.,1.));
#10840=DIRECTION('ref_axis',(1.,0.,0.));
#10841=DIRECTION('center_axis',(0.,0.,1.));
#10842=DIRECTION('ref_axis',(1.,0.,0.));
#10843=DIRECTION('center_axis',(0.,0.,1.));
#10844=DIRECTION('ref_axis',(1.,0.,0.));
#10845=DIRECTION('center_axis',(0.,0.,1.));
#10846=DIRECTION('ref_axis',(1.,0.,0.));
#10847=DIRECTION('center_axis',(0.,0.,1.));
#10848=DIRECTION('ref_axis',(1.,0.,0.));
#10849=DIRECTION('',(0.,0.,1.));
#10850=DIRECTION('center_axis',(0.,0.,-1.));
#10851=DIRECTION('ref_axis',(1.,0.,0.));
#10852=DIRECTION('center_axis',(0.,0.,1.));
#10853=DIRECTION('ref_axis',(1.,0.,0.));
#10854=DIRECTION('center_axis',(0.,0.,1.));
#10855=DIRECTION('ref_axis',(1.,0.,0.));
#10856=DIRECTION('',(0.,0.,1.));
#10857=DIRECTION('center_axis',(0.,0.,-1.));
#10858=DIRECTION('ref_axis',(1.,0.,0.));
#10859=DIRECTION('center_axis',(0.,0.,1.));
#10860=DIRECTION('ref_axis',(1.,0.,0.));
#10861=DIRECTION('center_axis',(0.,0.,1.));
#10862=DIRECTION('ref_axis',(1.,0.,0.));
#10863=DIRECTION('',(0.,0.,1.));
#10864=DIRECTION('center_axis',(0.,0.,-1.));
#10865=DIRECTION('ref_axis',(1.,0.,0.));
#10866=DIRECTION('center_axis',(0.,0.,1.));
#10867=DIRECTION('ref_axis',(1.,0.,0.));
#10868=DIRECTION('center_axis',(0.,0.,-1.));
#10869=DIRECTION('ref_axis',(1.,0.,0.));
#10870=DIRECTION('',(0.,0.,-1.));
#10871=DIRECTION('center_axis',(0.,0.,1.));
#10872=DIRECTION('ref_axis',(1.,0.,0.));
#10873=DIRECTION('center_axis',(0.,0.,1.));
#10874=DIRECTION('ref_axis',(1.,0.,0.));
#10875=DIRECTION('center_axis',(0.,0.,-1.));
#10876=DIRECTION('ref_axis',(1.,0.,0.));
#10877=DIRECTION('',(0.,0.,-1.));
#10878=DIRECTION('center_axis',(0.,0.,1.));
#10879=DIRECTION('ref_axis',(1.,0.,0.));
#10880=DIRECTION('center_axis',(0.,0.,1.));
#10881=DIRECTION('ref_axis',(1.,0.,0.));
#10882=DIRECTION('center_axis',(0.,0.,-1.));
#10883=DIRECTION('ref_axis',(1.,0.,0.));
#10884=DIRECTION('',(0.,0.,-1.));
#10885=DIRECTION('center_axis',(0.,0.,1.));
#10886=DIRECTION('ref_axis',(1.,0.,0.));
#10887=DIRECTION('center_axis',(0.,0.,1.));
#10888=DIRECTION('ref_axis',(1.,0.,0.));
#10889=DIRECTION('center_axis',(0.,0.,-1.));
#10890=DIRECTION('ref_axis',(1.,0.,0.));
#10891=DIRECTION('',(0.,0.,-1.));
#10892=DIRECTION('center_axis',(0.,0.,1.));
#10893=DIRECTION('ref_axis',(1.,0.,0.));
#10894=DIRECTION('center_axis',(0.,1.,0.));
#10895=DIRECTION('ref_axis',(-1.,0.,0.));
#10896=DIRECTION('',(-1.,0.,0.));
#10897=DIRECTION('',(0.,0.,1.));
#10898=DIRECTION('',(-1.,0.,0.));
#10899=DIRECTION('',(0.,0.,1.));
#10900=DIRECTION('center_axis',(1.,0.,0.));
#10901=DIRECTION('ref_axis',(0.,1.,0.));
#10902=DIRECTION('',(0.,1.,0.));
#10903=DIRECTION('',(0.,1.,0.));
#10904=DIRECTION('',(0.,0.,1.));
#10905=DIRECTION('center_axis',(0.,-1.,0.));
#10906=DIRECTION('ref_axis',(1.,0.,0.));
#10907=DIRECTION('',(1.,0.,0.));
#10908=DIRECTION('',(1.,0.,0.));
#10909=DIRECTION('',(0.,0.,1.));
#10910=DIRECTION('center_axis',(-1.,0.,0.));
#10911=DIRECTION('ref_axis',(0.,-1.,0.));
#10912=DIRECTION('',(0.,-1.,0.));
#10913=DIRECTION('',(0.,-1.,0.));
#10914=DIRECTION('center_axis',(0.,0.,1.));
#10915=DIRECTION('ref_axis',(1.,0.,0.));
#10916=DIRECTION('center_axis',(0.,0.,1.));
#10917=DIRECTION('ref_axis',(1.,0.,0.));
#10918=DIRECTION('center_axis',(0.,0.,1.));
#10919=DIRECTION('ref_axis',(1.,0.,0.));
#10920=DIRECTION('center_axis',(0.,0.,1.));
#10921=DIRECTION('ref_axis',(1.,0.,0.));
#10922=DIRECTION('',(0.,0.,-1.));
#10923=DIRECTION('center_axis',(0.,0.,1.));
#10924=DIRECTION('ref_axis',(1.,0.,0.));
#10925=DIRECTION('center_axis',(0.,0.,1.));
#10926=DIRECTION('ref_axis',(1.,0.,0.));
#10927=DIRECTION('center_axis',(0.,0.,1.));
#10928=DIRECTION('ref_axis',(1.,0.,0.));
#10929=DIRECTION('center_axis',(0.,1.,0.));
#10930=DIRECTION('ref_axis',(-1.,0.,0.));
#10931=DIRECTION('',(-1.,0.,0.));
#10932=DIRECTION('',(0.,0.,1.));
#10933=DIRECTION('',(-1.,0.,0.));
#10934=DIRECTION('',(0.,0.,1.));
#10935=DIRECTION('center_axis',(1.,0.,0.));
#10936=DIRECTION('ref_axis',(0.,1.,0.));
#10937=DIRECTION('',(0.,1.,0.));
#10938=DIRECTION('',(0.,1.,0.));
#10939=DIRECTION('',(0.,0.,1.));
#10940=DIRECTION('center_axis',(0.,-1.,0.));
#10941=DIRECTION('ref_axis',(1.,0.,0.));
#10942=DIRECTION('',(1.,0.,0.));
#10943=DIRECTION('',(1.,0.,0.));
#10944=DIRECTION('',(0.,0.,1.));
#10945=DIRECTION('center_axis',(-1.,0.,0.));
#10946=DIRECTION('ref_axis',(0.,-1.,0.));
#10947=DIRECTION('',(0.,-1.,0.));
#10948=DIRECTION('',(0.,-1.,0.));
#10949=DIRECTION('center_axis',(0.,0.,1.));
#10950=DIRECTION('ref_axis',(1.,0.,0.));
#10951=DIRECTION('center_axis',(0.,0.,1.));
#10952=DIRECTION('ref_axis',(1.,0.,0.));
#10953=DIRECTION('center_axis',(0.,0.,1.));
#10954=DIRECTION('ref_axis',(1.,0.,0.));
#10955=DIRECTION('center_axis',(0.,0.,1.));
#10956=DIRECTION('ref_axis',(1.,0.,0.));
#10957=DIRECTION('',(0.,0.,-1.));
#10958=DIRECTION('center_axis',(0.,0.,1.));
#10959=DIRECTION('ref_axis',(1.,0.,0.));
#10960=DIRECTION('center_axis',(0.,0.,1.));
#10961=DIRECTION('ref_axis',(1.,0.,0.));
#10962=DIRECTION('center_axis',(0.,0.,1.));
#10963=DIRECTION('ref_axis',(1.,0.,0.));
#10964=DIRECTION('center_axis',(0.,1.,0.));
#10965=DIRECTION('ref_axis',(-1.,0.,0.));
#10966=DIRECTION('',(-1.,0.,0.));
#10967=DIRECTION('',(0.,0.,1.));
#10968=DIRECTION('',(-1.,0.,0.));
#10969=DIRECTION('',(0.,0.,1.));
#10970=DIRECTION('center_axis',(1.,0.,0.));
#10971=DIRECTION('ref_axis',(0.,1.,0.));
#10972=DIRECTION('',(0.,1.,0.));
#10973=DIRECTION('',(0.,1.,0.));
#10974=DIRECTION('',(0.,0.,1.));
#10975=DIRECTION('center_axis',(0.,-1.,0.));
#10976=DIRECTION('ref_axis',(1.,0.,0.));
#10977=DIRECTION('',(1.,0.,0.));
#10978=DIRECTION('',(1.,0.,0.));
#10979=DIRECTION('',(0.,0.,1.));
#10980=DIRECTION('center_axis',(-1.,0.,0.));
#10981=DIRECTION('ref_axis',(0.,-1.,0.));
#10982=DIRECTION('',(0.,-1.,0.));
#10983=DIRECTION('',(0.,-1.,0.));
#10984=DIRECTION('center_axis',(0.,0.,1.));
#10985=DIRECTION('ref_axis',(1.,0.,0.));
#10986=DIRECTION('center_axis',(0.,0.,1.));
#10987=DIRECTION('ref_axis',(1.,0.,0.));
#10988=DIRECTION('center_axis',(0.,0.,1.));
#10989=DIRECTION('ref_axis',(1.,0.,0.));
#10990=DIRECTION('center_axis',(0.,0.,1.));
#10991=DIRECTION('ref_axis',(1.,0.,0.));
#10992=DIRECTION('',(0.,0.,1.));
#10993=DIRECTION('center_axis',(0.,0.,-1.));
#10994=DIRECTION('ref_axis',(1.,0.,0.));
#10995=DIRECTION('center_axis',(0.,0.,1.));
#10996=DIRECTION('ref_axis',(1.,0.,0.));
#10997=DIRECTION('center_axis',(0.,0.,1.));
#10998=DIRECTION('ref_axis',(1.,0.,0.));
#10999=DIRECTION('',(0.,0.,-1.));
#11000=DIRECTION('center_axis',(0.,0.,1.));
#11001=DIRECTION('ref_axis',(1.,0.,0.));
#11002=DIRECTION('center_axis',(0.,0.,1.));
#11003=DIRECTION('ref_axis',(1.,0.,0.));
#11004=DIRECTION('center_axis',(0.,0.,1.));
#11005=DIRECTION('ref_axis',(1.,0.,0.));
#11006=DIRECTION('center_axis',(0.,0.,1.));
#11007=DIRECTION('ref_axis',(1.,0.,0.));
#11008=DIRECTION('center_axis',(0.,0.,1.));
#11009=DIRECTION('ref_axis',(1.,0.,0.));
#11010=DIRECTION('',(0.,0.,1.));
#11011=DIRECTION('center_axis',(0.,0.,-1.));
#11012=DIRECTION('ref_axis',(1.,0.,0.));
#11013=DIRECTION('center_axis',(0.,0.,1.));
#11014=DIRECTION('ref_axis',(1.,0.,0.));
#11015=DIRECTION('center_axis',(0.,0.,1.));
#11016=DIRECTION('ref_axis',(1.,0.,0.));
#11017=DIRECTION('',(0.,0.,-1.));
#11018=DIRECTION('center_axis',(0.,0.,1.));
#11019=DIRECTION('ref_axis',(1.,0.,0.));
#11020=DIRECTION('center_axis',(0.,0.,1.));
#11021=DIRECTION('ref_axis',(1.,0.,0.));
#11022=DIRECTION('center_axis',(0.,0.,1.));
#11023=DIRECTION('ref_axis',(1.,0.,0.));
#11024=DIRECTION('center_axis',(0.,0.,1.));
#11025=DIRECTION('ref_axis',(1.,0.,0.));
#11026=DIRECTION('center_axis',(0.,0.,1.));
#11027=DIRECTION('ref_axis',(1.,0.,0.));
#11028=DIRECTION('',(0.,0.,1.));
#11029=DIRECTION('center_axis',(0.,0.,-1.));
#11030=DIRECTION('ref_axis',(1.,0.,0.));
#11031=DIRECTION('center_axis',(0.,0.,1.));
#11032=DIRECTION('ref_axis',(1.,0.,0.));
#11033=DIRECTION('center_axis',(0.,0.,1.));
#11034=DIRECTION('ref_axis',(1.,0.,0.));
#11035=DIRECTION('',(0.,0.,-1.));
#11036=DIRECTION('center_axis',(0.,0.,1.));
#11037=DIRECTION('ref_axis',(1.,0.,0.));
#11038=DIRECTION('center_axis',(0.,0.,1.));
#11039=DIRECTION('ref_axis',(1.,0.,0.));
#11040=DIRECTION('center_axis',(0.,0.,1.));
#11041=DIRECTION('ref_axis',(1.,0.,0.));
#11042=DIRECTION('center_axis',(0.,0.,1.));
#11043=DIRECTION('ref_axis',(1.,0.,0.));
#11044=DIRECTION('center_axis',(0.,0.,1.));
#11045=DIRECTION('ref_axis',(1.,0.,0.));
#11046=DIRECTION('',(0.,0.,1.));
#11047=DIRECTION('center_axis',(0.,0.,-1.));
#11048=DIRECTION('ref_axis',(1.,0.,0.));
#11049=DIRECTION('center_axis',(0.,0.,1.));
#11050=DIRECTION('ref_axis',(1.,0.,0.));
#11051=DIRECTION('center_axis',(0.,0.,1.));
#11052=DIRECTION('ref_axis',(1.,0.,0.));
#11053=DIRECTION('',(0.,0.,1.));
#11054=DIRECTION('center_axis',(0.,0.,-1.));
#11055=DIRECTION('ref_axis',(1.,0.,0.));
#11056=DIRECTION('center_axis',(0.,0.,1.));
#11057=DIRECTION('ref_axis',(1.,0.,0.));
#11058=DIRECTION('center_axis',(0.,0.,1.));
#11059=DIRECTION('ref_axis',(1.,0.,0.));
#11060=DIRECTION('',(0.,0.,1.));
#11061=DIRECTION('center_axis',(0.,0.,-1.));
#11062=DIRECTION('ref_axis',(1.,0.,0.));
#11063=DIRECTION('center_axis',(0.,0.,1.));
#11064=DIRECTION('ref_axis',(1.,0.,0.));
#11065=DIRECTION('center_axis',(0.,0.,1.));
#11066=DIRECTION('ref_axis',(1.,0.,0.));
#11067=DIRECTION('',(0.,0.,1.));
#11068=DIRECTION('center_axis',(0.,0.,-1.));
#11069=DIRECTION('ref_axis',(1.,0.,0.));
#11070=DIRECTION('center_axis',(0.,0.,1.));
#11071=DIRECTION('ref_axis',(1.,0.,0.));
#11072=DIRECTION('center_axis',(0.,0.,-1.));
#11073=DIRECTION('ref_axis',(1.,0.,0.));
#11074=DIRECTION('',(0.,0.,-1.));
#11075=DIRECTION('center_axis',(0.,0.,1.));
#11076=DIRECTION('ref_axis',(1.,0.,0.));
#11077=DIRECTION('center_axis',(0.,0.,1.));
#11078=DIRECTION('ref_axis',(1.,0.,0.));
#11079=DIRECTION('center_axis',(0.,0.,-1.));
#11080=DIRECTION('ref_axis',(1.,0.,0.));
#11081=DIRECTION('',(0.,0.,-1.));
#11082=DIRECTION('center_axis',(0.,0.,1.));
#11083=DIRECTION('ref_axis',(1.,0.,0.));
#11084=DIRECTION('center_axis',(0.,0.,1.));
#11085=DIRECTION('ref_axis',(1.,0.,0.));
#11086=DIRECTION('center_axis',(0.,0.,-1.));
#11087=DIRECTION('ref_axis',(1.,0.,0.));
#11088=DIRECTION('',(0.,0.,-1.));
#11089=DIRECTION('center_axis',(0.,0.,1.));
#11090=DIRECTION('ref_axis',(1.,0.,0.));
#11091=DIRECTION('center_axis',(0.,0.,1.));
#11092=DIRECTION('ref_axis',(1.,0.,0.));
#11093=DIRECTION('center_axis',(0.,0.,-1.));
#11094=DIRECTION('ref_axis',(1.,0.,0.));
#11095=DIRECTION('',(0.,0.,-1.));
#11096=DIRECTION('center_axis',(0.,0.,1.));
#11097=DIRECTION('ref_axis',(1.,0.,0.));
#11098=DIRECTION('center_axis',(0.,1.,0.));
#11099=DIRECTION('ref_axis',(-1.,0.,0.));
#11100=DIRECTION('',(-1.,0.,0.));
#11101=DIRECTION('',(0.,0.,1.));
#11102=DIRECTION('',(-1.,0.,0.));
#11103=DIRECTION('',(0.,0.,1.));
#11104=DIRECTION('center_axis',(1.,0.,0.));
#11105=DIRECTION('ref_axis',(0.,1.,0.));
#11106=DIRECTION('',(0.,1.,0.));
#11107=DIRECTION('',(0.,1.,0.));
#11108=DIRECTION('',(0.,0.,1.));
#11109=DIRECTION('center_axis',(0.,-1.,0.));
#11110=DIRECTION('ref_axis',(1.,0.,0.));
#11111=DIRECTION('',(1.,0.,0.));
#11112=DIRECTION('',(1.,0.,0.));
#11113=DIRECTION('',(0.,0.,1.));
#11114=DIRECTION('center_axis',(-1.,0.,0.));
#11115=DIRECTION('ref_axis',(0.,-1.,0.));
#11116=DIRECTION('',(0.,-1.,0.));
#11117=DIRECTION('',(0.,-1.,0.));
#11118=DIRECTION('center_axis',(0.,0.,1.));
#11119=DIRECTION('ref_axis',(1.,0.,0.));
#11120=DIRECTION('center_axis',(0.,0.,1.));
#11121=DIRECTION('ref_axis',(1.,0.,0.));
#11122=DIRECTION('center_axis',(0.,0.,1.));
#11123=DIRECTION('ref_axis',(1.,0.,0.));
#11124=DIRECTION('center_axis',(0.,0.,1.));
#11125=DIRECTION('ref_axis',(1.,0.,0.));
#11126=DIRECTION('',(0.,0.,-1.));
#11127=DIRECTION('center_axis',(0.,0.,1.));
#11128=DIRECTION('ref_axis',(1.,0.,0.));
#11129=DIRECTION('center_axis',(0.,0.,1.));
#11130=DIRECTION('ref_axis',(1.,0.,0.));
#11131=DIRECTION('center_axis',(0.,0.,1.));
#11132=DIRECTION('ref_axis',(1.,0.,0.));
#11133=DIRECTION('center_axis',(0.,1.,0.));
#11134=DIRECTION('ref_axis',(-1.,0.,0.));
#11135=DIRECTION('',(-1.,0.,0.));
#11136=DIRECTION('',(0.,0.,1.));
#11137=DIRECTION('',(-1.,0.,0.));
#11138=DIRECTION('',(0.,0.,1.));
#11139=DIRECTION('center_axis',(1.,0.,0.));
#11140=DIRECTION('ref_axis',(0.,1.,0.));
#11141=DIRECTION('',(0.,1.,0.));
#11142=DIRECTION('',(0.,1.,0.));
#11143=DIRECTION('',(0.,0.,1.));
#11144=DIRECTION('center_axis',(0.,-1.,0.));
#11145=DIRECTION('ref_axis',(1.,0.,0.));
#11146=DIRECTION('',(1.,0.,0.));
#11147=DIRECTION('',(1.,0.,0.));
#11148=DIRECTION('',(0.,0.,1.));
#11149=DIRECTION('center_axis',(-1.,0.,0.));
#11150=DIRECTION('ref_axis',(0.,-1.,0.));
#11151=DIRECTION('',(0.,-1.,0.));
#11152=DIRECTION('',(0.,-1.,0.));
#11153=DIRECTION('center_axis',(0.,0.,1.));
#11154=DIRECTION('ref_axis',(1.,0.,0.));
#11155=DIRECTION('center_axis',(0.,0.,1.));
#11156=DIRECTION('ref_axis',(1.,0.,0.));
#11157=DIRECTION('center_axis',(0.,0.,1.));
#11158=DIRECTION('ref_axis',(1.,0.,0.));
#11159=DIRECTION('center_axis',(0.,0.,1.));
#11160=DIRECTION('ref_axis',(1.,0.,0.));
#11161=DIRECTION('',(0.,0.,-1.));
#11162=DIRECTION('center_axis',(0.,0.,1.));
#11163=DIRECTION('ref_axis',(1.,0.,0.));
#11164=DIRECTION('center_axis',(0.,0.,1.));
#11165=DIRECTION('ref_axis',(1.,0.,0.));
#11166=DIRECTION('center_axis',(0.,0.,1.));
#11167=DIRECTION('ref_axis',(1.,0.,0.));
#11168=DIRECTION('center_axis',(0.,1.,0.));
#11169=DIRECTION('ref_axis',(-1.,0.,0.));
#11170=DIRECTION('',(-1.,0.,0.));
#11171=DIRECTION('',(0.,0.,1.));
#11172=DIRECTION('',(-1.,0.,0.));
#11173=DIRECTION('',(0.,0.,1.));
#11174=DIRECTION('center_axis',(1.,0.,0.));
#11175=DIRECTION('ref_axis',(0.,1.,0.));
#11176=DIRECTION('',(0.,1.,0.));
#11177=DIRECTION('',(0.,1.,0.));
#11178=DIRECTION('',(0.,0.,1.));
#11179=DIRECTION('center_axis',(0.,-1.,0.));
#11180=DIRECTION('ref_axis',(1.,0.,0.));
#11181=DIRECTION('',(1.,0.,0.));
#11182=DIRECTION('',(1.,0.,0.));
#11183=DIRECTION('',(0.,0.,1.));
#11184=DIRECTION('center_axis',(-1.,0.,0.));
#11185=DIRECTION('ref_axis',(0.,-1.,0.));
#11186=DIRECTION('',(0.,-1.,0.));
#11187=DIRECTION('',(0.,-1.,0.));
#11188=DIRECTION('center_axis',(0.,0.,1.));
#11189=DIRECTION('ref_axis',(1.,0.,0.));
#11190=DIRECTION('center_axis',(0.,0.,1.));
#11191=DIRECTION('ref_axis',(1.,0.,0.));
#11192=DIRECTION('center_axis',(0.,0.,1.));
#11193=DIRECTION('ref_axis',(1.,0.,0.));
#11194=DIRECTION('center_axis',(0.,0.,1.));
#11195=DIRECTION('ref_axis',(1.,0.,0.));
#11196=DIRECTION('',(0.,0.,1.));
#11197=DIRECTION('center_axis',(0.,0.,-1.));
#11198=DIRECTION('ref_axis',(1.,0.,0.));
#11199=DIRECTION('center_axis',(0.,0.,1.));
#11200=DIRECTION('ref_axis',(1.,0.,0.));
#11201=DIRECTION('center_axis',(0.,0.,1.));
#11202=DIRECTION('ref_axis',(1.,0.,0.));
#11203=DIRECTION('',(0.,0.,-1.));
#11204=DIRECTION('center_axis',(0.,0.,1.));
#11205=DIRECTION('ref_axis',(1.,0.,0.));
#11206=DIRECTION('center_axis',(0.,0.,1.));
#11207=DIRECTION('ref_axis',(1.,0.,0.));
#11208=DIRECTION('center_axis',(0.,0.,1.));
#11209=DIRECTION('ref_axis',(1.,0.,0.));
#11210=DIRECTION('center_axis',(0.,0.,1.));
#11211=DIRECTION('ref_axis',(1.,0.,0.));
#11212=DIRECTION('center_axis',(0.,0.,1.));
#11213=DIRECTION('ref_axis',(1.,0.,0.));
#11214=DIRECTION('',(0.,0.,1.));
#11215=DIRECTION('center_axis',(0.,0.,-1.));
#11216=DIRECTION('ref_axis',(1.,0.,0.));
#11217=DIRECTION('center_axis',(0.,0.,1.));
#11218=DIRECTION('ref_axis',(1.,0.,0.));
#11219=DIRECTION('center_axis',(0.,0.,1.));
#11220=DIRECTION('ref_axis',(1.,0.,0.));
#11221=DIRECTION('',(0.,0.,-1.));
#11222=DIRECTION('center_axis',(0.,0.,1.));
#11223=DIRECTION('ref_axis',(1.,0.,0.));
#11224=DIRECTION('center_axis',(0.,0.,1.));
#11225=DIRECTION('ref_axis',(1.,0.,0.));
#11226=DIRECTION('center_axis',(0.,0.,1.));
#11227=DIRECTION('ref_axis',(1.,0.,0.));
#11228=DIRECTION('center_axis',(0.,0.,1.));
#11229=DIRECTION('ref_axis',(1.,0.,0.));
#11230=DIRECTION('center_axis',(0.,0.,1.));
#11231=DIRECTION('ref_axis',(1.,0.,0.));
#11232=DIRECTION('',(0.,0.,1.));
#11233=DIRECTION('center_axis',(0.,0.,-1.));
#11234=DIRECTION('ref_axis',(1.,0.,0.));
#11235=DIRECTION('center_axis',(0.,0.,1.));
#11236=DIRECTION('ref_axis',(1.,0.,0.));
#11237=DIRECTION('center_axis',(0.,0.,1.));
#11238=DIRECTION('ref_axis',(1.,0.,0.));
#11239=DIRECTION('',(0.,0.,-1.));
#11240=DIRECTION('center_axis',(0.,0.,1.));
#11241=DIRECTION('ref_axis',(1.,0.,0.));
#11242=DIRECTION('center_axis',(0.,0.,1.));
#11243=DIRECTION('ref_axis',(1.,0.,0.));
#11244=DIRECTION('center_axis',(0.,0.,1.));
#11245=DIRECTION('ref_axis',(1.,0.,0.));
#11246=DIRECTION('center_axis',(0.,0.,1.));
#11247=DIRECTION('ref_axis',(1.,0.,0.));
#11248=DIRECTION('center_axis',(0.,0.,1.));
#11249=DIRECTION('ref_axis',(1.,0.,0.));
#11250=DIRECTION('',(0.,0.,1.));
#11251=DIRECTION('center_axis',(0.,0.,-1.));
#11252=DIRECTION('ref_axis',(1.,0.,0.));
#11253=DIRECTION('center_axis',(0.,0.,1.));
#11254=DIRECTION('ref_axis',(1.,0.,0.));
#11255=DIRECTION('center_axis',(0.,0.,1.));
#11256=DIRECTION('ref_axis',(1.,0.,0.));
#11257=DIRECTION('',(0.,0.,-1.));
#11258=DIRECTION('center_axis',(0.,0.,1.));
#11259=DIRECTION('ref_axis',(1.,0.,0.));
#11260=DIRECTION('center_axis',(0.,0.,1.));
#11261=DIRECTION('ref_axis',(1.,0.,0.));
#11262=DIRECTION('center_axis',(0.,0.,1.));
#11263=DIRECTION('ref_axis',(1.,0.,0.));
#11264=DIRECTION('center_axis',(0.,0.,1.));
#11265=DIRECTION('ref_axis',(1.,0.,0.));
#11266=DIRECTION('center_axis',(0.,0.,1.));
#11267=DIRECTION('ref_axis',(1.,0.,0.));
#11268=DIRECTION('',(0.,0.,1.));
#11269=DIRECTION('center_axis',(0.,0.,-1.));
#11270=DIRECTION('ref_axis',(1.,0.,0.));
#11271=DIRECTION('center_axis',(0.,1.,0.));
#11272=DIRECTION('ref_axis',(-1.,0.,0.));
#11273=DIRECTION('',(-1.,0.,0.));
#11274=DIRECTION('',(0.,0.,1.));
#11275=DIRECTION('',(1.,0.,0.));
#11276=DIRECTION('',(0.,0.,1.));
#11277=DIRECTION('center_axis',(1.,0.,0.));
#11278=DIRECTION('ref_axis',(0.,1.,0.));
#11279=DIRECTION('',(0.,1.,0.));
#11280=DIRECTION('',(0.,0.,1.));
#11281=DIRECTION('',(0.,-1.,0.));
#11282=DIRECTION('center_axis',(0.,-1.,0.));
#11283=DIRECTION('ref_axis',(1.,0.,0.));
#11284=DIRECTION('',(1.,0.,0.));
#11285=DIRECTION('',(0.,0.,1.));
#11286=DIRECTION('',(-1.,0.,0.));
#11287=DIRECTION('center_axis',(-1.,0.,0.));
#11288=DIRECTION('ref_axis',(0.,-1.,0.));
#11289=DIRECTION('',(0.,-1.,0.));
#11290=DIRECTION('',(0.,1.,0.));
#11291=DIRECTION('center_axis',(0.,0.,1.));
#11292=DIRECTION('ref_axis',(1.,0.,0.));
#11293=DIRECTION('center_axis',(0.,0.,1.));
#11294=DIRECTION('ref_axis',(1.,0.,0.));
#11295=DIRECTION('',(0.,0.,1.));
#11296=DIRECTION('center_axis',(0.,0.,-1.));
#11297=DIRECTION('ref_axis',(1.,0.,0.));
#11298=DIRECTION('center_axis',(0.,1.,0.));
#11299=DIRECTION('ref_axis',(-1.,0.,0.));
#11300=DIRECTION('',(-1.,0.,0.));
#11301=DIRECTION('',(0.,0.,1.));
#11302=DIRECTION('',(1.,0.,0.));
#11303=DIRECTION('',(0.,0.,1.));
#11304=DIRECTION('center_axis',(1.,0.,0.));
#11305=DIRECTION('ref_axis',(0.,1.,0.));
#11306=DIRECTION('',(0.,1.,0.));
#11307=DIRECTION('',(0.,0.,1.));
#11308=DIRECTION('',(0.,-1.,0.));
#11309=DIRECTION('center_axis',(0.,-1.,0.));
#11310=DIRECTION('ref_axis',(1.,0.,0.));
#11311=DIRECTION('',(1.,0.,0.));
#11312=DIRECTION('',(0.,0.,1.));
#11313=DIRECTION('',(-1.,0.,0.));
#11314=DIRECTION('center_axis',(-1.,0.,0.));
#11315=DIRECTION('ref_axis',(0.,-1.,0.));
#11316=DIRECTION('',(0.,-1.,0.));
#11317=DIRECTION('',(0.,1.,0.));
#11318=DIRECTION('center_axis',(0.,0.,1.));
#11319=DIRECTION('ref_axis',(1.,0.,0.));
#11320=DIRECTION('center_axis',(0.,0.,1.));
#11321=DIRECTION('ref_axis',(1.,0.,0.));
#11322=DIRECTION('',(0.,0.,1.));
#11323=DIRECTION('center_axis',(0.,0.,-1.));
#11324=DIRECTION('ref_axis',(1.,0.,0.));
#11325=DIRECTION('center_axis',(0.,1.,0.));
#11326=DIRECTION('ref_axis',(-1.,0.,0.));
#11327=DIRECTION('',(-1.,0.,0.));
#11328=DIRECTION('',(0.,0.,1.));
#11329=DIRECTION('',(1.,0.,0.));
#11330=DIRECTION('',(0.,0.,1.));
#11331=DIRECTION('center_axis',(1.,0.,0.));
#11332=DIRECTION('ref_axis',(0.,1.,0.));
#11333=DIRECTION('',(0.,1.,0.));
#11334=DIRECTION('',(0.,0.,1.));
#11335=DIRECTION('',(0.,-1.,0.));
#11336=DIRECTION('center_axis',(0.,-1.,0.));
#11337=DIRECTION('ref_axis',(1.,0.,0.));
#11338=DIRECTION('',(1.,0.,0.));
#11339=DIRECTION('',(0.,0.,1.));
#11340=DIRECTION('',(-1.,0.,0.));
#11341=DIRECTION('center_axis',(-1.,0.,0.));
#11342=DIRECTION('ref_axis',(0.,-1.,0.));
#11343=DIRECTION('',(0.,-1.,0.));
#11344=DIRECTION('',(0.,1.,0.));
#11345=DIRECTION('center_axis',(0.,0.,1.));
#11346=DIRECTION('ref_axis',(1.,0.,0.));
#11347=DIRECTION('center_axis',(0.,0.,1.));
#11348=DIRECTION('ref_axis',(1.,0.,0.));
#11349=DIRECTION('',(0.,0.,1.));
#11350=DIRECTION('center_axis',(0.,0.,-1.));
#11351=DIRECTION('ref_axis',(1.,0.,0.));
#11352=DIRECTION('center_axis',(0.,1.,0.));
#11353=DIRECTION('ref_axis',(-1.,0.,0.));
#11354=DIRECTION('',(-1.,0.,0.));
#11355=DIRECTION('',(0.,0.,1.));
#11356=DIRECTION('',(1.,0.,0.));
#11357=DIRECTION('',(0.,0.,1.));
#11358=DIRECTION('center_axis',(1.,0.,0.));
#11359=DIRECTION('ref_axis',(0.,1.,0.));
#11360=DIRECTION('',(0.,1.,0.));
#11361=DIRECTION('',(0.,0.,1.));
#11362=DIRECTION('',(0.,-1.,0.));
#11363=DIRECTION('center_axis',(0.,-1.,0.));
#11364=DIRECTION('ref_axis',(1.,0.,0.));
#11365=DIRECTION('',(1.,0.,0.));
#11366=DIRECTION('',(0.,0.,1.));
#11367=DIRECTION('',(-1.,0.,0.));
#11368=DIRECTION('center_axis',(-1.,0.,0.));
#11369=DIRECTION('ref_axis',(0.,-1.,0.));
#11370=DIRECTION('',(0.,-1.,0.));
#11371=DIRECTION('',(0.,1.,0.));
#11372=DIRECTION('center_axis',(0.,0.,1.));
#11373=DIRECTION('ref_axis',(1.,0.,0.));
#11374=DIRECTION('center_axis',(0.,0.,-1.));
#11375=DIRECTION('ref_axis',(1.,0.,0.));
#11376=DIRECTION('',(0.,0.,-1.));
#11377=DIRECTION('center_axis',(0.,0.,1.));
#11378=DIRECTION('ref_axis',(1.,0.,0.));
#11379=DIRECTION('center_axis',(0.,0.,1.));
#11380=DIRECTION('ref_axis',(1.,0.,0.));
#11381=DIRECTION('center_axis',(0.,0.,-1.));
#11382=DIRECTION('ref_axis',(1.,0.,0.));
#11383=DIRECTION('',(0.,0.,-1.));
#11384=DIRECTION('center_axis',(0.,0.,1.));
#11385=DIRECTION('ref_axis',(1.,0.,0.));
#11386=DIRECTION('center_axis',(0.,0.,1.));
#11387=DIRECTION('ref_axis',(1.,0.,0.));
#11388=DIRECTION('center_axis',(0.,0.,-1.));
#11389=DIRECTION('ref_axis',(1.,0.,0.));
#11390=DIRECTION('',(0.,0.,-1.));
#11391=DIRECTION('center_axis',(0.,0.,1.));
#11392=DIRECTION('ref_axis',(1.,0.,0.));
#11393=DIRECTION('center_axis',(0.,0.,1.));
#11394=DIRECTION('ref_axis',(1.,0.,0.));
#11395=DIRECTION('center_axis',(0.,0.,-1.));
#11396=DIRECTION('ref_axis',(1.,0.,0.));
#11397=DIRECTION('',(0.,0.,-1.));
#11398=DIRECTION('center_axis',(0.,0.,1.));
#11399=DIRECTION('ref_axis',(1.,0.,0.));
#11400=DIRECTION('center_axis',(0.,1.,0.));
#11401=DIRECTION('ref_axis',(-1.,0.,0.));
#11402=DIRECTION('',(-1.,0.,0.));
#11403=DIRECTION('',(0.,0.,1.));
#11404=DIRECTION('',(-1.,0.,0.));
#11405=DIRECTION('',(0.,0.,1.));
#11406=DIRECTION('center_axis',(1.,0.,0.));
#11407=DIRECTION('ref_axis',(0.,1.,0.));
#11408=DIRECTION('',(0.,1.,0.));
#11409=DIRECTION('',(0.,1.,0.));
#11410=DIRECTION('',(0.,0.,1.));
#11411=DIRECTION('center_axis',(0.,-1.,0.));
#11412=DIRECTION('ref_axis',(1.,0.,0.));
#11413=DIRECTION('',(1.,0.,0.));
#11414=DIRECTION('',(1.,0.,0.));
#11415=DIRECTION('',(0.,0.,1.));
#11416=DIRECTION('center_axis',(-1.,0.,0.));
#11417=DIRECTION('ref_axis',(0.,-1.,0.));
#11418=DIRECTION('',(0.,-1.,0.));
#11419=DIRECTION('',(0.,-1.,0.));
#11420=DIRECTION('center_axis',(0.,0.,1.));
#11421=DIRECTION('ref_axis',(1.,0.,0.));
#11422=DIRECTION('center_axis',(0.,0.,1.));
#11423=DIRECTION('ref_axis',(1.,0.,0.));
#11424=DIRECTION('center_axis',(0.,0.,1.));
#11425=DIRECTION('ref_axis',(1.,0.,0.));
#11426=DIRECTION('center_axis',(0.,0.,1.));
#11427=DIRECTION('ref_axis',(1.,0.,0.));
#11428=DIRECTION('',(0.,0.,-1.));
#11429=DIRECTION('center_axis',(0.,0.,1.));
#11430=DIRECTION('ref_axis',(1.,0.,0.));
#11431=DIRECTION('center_axis',(0.,0.,1.));
#11432=DIRECTION('ref_axis',(1.,0.,0.));
#11433=DIRECTION('center_axis',(0.,0.,1.));
#11434=DIRECTION('ref_axis',(1.,0.,0.));
#11435=DIRECTION('center_axis',(0.,1.,0.));
#11436=DIRECTION('ref_axis',(-1.,0.,0.));
#11437=DIRECTION('',(-1.,0.,0.));
#11438=DIRECTION('',(0.,0.,1.));
#11439=DIRECTION('',(-1.,0.,0.));
#11440=DIRECTION('',(0.,0.,1.));
#11441=DIRECTION('center_axis',(1.,0.,0.));
#11442=DIRECTION('ref_axis',(0.,1.,0.));
#11443=DIRECTION('',(0.,1.,0.));
#11444=DIRECTION('',(0.,1.,0.));
#11445=DIRECTION('',(0.,0.,1.));
#11446=DIRECTION('center_axis',(0.,-1.,0.));
#11447=DIRECTION('ref_axis',(1.,0.,0.));
#11448=DIRECTION('',(1.,0.,0.));
#11449=DIRECTION('',(1.,0.,0.));
#11450=DIRECTION('',(0.,0.,1.));
#11451=DIRECTION('center_axis',(-1.,0.,0.));
#11452=DIRECTION('ref_axis',(0.,-1.,0.));
#11453=DIRECTION('',(0.,-1.,0.));
#11454=DIRECTION('',(0.,-1.,0.));
#11455=DIRECTION('center_axis',(0.,0.,1.));
#11456=DIRECTION('ref_axis',(1.,0.,0.));
#11457=DIRECTION('center_axis',(0.,0.,1.));
#11458=DIRECTION('ref_axis',(1.,0.,0.));
#11459=DIRECTION('center_axis',(0.,1.,0.));
#11460=DIRECTION('ref_axis',(-1.,0.,0.));
#11461=DIRECTION('',(-1.,0.,0.));
#11462=DIRECTION('',(0.,0.,1.));
#11463=DIRECTION('',(-1.,0.,0.));
#11464=DIRECTION('',(0.,0.,1.));
#11465=DIRECTION('center_axis',(1.,0.,0.));
#11466=DIRECTION('ref_axis',(0.,1.,0.));
#11467=DIRECTION('',(0.,1.,0.));
#11468=DIRECTION('',(0.,1.,0.));
#11469=DIRECTION('',(0.,0.,1.));
#11470=DIRECTION('center_axis',(0.,-1.,0.));
#11471=DIRECTION('ref_axis',(1.,0.,0.));
#11472=DIRECTION('',(1.,0.,0.));
#11473=DIRECTION('',(1.,0.,0.));
#11474=DIRECTION('',(0.,0.,1.));
#11475=DIRECTION('center_axis',(-1.,0.,0.));
#11476=DIRECTION('ref_axis',(0.,-1.,0.));
#11477=DIRECTION('',(0.,-1.,0.));
#11478=DIRECTION('',(0.,-1.,0.));
#11479=DIRECTION('center_axis',(0.,0.,1.));
#11480=DIRECTION('ref_axis',(1.,0.,0.));
#11481=DIRECTION('center_axis',(0.,0.,1.));
#11482=DIRECTION('ref_axis',(1.,0.,0.));
#11483=DIRECTION('center_axis',(0.,1.,0.));
#11484=DIRECTION('ref_axis',(-1.,0.,0.));
#11485=DIRECTION('',(-1.,0.,0.));
#11486=DIRECTION('',(0.,0.,1.));
#11487=DIRECTION('',(-1.,0.,0.));
#11488=DIRECTION('',(0.,0.,1.));
#11489=DIRECTION('center_axis',(1.,0.,0.));
#11490=DIRECTION('ref_axis',(0.,1.,0.));
#11491=DIRECTION('',(0.,1.,0.));
#11492=DIRECTION('',(0.,1.,0.));
#11493=DIRECTION('',(0.,0.,1.));
#11494=DIRECTION('center_axis',(0.,-1.,0.));
#11495=DIRECTION('ref_axis',(1.,0.,0.));
#11496=DIRECTION('',(1.,0.,0.));
#11497=DIRECTION('',(1.,0.,0.));
#11498=DIRECTION('',(0.,0.,1.));
#11499=DIRECTION('center_axis',(-1.,0.,0.));
#11500=DIRECTION('ref_axis',(0.,-1.,0.));
#11501=DIRECTION('',(0.,-1.,0.));
#11502=DIRECTION('',(0.,-1.,0.));
#11503=DIRECTION('center_axis',(0.,0.,1.));
#11504=DIRECTION('ref_axis',(1.,0.,0.));
#11505=DIRECTION('center_axis',(0.,0.,1.));
#11506=DIRECTION('ref_axis',(1.,0.,0.));
#11507=DIRECTION('center_axis',(0.,0.,1.));
#11508=DIRECTION('ref_axis',(1.,0.,0.));
#11509=DIRECTION('center_axis',(0.,0.,1.));
#11510=DIRECTION('ref_axis',(1.,0.,0.));
#11511=DIRECTION('',(0.,0.,1.));
#11512=DIRECTION('center_axis',(0.,0.,-1.));
#11513=DIRECTION('ref_axis',(1.,0.,0.));
#11514=DIRECTION('center_axis',(0.,0.,1.));
#11515=DIRECTION('ref_axis',(1.,0.,0.));
#11516=DIRECTION('center_axis',(0.,0.,1.));
#11517=DIRECTION('ref_axis',(1.,0.,0.));
#11518=DIRECTION('',(0.,0.,-1.));
#11519=DIRECTION('center_axis',(0.,0.,1.));
#11520=DIRECTION('ref_axis',(1.,0.,0.));
#11521=DIRECTION('center_axis',(0.,0.,1.));
#11522=DIRECTION('ref_axis',(1.,0.,0.));
#11523=DIRECTION('center_axis',(0.,0.,1.));
#11524=DIRECTION('ref_axis',(1.,0.,0.));
#11525=DIRECTION('center_axis',(0.,1.,0.));
#11526=DIRECTION('ref_axis',(-1.,0.,0.));
#11527=DIRECTION('',(-1.,0.,0.));
#11528=DIRECTION('',(0.,0.,1.));
#11529=DIRECTION('',(-1.,0.,0.));
#11530=DIRECTION('',(0.,0.,1.));
#11531=DIRECTION('center_axis',(1.,0.,0.));
#11532=DIRECTION('ref_axis',(0.,1.,0.));
#11533=DIRECTION('',(0.,1.,0.));
#11534=DIRECTION('',(0.,1.,0.));
#11535=DIRECTION('',(0.,0.,1.));
#11536=DIRECTION('center_axis',(0.,-1.,0.));
#11537=DIRECTION('ref_axis',(1.,0.,0.));
#11538=DIRECTION('',(1.,0.,0.));
#11539=DIRECTION('',(1.,0.,0.));
#11540=DIRECTION('',(0.,0.,1.));
#11541=DIRECTION('center_axis',(-1.,0.,0.));
#11542=DIRECTION('ref_axis',(0.,-1.,0.));
#11543=DIRECTION('',(0.,-1.,0.));
#11544=DIRECTION('',(0.,-1.,0.));
#11545=DIRECTION('center_axis',(0.,0.,1.));
#11546=DIRECTION('ref_axis',(1.,0.,0.));
#11547=DIRECTION('center_axis',(0.,0.,1.));
#11548=DIRECTION('ref_axis',(1.,0.,0.));
#11549=DIRECTION('center_axis',(0.,1.,0.));
#11550=DIRECTION('ref_axis',(-1.,0.,0.));
#11551=DIRECTION('',(-1.,0.,0.));
#11552=DIRECTION('',(0.,0.,1.));
#11553=DIRECTION('',(-1.,0.,0.));
#11554=DIRECTION('',(0.,0.,1.));
#11555=DIRECTION('center_axis',(1.,0.,0.));
#11556=DIRECTION('ref_axis',(0.,1.,0.));
#11557=DIRECTION('',(0.,1.,0.));
#11558=DIRECTION('',(0.,1.,0.));
#11559=DIRECTION('',(0.,0.,1.));
#11560=DIRECTION('center_axis',(0.,-1.,0.));
#11561=DIRECTION('ref_axis',(1.,0.,0.));
#11562=DIRECTION('',(1.,0.,0.));
#11563=DIRECTION('',(1.,0.,0.));
#11564=DIRECTION('',(0.,0.,1.));
#11565=DIRECTION('center_axis',(-1.,0.,0.));
#11566=DIRECTION('ref_axis',(0.,-1.,0.));
#11567=DIRECTION('',(0.,-1.,0.));
#11568=DIRECTION('',(0.,-1.,0.));
#11569=DIRECTION('center_axis',(0.,0.,1.));
#11570=DIRECTION('ref_axis',(1.,0.,0.));
#11571=DIRECTION('center_axis',(0.,0.,1.));
#11572=DIRECTION('ref_axis',(1.,0.,0.));
#11573=DIRECTION('center_axis',(0.,0.,1.));
#11574=DIRECTION('ref_axis',(1.,0.,0.));
#11575=DIRECTION('center_axis',(0.,0.,1.));
#11576=DIRECTION('ref_axis',(1.,0.,0.));
#11577=DIRECTION('',(0.,0.,1.));
#11578=DIRECTION('center_axis',(0.,0.,-1.));
#11579=DIRECTION('ref_axis',(1.,0.,0.));
#11580=DIRECTION('center_axis',(0.,0.,1.));
#11581=DIRECTION('ref_axis',(1.,0.,0.));
#11582=DIRECTION('center_axis',(0.,0.,1.));
#11583=DIRECTION('ref_axis',(1.,0.,0.));
#11584=DIRECTION('',(0.,0.,-1.));
#11585=DIRECTION('center_axis',(0.,0.,1.));
#11586=DIRECTION('ref_axis',(1.,0.,0.));
#11587=DIRECTION('center_axis',(0.,0.,1.));
#11588=DIRECTION('ref_axis',(1.,0.,0.));
#11589=DIRECTION('center_axis',(0.,0.,1.));
#11590=DIRECTION('ref_axis',(1.,0.,0.));
#11591=DIRECTION('center_axis',(0.,1.,0.));
#11592=DIRECTION('ref_axis',(-1.,0.,0.));
#11593=DIRECTION('',(-1.,0.,0.));
#11594=DIRECTION('',(0.,0.,1.));
#11595=DIRECTION('',(-1.,0.,0.));
#11596=DIRECTION('',(0.,0.,1.));
#11597=DIRECTION('center_axis',(1.,0.,0.));
#11598=DIRECTION('ref_axis',(0.,1.,0.));
#11599=DIRECTION('',(0.,1.,0.));
#11600=DIRECTION('',(0.,1.,0.));
#11601=DIRECTION('',(0.,0.,1.));
#11602=DIRECTION('center_axis',(0.,-1.,0.));
#11603=DIRECTION('ref_axis',(1.,0.,0.));
#11604=DIRECTION('',(1.,0.,0.));
#11605=DIRECTION('',(1.,0.,0.));
#11606=DIRECTION('',(0.,0.,1.));
#11607=DIRECTION('center_axis',(-1.,0.,0.));
#11608=DIRECTION('ref_axis',(0.,-1.,0.));
#11609=DIRECTION('',(0.,-1.,0.));
#11610=DIRECTION('',(0.,-1.,0.));
#11611=DIRECTION('center_axis',(0.,0.,1.));
#11612=DIRECTION('ref_axis',(1.,0.,0.));
#11613=DIRECTION('center_axis',(0.,0.,1.));
#11614=DIRECTION('ref_axis',(1.,0.,0.));
#11615=DIRECTION('center_axis',(0.,1.,0.));
#11616=DIRECTION('ref_axis',(-1.,0.,0.));
#11617=DIRECTION('',(-1.,0.,0.));
#11618=DIRECTION('',(0.,0.,1.));
#11619=DIRECTION('',(-1.,0.,0.));
#11620=DIRECTION('',(0.,0.,1.));
#11621=DIRECTION('center_axis',(1.,0.,0.));
#11622=DIRECTION('ref_axis',(0.,1.,0.));
#11623=DIRECTION('',(0.,1.,0.));
#11624=DIRECTION('',(0.,1.,0.));
#11625=DIRECTION('',(0.,0.,1.));
#11626=DIRECTION('center_axis',(0.,-1.,0.));
#11627=DIRECTION('ref_axis',(1.,0.,0.));
#11628=DIRECTION('',(1.,0.,0.));
#11629=DIRECTION('',(1.,0.,0.));
#11630=DIRECTION('',(0.,0.,1.));
#11631=DIRECTION('center_axis',(-1.,0.,0.));
#11632=DIRECTION('ref_axis',(0.,-1.,0.));
#11633=DIRECTION('',(0.,-1.,0.));
#11634=DIRECTION('',(0.,-1.,0.));
#11635=DIRECTION('center_axis',(0.,0.,1.));
#11636=DIRECTION('ref_axis',(1.,0.,0.));
#11637=DIRECTION('center_axis',(0.,0.,1.));
#11638=DIRECTION('ref_axis',(1.,0.,0.));
#11639=DIRECTION('center_axis',(0.,0.,1.));
#11640=DIRECTION('ref_axis',(1.,0.,0.));
#11641=DIRECTION('center_axis',(0.,0.,1.));
#11642=DIRECTION('ref_axis',(1.,0.,0.));
#11643=DIRECTION('',(0.,0.,1.));
#11644=DIRECTION('center_axis',(0.,0.,-1.));
#11645=DIRECTION('ref_axis',(1.,0.,0.));
#11646=DIRECTION('center_axis',(0.,0.,1.));
#11647=DIRECTION('ref_axis',(1.,0.,0.));
#11648=DIRECTION('center_axis',(0.,0.,1.));
#11649=DIRECTION('ref_axis',(1.,0.,0.));
#11650=DIRECTION('',(0.,0.,-1.));
#11651=DIRECTION('center_axis',(0.,0.,1.));
#11652=DIRECTION('ref_axis',(1.,0.,0.));
#11653=DIRECTION('center_axis',(0.,0.,1.));
#11654=DIRECTION('ref_axis',(1.,0.,0.));
#11655=DIRECTION('center_axis',(0.,0.,1.));
#11656=DIRECTION('ref_axis',(1.,0.,0.));
#11657=DIRECTION('center_axis',(0.,1.,0.));
#11658=DIRECTION('ref_axis',(-1.,0.,0.));
#11659=DIRECTION('',(-1.,0.,0.));
#11660=DIRECTION('',(0.,0.,1.));
#11661=DIRECTION('',(-1.,0.,0.));
#11662=DIRECTION('',(0.,0.,1.));
#11663=DIRECTION('center_axis',(1.,0.,0.));
#11664=DIRECTION('ref_axis',(0.,1.,0.));
#11665=DIRECTION('',(0.,1.,0.));
#11666=DIRECTION('',(0.,1.,0.));
#11667=DIRECTION('',(0.,0.,1.));
#11668=DIRECTION('center_axis',(0.,-1.,0.));
#11669=DIRECTION('ref_axis',(1.,0.,0.));
#11670=DIRECTION('',(1.,0.,0.));
#11671=DIRECTION('',(1.,0.,0.));
#11672=DIRECTION('',(0.,0.,1.));
#11673=DIRECTION('center_axis',(-1.,0.,0.));
#11674=DIRECTION('ref_axis',(0.,-1.,0.));
#11675=DIRECTION('',(0.,-1.,0.));
#11676=DIRECTION('',(0.,-1.,0.));
#11677=DIRECTION('center_axis',(0.,0.,1.));
#11678=DIRECTION('ref_axis',(1.,0.,0.));
#11679=DIRECTION('center_axis',(0.,0.,1.));
#11680=DIRECTION('ref_axis',(1.,0.,0.));
#11681=DIRECTION('center_axis',(0.,1.,0.));
#11682=DIRECTION('ref_axis',(-1.,0.,0.));
#11683=DIRECTION('',(-1.,0.,0.));
#11684=DIRECTION('',(0.,0.,1.));
#11685=DIRECTION('',(-1.,0.,0.));
#11686=DIRECTION('',(0.,0.,1.));
#11687=DIRECTION('center_axis',(1.,0.,0.));
#11688=DIRECTION('ref_axis',(0.,1.,0.));
#11689=DIRECTION('',(0.,1.,0.));
#11690=DIRECTION('',(0.,1.,0.));
#11691=DIRECTION('',(0.,0.,1.));
#11692=DIRECTION('center_axis',(0.,-1.,0.));
#11693=DIRECTION('ref_axis',(1.,0.,0.));
#11694=DIRECTION('',(1.,0.,0.));
#11695=DIRECTION('',(1.,0.,0.));
#11696=DIRECTION('',(0.,0.,1.));
#11697=DIRECTION('center_axis',(-1.,0.,0.));
#11698=DIRECTION('ref_axis',(0.,-1.,0.));
#11699=DIRECTION('',(0.,-1.,0.));
#11700=DIRECTION('',(0.,-1.,0.));
#11701=DIRECTION('center_axis',(0.,0.,1.));
#11702=DIRECTION('ref_axis',(1.,0.,0.));
#11703=DIRECTION('center_axis',(0.,0.,1.));
#11704=DIRECTION('ref_axis',(1.,0.,0.));
#11705=DIRECTION('center_axis',(0.,0.,1.));
#11706=DIRECTION('ref_axis',(1.,0.,0.));
#11707=DIRECTION('center_axis',(0.,0.,1.));
#11708=DIRECTION('ref_axis',(1.,0.,0.));
#11709=DIRECTION('',(0.,0.,1.));
#11710=DIRECTION('center_axis',(0.,0.,-1.));
#11711=DIRECTION('ref_axis',(1.,0.,0.));
#11712=DIRECTION('center_axis',(0.,0.,1.));
#11713=DIRECTION('ref_axis',(1.,0.,0.));
#11714=DIRECTION('center_axis',(0.,0.,1.));
#11715=DIRECTION('ref_axis',(1.,0.,0.));
#11716=DIRECTION('',(0.,0.,-1.));
#11717=DIRECTION('center_axis',(0.,0.,1.));
#11718=DIRECTION('ref_axis',(1.,0.,0.));
#11719=DIRECTION('center_axis',(0.,0.,1.));
#11720=DIRECTION('ref_axis',(1.,0.,0.));
#11721=DIRECTION('center_axis',(0.,0.,1.));
#11722=DIRECTION('ref_axis',(1.,0.,0.));
#11723=DIRECTION('center_axis',(0.,0.,1.));
#11724=DIRECTION('ref_axis',(1.,0.,0.));
#11725=DIRECTION('center_axis',(0.,0.,1.));
#11726=DIRECTION('ref_axis',(1.,0.,0.));
#11727=DIRECTION('',(0.,0.,1.));
#11728=DIRECTION('center_axis',(0.,0.,-1.));
#11729=DIRECTION('ref_axis',(1.,0.,0.));
#11730=DIRECTION('center_axis',(0.,0.,1.));
#11731=DIRECTION('ref_axis',(1.,0.,0.));
#11732=DIRECTION('center_axis',(0.,0.,1.));
#11733=DIRECTION('ref_axis',(1.,0.,0.));
#11734=DIRECTION('',(0.,0.,1.));
#11735=DIRECTION('center_axis',(0.,0.,-1.));
#11736=DIRECTION('ref_axis',(1.,0.,0.));
#11737=DIRECTION('center_axis',(0.,0.,1.));
#11738=DIRECTION('ref_axis',(1.,0.,0.));
#11739=DIRECTION('center_axis',(0.,0.,-1.));
#11740=DIRECTION('ref_axis',(1.,0.,0.));
#11741=DIRECTION('',(0.,0.,-1.));
#11742=DIRECTION('center_axis',(0.,0.,1.));
#11743=DIRECTION('ref_axis',(1.,0.,0.));
#11744=DIRECTION('center_axis',(0.,0.,1.));
#11745=DIRECTION('ref_axis',(1.,0.,0.));
#11746=DIRECTION('center_axis',(0.,0.,-1.));
#11747=DIRECTION('ref_axis',(1.,0.,0.));
#11748=DIRECTION('',(0.,0.,-1.));
#11749=DIRECTION('center_axis',(0.,0.,1.));
#11750=DIRECTION('ref_axis',(1.,0.,0.));
#11751=DIRECTION('center_axis',(0.,0.,1.));
#11752=DIRECTION('ref_axis',(1.,0.,0.));
#11753=DIRECTION('center_axis',(0.,0.,-1.));
#11754=DIRECTION('ref_axis',(1.,0.,0.));
#11755=DIRECTION('',(0.,0.,-1.));
#11756=DIRECTION('center_axis',(0.,0.,1.));
#11757=DIRECTION('ref_axis',(1.,0.,0.));
#11758=DIRECTION('center_axis',(0.,0.,1.));
#11759=DIRECTION('ref_axis',(1.,0.,0.));
#11760=DIRECTION('center_axis',(0.,0.,-1.));
#11761=DIRECTION('ref_axis',(1.,0.,0.));
#11762=DIRECTION('',(0.,0.,-1.));
#11763=DIRECTION('center_axis',(0.,0.,1.));
#11764=DIRECTION('ref_axis',(1.,0.,0.));
#11765=DIRECTION('center_axis',(0.,1.,0.));
#11766=DIRECTION('ref_axis',(-1.,0.,0.));
#11767=DIRECTION('',(-1.,0.,0.));
#11768=DIRECTION('',(0.,0.,1.));
#11769=DIRECTION('',(-1.,0.,0.));
#11770=DIRECTION('',(0.,0.,1.));
#11771=DIRECTION('center_axis',(1.,0.,0.));
#11772=DIRECTION('ref_axis',(0.,1.,0.));
#11773=DIRECTION('',(0.,1.,0.));
#11774=DIRECTION('',(0.,1.,0.));
#11775=DIRECTION('',(0.,0.,1.));
#11776=DIRECTION('center_axis',(0.,-1.,0.));
#11777=DIRECTION('ref_axis',(1.,0.,0.));
#11778=DIRECTION('',(1.,0.,0.));
#11779=DIRECTION('',(1.,0.,0.));
#11780=DIRECTION('',(0.,0.,1.));
#11781=DIRECTION('center_axis',(-1.,0.,0.));
#11782=DIRECTION('ref_axis',(0.,-1.,0.));
#11783=DIRECTION('',(0.,-1.,0.));
#11784=DIRECTION('',(0.,-1.,0.));
#11785=DIRECTION('center_axis',(0.,0.,1.));
#11786=DIRECTION('ref_axis',(1.,0.,0.));
#11787=DIRECTION('center_axis',(0.,0.,1.));
#11788=DIRECTION('ref_axis',(1.,0.,0.));
#11789=DIRECTION('center_axis',(0.,1.,0.));
#11790=DIRECTION('ref_axis',(-1.,0.,0.));
#11791=DIRECTION('',(-1.,0.,0.));
#11792=DIRECTION('',(0.,0.,1.));
#11793=DIRECTION('',(-1.,0.,0.));
#11794=DIRECTION('',(0.,0.,1.));
#11795=DIRECTION('center_axis',(1.,0.,0.));
#11796=DIRECTION('ref_axis',(0.,1.,0.));
#11797=DIRECTION('',(0.,1.,0.));
#11798=DIRECTION('',(0.,1.,0.));
#11799=DIRECTION('',(0.,0.,1.));
#11800=DIRECTION('center_axis',(0.,-1.,0.));
#11801=DIRECTION('ref_axis',(1.,0.,0.));
#11802=DIRECTION('',(1.,0.,0.));
#11803=DIRECTION('',(1.,0.,0.));
#11804=DIRECTION('',(0.,0.,1.));
#11805=DIRECTION('center_axis',(-1.,0.,0.));
#11806=DIRECTION('ref_axis',(0.,-1.,0.));
#11807=DIRECTION('',(0.,-1.,0.));
#11808=DIRECTION('',(0.,-1.,0.));
#11809=DIRECTION('center_axis',(0.,0.,1.));
#11810=DIRECTION('ref_axis',(1.,0.,0.));
#11811=DIRECTION('center_axis',(0.,0.,1.));
#11812=DIRECTION('ref_axis',(1.,0.,0.));
#11813=DIRECTION('center_axis',(0.,1.,0.));
#11814=DIRECTION('ref_axis',(-1.,0.,0.));
#11815=DIRECTION('',(-1.,0.,0.));
#11816=DIRECTION('',(0.,0.,1.));
#11817=DIRECTION('',(-1.,0.,0.));
#11818=DIRECTION('',(0.,0.,1.));
#11819=DIRECTION('center_axis',(1.,0.,0.));
#11820=DIRECTION('ref_axis',(0.,1.,0.));
#11821=DIRECTION('',(0.,1.,0.));
#11822=DIRECTION('',(0.,1.,0.));
#11823=DIRECTION('',(0.,0.,1.));
#11824=DIRECTION('center_axis',(0.,-1.,0.));
#11825=DIRECTION('ref_axis',(1.,0.,0.));
#11826=DIRECTION('',(1.,0.,0.));
#11827=DIRECTION('',(1.,0.,0.));
#11828=DIRECTION('',(0.,0.,1.));
#11829=DIRECTION('center_axis',(-1.,0.,0.));
#11830=DIRECTION('ref_axis',(0.,-1.,0.));
#11831=DIRECTION('',(0.,-1.,0.));
#11832=DIRECTION('',(0.,-1.,0.));
#11833=DIRECTION('center_axis',(0.,0.,1.));
#11834=DIRECTION('ref_axis',(1.,0.,0.));
#11835=DIRECTION('center_axis',(0.,0.,1.));
#11836=DIRECTION('ref_axis',(1.,0.,0.));
#11837=DIRECTION('center_axis',(0.,0.,1.));
#11838=DIRECTION('ref_axis',(1.,0.,0.));
#11839=DIRECTION('center_axis',(0.,0.,1.));
#11840=DIRECTION('ref_axis',(1.,0.,0.));
#11841=DIRECTION('',(0.,0.,-1.));
#11842=DIRECTION('center_axis',(0.,0.,1.));
#11843=DIRECTION('ref_axis',(1.,0.,0.));
#11844=DIRECTION('center_axis',(0.,0.,1.));
#11845=DIRECTION('ref_axis',(1.,0.,0.));
#11846=DIRECTION('center_axis',(0.,0.,1.));
#11847=DIRECTION('ref_axis',(1.,0.,0.));
#11848=DIRECTION('center_axis',(0.,1.,0.));
#11849=DIRECTION('ref_axis',(-1.,0.,0.));
#11850=DIRECTION('',(-1.,0.,0.));
#11851=DIRECTION('',(0.,0.,1.));
#11852=DIRECTION('',(-1.,0.,0.));
#11853=DIRECTION('',(0.,0.,1.));
#11854=DIRECTION('center_axis',(1.,0.,0.));
#11855=DIRECTION('ref_axis',(0.,1.,0.));
#11856=DIRECTION('',(0.,1.,0.));
#11857=DIRECTION('',(0.,1.,0.));
#11858=DIRECTION('',(0.,0.,1.));
#11859=DIRECTION('center_axis',(0.,-1.,0.));
#11860=DIRECTION('ref_axis',(1.,0.,0.));
#11861=DIRECTION('',(1.,0.,0.));
#11862=DIRECTION('',(1.,0.,0.));
#11863=DIRECTION('',(0.,0.,1.));
#11864=DIRECTION('center_axis',(-1.,0.,0.));
#11865=DIRECTION('ref_axis',(0.,-1.,0.));
#11866=DIRECTION('',(0.,-1.,0.));
#11867=DIRECTION('',(0.,-1.,0.));
#11868=DIRECTION('center_axis',(0.,0.,1.));
#11869=DIRECTION('ref_axis',(1.,0.,0.));
#11870=DIRECTION('center_axis',(0.,0.,1.));
#11871=DIRECTION('ref_axis',(1.,0.,0.));
#11872=DIRECTION('center_axis',(0.,0.,1.));
#11873=DIRECTION('ref_axis',(1.,0.,0.));
#11874=DIRECTION('center_axis',(0.,0.,1.));
#11875=DIRECTION('ref_axis',(1.,0.,0.));
#11876=DIRECTION('',(0.,0.,-1.));
#11877=DIRECTION('center_axis',(0.,0.,1.));
#11878=DIRECTION('ref_axis',(1.,0.,0.));
#11879=DIRECTION('center_axis',(0.,0.,1.));
#11880=DIRECTION('ref_axis',(1.,0.,0.));
#11881=DIRECTION('center_axis',(0.,0.,1.));
#11882=DIRECTION('ref_axis',(1.,0.,0.));
#11883=DIRECTION('center_axis',(0.,1.,0.));
#11884=DIRECTION('ref_axis',(-1.,0.,0.));
#11885=DIRECTION('',(-1.,0.,0.));
#11886=DIRECTION('',(0.,0.,1.));
#11887=DIRECTION('',(-1.,0.,0.));
#11888=DIRECTION('',(0.,0.,1.));
#11889=DIRECTION('center_axis',(1.,0.,0.));
#11890=DIRECTION('ref_axis',(0.,1.,0.));
#11891=DIRECTION('',(0.,1.,0.));
#11892=DIRECTION('',(0.,1.,0.));
#11893=DIRECTION('',(0.,0.,1.));
#11894=DIRECTION('center_axis',(0.,-1.,0.));
#11895=DIRECTION('ref_axis',(1.,0.,0.));
#11896=DIRECTION('',(1.,0.,0.));
#11897=DIRECTION('',(1.,0.,0.));
#11898=DIRECTION('',(0.,0.,1.));
#11899=DIRECTION('center_axis',(-1.,0.,0.));
#11900=DIRECTION('ref_axis',(0.,-1.,0.));
#11901=DIRECTION('',(0.,-1.,0.));
#11902=DIRECTION('',(0.,-1.,0.));
#11903=DIRECTION('center_axis',(0.,0.,1.));
#11904=DIRECTION('ref_axis',(1.,0.,0.));
#11905=DIRECTION('center_axis',(0.,0.,1.));
#11906=DIRECTION('ref_axis',(1.,0.,0.));
#11907=DIRECTION('center_axis',(0.,0.,1.));
#11908=DIRECTION('ref_axis',(1.,0.,0.));
#11909=DIRECTION('center_axis',(0.,0.,1.));
#11910=DIRECTION('ref_axis',(1.,0.,0.));
#11911=DIRECTION('',(0.,0.,1.));
#11912=DIRECTION('center_axis',(0.,0.,-1.));
#11913=DIRECTION('ref_axis',(1.,0.,0.));
#11914=DIRECTION('center_axis',(0.,0.,1.));
#11915=DIRECTION('ref_axis',(1.,0.,0.));
#11916=DIRECTION('center_axis',(0.,0.,1.));
#11917=DIRECTION('ref_axis',(1.,0.,0.));
#11918=DIRECTION('',(0.,0.,-1.));
#11919=DIRECTION('center_axis',(0.,0.,1.));
#11920=DIRECTION('ref_axis',(1.,0.,0.));
#11921=DIRECTION('center_axis',(0.,0.,1.));
#11922=DIRECTION('ref_axis',(1.,0.,0.));
#11923=DIRECTION('center_axis',(0.,0.,1.));
#11924=DIRECTION('ref_axis',(1.,0.,0.));
#11925=DIRECTION('center_axis',(0.,0.,1.));
#11926=DIRECTION('ref_axis',(1.,0.,0.));
#11927=DIRECTION('center_axis',(0.,0.,1.));
#11928=DIRECTION('ref_axis',(1.,0.,0.));
#11929=DIRECTION('',(0.,0.,1.));
#11930=DIRECTION('center_axis',(0.,0.,-1.));
#11931=DIRECTION('ref_axis',(1.,0.,0.));
#11932=DIRECTION('center_axis',(0.,0.,1.));
#11933=DIRECTION('ref_axis',(1.,0.,0.));
#11934=DIRECTION('center_axis',(0.,0.,1.));
#11935=DIRECTION('ref_axis',(1.,0.,0.));
#11936=DIRECTION('',(0.,0.,-1.));
#11937=DIRECTION('center_axis',(0.,0.,1.));
#11938=DIRECTION('ref_axis',(1.,0.,0.));
#11939=DIRECTION('center_axis',(0.,0.,1.));
#11940=DIRECTION('ref_axis',(1.,0.,0.));
#11941=DIRECTION('center_axis',(0.,0.,1.));
#11942=DIRECTION('ref_axis',(1.,0.,0.));
#11943=CARTESIAN_POINT('',(0.,0.,0.));
#11944=CARTESIAN_POINT('Origin',(341.44,4.,0.));
#11945=CARTESIAN_POINT('',(341.44,4.,0.));
#11946=CARTESIAN_POINT('',(4.,4.,0.));
#11947=CARTESIAN_POINT('',(257.08,4.,0.));
#11948=CARTESIAN_POINT('',(341.44,4.,-50.));
#11949=CARTESIAN_POINT('',(341.44,4.,0.));
#11950=CARTESIAN_POINT('',(4.,4.,-50.));
#11951=CARTESIAN_POINT('',(4.,4.,-50.));
#11952=CARTESIAN_POINT('',(4.,4.,0.));
#11953=CARTESIAN_POINT('Origin',(341.44,124.5,0.));
#11954=CARTESIAN_POINT('',(341.44,124.5,0.));
#11955=CARTESIAN_POINT('',(341.44,94.375,0.));
#11956=CARTESIAN_POINT('',(341.44,124.5,-50.));
#11957=CARTESIAN_POINT('',(341.44,124.5,0.));
#11958=CARTESIAN_POINT('',(341.44,4.,-50.));
#11959=CARTESIAN_POINT('Origin',(3.99999999999999,124.5,0.));
#11960=CARTESIAN_POINT('',(4.,124.5,0.));
#11961=CARTESIAN_POINT('',(88.36,124.5,0.));
#11962=CARTESIAN_POINT('',(4.,124.5,-50.));
#11963=CARTESIAN_POINT('',(4.,124.5,0.));
#11964=CARTESIAN_POINT('',(341.44,124.5,-50.));
#11965=CARTESIAN_POINT('Origin',(4.,4.,0.));
#11966=CARTESIAN_POINT('',(3.99999999999999,34.125,0.));
#11967=CARTESIAN_POINT('',(4.,124.5,-50.));
#11968=CARTESIAN_POINT('Origin',(172.72,64.25,-50.));
#11969=CARTESIAN_POINT('Origin',(347.44,-2.,0.));
#11970=CARTESIAN_POINT('',(-2.,-1.99999999999999,0.));
#11971=CARTESIAN_POINT('',(347.44,-2.,0.));
#11972=CARTESIAN_POINT('',(-2.,-2.,0.));
#11973=CARTESIAN_POINT('',(-2.,-1.99999999999999,-55.));
#11974=CARTESIAN_POINT('',(-2.,-1.99999999999999,0.));
#11975=CARTESIAN_POINT('',(347.44,-1.99999999999999,-55.));
#11976=CARTESIAN_POINT('',(-2.,-2.,-55.));
#11977=CARTESIAN_POINT('',(347.44,-2.,0.));
#11978=CARTESIAN_POINT('Origin',(347.44,130.5,0.));
#11979=CARTESIAN_POINT('',(347.44,130.5,0.));
#11980=CARTESIAN_POINT('',(347.44,-2.,0.));
#11981=CARTESIAN_POINT('',(347.44,130.5,-55.));
#11982=CARTESIAN_POINT('',(347.44,-2.,-55.));
#11983=CARTESIAN_POINT('',(347.44,130.5,0.));
#11984=CARTESIAN_POINT('Origin',(-2.00000000000003,130.5,0.));
#11985=CARTESIAN_POINT('',(-2.,130.5,0.));
#11986=CARTESIAN_POINT('',(347.44,130.5,0.));
#11987=CARTESIAN_POINT('',(-2.,130.5,-55.));
#11988=CARTESIAN_POINT('',(347.44,130.5,-55.));
#11989=CARTESIAN_POINT('',(-2.,130.5,0.));
#11990=CARTESIAN_POINT('Origin',(-2.,-1.99999999999999,0.));
#11991=CARTESIAN_POINT('',(-2.,130.5,0.));
#11992=CARTESIAN_POINT('',(-2.,130.5,-55.));
#11993=CARTESIAN_POINT('Origin',(172.72,64.25,0.));
#11994=CARTESIAN_POINT('Origin',(172.72,64.25,-55.));
#11995=CARTESIAN_POINT('Origin',(-2.,-6.,0.));
#11996=CARTESIAN_POINT('',(-14.,-6.,0.));
#11997=CARTESIAN_POINT('',(-2.,-6.,0.));
#11998=CARTESIAN_POINT('',(-14.,-6.,0.));
#11999=CARTESIAN_POINT('',(-14.,-6.,-61.));
#12000=CARTESIAN_POINT('',(-14.,-6.,0.));
#12001=CARTESIAN_POINT('',(-2.,-6.,-61.));
#12002=CARTESIAN_POINT('',(-14.,-6.,-61.));
#12003=CARTESIAN_POINT('',(-2.,-6.,0.));
#12004=CARTESIAN_POINT('Origin',(-2.,134.5,0.));
#12005=CARTESIAN_POINT('',(-2.,134.5,0.));
#12006=CARTESIAN_POINT('',(-2.,-6.,0.));
#12007=CARTESIAN_POINT('',(-2.,134.5,-61.));
#12008=CARTESIAN_POINT('',(-2.,-6.,-61.));
#12009=CARTESIAN_POINT('',(-2.,134.5,0.));
#12010=CARTESIAN_POINT('Origin',(-14.,134.5,0.));
#12011=CARTESIAN_POINT('',(-14.,134.5,0.));
#12012=CARTESIAN_POINT('',(-2.,134.5,0.));
#12013=CARTESIAN_POINT('',(-14.,134.5,-61.));
#12014=CARTESIAN_POINT('',(-2.,134.5,-61.));
#12015=CARTESIAN_POINT('',(-14.,134.5,0.));
#12016=CARTESIAN_POINT('Origin',(-14.,-6.,0.));
#12017=CARTESIAN_POINT('',(-14.,134.5,0.));
#12018=CARTESIAN_POINT('',(-14.,134.5,-61.));
#12019=CARTESIAN_POINT('Origin',(-8.,64.25,0.));
#12020=CARTESIAN_POINT('Origin',(-8.,64.25,-61.));
#12021=CARTESIAN_POINT('Origin',(359.44,-6.,0.));
#12022=CARTESIAN_POINT('',(347.44,-6.,0.));
#12023=CARTESIAN_POINT('',(359.44,-6.,0.));
#12024=CARTESIAN_POINT('',(347.44,-6.,0.));
#12025=CARTESIAN_POINT('',(347.44,-6.,-61.));
#12026=CARTESIAN_POINT('',(347.44,-6.,0.));
#12027=CARTESIAN_POINT('',(359.44,-6.,-61.));
#12028=CARTESIAN_POINT('',(347.44,-6.,-61.));
#12029=CARTESIAN_POINT('',(359.44,-6.,0.));
#12030=CARTESIAN_POINT('Origin',(359.44,134.5,0.));
#12031=CARTESIAN_POINT('',(359.44,134.5,0.));
#12032=CARTESIAN_POINT('',(359.44,-6.,0.));
#12033=CARTESIAN_POINT('',(359.44,134.5,-61.));
#12034=CARTESIAN_POINT('',(359.44,-6.,-61.));
#12035=CARTESIAN_POINT('',(359.44,134.5,0.));
#12036=CARTESIAN_POINT('Origin',(347.44,134.5,0.));
#12037=CARTESIAN_POINT('',(347.44,134.5,0.));
#12038=CARTESIAN_POINT('',(359.44,134.5,0.));
#12039=CARTESIAN_POINT('',(347.44,134.5,-61.));
#12040=CARTESIAN_POINT('',(359.44,134.5,-61.));
#12041=CARTESIAN_POINT('',(347.44,134.5,0.));
#12042=CARTESIAN_POINT('Origin',(347.44,-6.,0.));
#12043=CARTESIAN_POINT('',(347.44,134.5,0.));
#12044=CARTESIAN_POINT('',(347.44,134.5,-61.));
#12045=CARTESIAN_POINT('Origin',(353.44,64.25,0.));
#12046=CARTESIAN_POINT('Origin',(353.44,64.25,-61.));
#12047=CARTESIAN_POINT('Origin',(43.8,16.,0.));
#12048=CARTESIAN_POINT('',(42.,16.,0.));
#12049=CARTESIAN_POINT('Origin',(43.8,16.,0.));
#12050=CARTESIAN_POINT('',(42.,16.,2.));
#12051=CARTESIAN_POINT('',(42.,16.,0.));
#12052=CARTESIAN_POINT('Origin',(43.8,16.,2.));
#12053=CARTESIAN_POINT('Origin',(43.8,32.,0.));
#12054=CARTESIAN_POINT('',(42.,32.,0.));
#12055=CARTESIAN_POINT('Origin',(43.8,32.,0.));
#12056=CARTESIAN_POINT('',(42.,32.,2.));
#12057=CARTESIAN_POINT('',(42.,32.,0.));
#12058=CARTESIAN_POINT('Origin',(43.8,32.,2.));
#12059=CARTESIAN_POINT('Origin',(31.5333333333333,16.,0.));
#12060=CARTESIAN_POINT('',(29.7333333333333,16.,0.));
#12061=CARTESIAN_POINT('Origin',(31.5333333333333,16.,0.));
#12062=CARTESIAN_POINT('',(29.7333333333333,16.,2.));
#12063=CARTESIAN_POINT('',(29.7333333333333,16.,0.));
#12064=CARTESIAN_POINT('Origin',(31.5333333333333,16.,2.));
#12065=CARTESIAN_POINT('Origin',(31.5333333333333,32.,0.));
#12066=CARTESIAN_POINT('',(29.7333333333333,32.,0.));
#12067=CARTESIAN_POINT('Origin',(31.5333333333333,32.,0.));
#12068=CARTESIAN_POINT('',(29.7333333333333,32.,2.));
#12069=CARTESIAN_POINT('',(29.7333333333333,32.,0.));
#12070=CARTESIAN_POINT('Origin',(31.5333333333333,32.,2.));
#12071=CARTESIAN_POINT('Origin',(19.2666666666667,16.,0.));
#12072=CARTESIAN_POINT('',(17.4666666666667,16.,0.));
#12073=CARTESIAN_POINT('Origin',(19.2666666666667,16.,0.));
#12074=CARTESIAN_POINT('',(17.4666666666667,16.,2.));
#12075=CARTESIAN_POINT('',(17.4666666666667,16.,0.));
#12076=CARTESIAN_POINT('Origin',(19.2666666666667,16.,2.));
#12077=CARTESIAN_POINT('Origin',(19.2666666666667,32.,0.));
#12078=CARTESIAN_POINT('',(17.4666666666667,32.,0.));
#12079=CARTESIAN_POINT('Origin',(19.2666666666667,32.,0.));
#12080=CARTESIAN_POINT('',(17.4666666666667,32.,2.));
#12081=CARTESIAN_POINT('',(17.4666666666667,32.,0.));
#12082=CARTESIAN_POINT('Origin',(19.2666666666667,32.,2.));
#12083=CARTESIAN_POINT('Origin',(7.,16.,0.));
#12084=CARTESIAN_POINT('',(5.2,16.,0.));
#12085=CARTESIAN_POINT('Origin',(7.,16.,0.));
#12086=CARTESIAN_POINT('',(5.2,16.,2.));
#12087=CARTESIAN_POINT('',(5.2,16.,0.));
#12088=CARTESIAN_POINT('Origin',(7.,16.,2.));
#12089=CARTESIAN_POINT('Origin',(7.,32.,0.));
#12090=CARTESIAN_POINT('',(5.2,32.,0.));
#12091=CARTESIAN_POINT('Origin',(7.,32.,0.));
#12092=CARTESIAN_POINT('',(5.2,32.,2.));
#12093=CARTESIAN_POINT('',(5.2,32.,0.));
#12094=CARTESIAN_POINT('Origin',(7.,32.,2.));
#12095=CARTESIAN_POINT('Origin',(43.3,125.5,0.));
#12096=CARTESIAN_POINT('',(41.7,125.5,2.));
#12097=CARTESIAN_POINT('Origin',(43.3,125.5,2.));
#12098=CARTESIAN_POINT('',(41.7,125.5,0.));
#12099=CARTESIAN_POINT('',(41.7,125.5,0.));
#12100=CARTESIAN_POINT('Origin',(43.3,125.5,0.));
#12101=CARTESIAN_POINT('Origin',(43.3,3.,0.));
#12102=CARTESIAN_POINT('',(41.7,3.00000000000001,2.));
#12103=CARTESIAN_POINT('Origin',(43.3,3.,2.));
#12104=CARTESIAN_POINT('',(41.7,3.,0.));
#12105=CARTESIAN_POINT('',(41.7,3.,0.));
#12106=CARTESIAN_POINT('Origin',(43.3,3.,0.));
#12107=CARTESIAN_POINT('Origin',(7.5,125.5,0.));
#12108=CARTESIAN_POINT('',(5.9,125.5,2.));
#12109=CARTESIAN_POINT('Origin',(7.5,125.5,2.));
#12110=CARTESIAN_POINT('',(5.9,125.5,0.));
#12111=CARTESIAN_POINT('',(5.9,125.5,0.));
#12112=CARTESIAN_POINT('Origin',(7.5,125.5,0.));
#12113=CARTESIAN_POINT('Origin',(7.5,3.,0.));
#12114=CARTESIAN_POINT('',(5.9,3.00000000000001,2.));
#12115=CARTESIAN_POINT('Origin',(7.5,3.,2.));
#12116=CARTESIAN_POINT('',(5.9,3.,0.));
#12117=CARTESIAN_POINT('',(5.9,3.,0.));
#12118=CARTESIAN_POINT('Origin',(7.5,3.,0.));
#12119=CARTESIAN_POINT('Origin',(50.7,128.4,0.));
#12120=CARTESIAN_POINT('',(50.7,128.4,0.));
#12121=CARTESIAN_POINT('',(0.1,128.4,0.));
#12122=CARTESIAN_POINT('',(50.7,128.4,0.));
#12123=CARTESIAN_POINT('',(0.1,128.4,2.));
#12124=CARTESIAN_POINT('',(0.1,128.4,0.));
#12125=CARTESIAN_POINT('',(50.7,128.4,2.));
#12126=CARTESIAN_POINT('',(50.7,128.4,2.));
#12127=CARTESIAN_POINT('',(50.7,128.4,0.));
#12128=CARTESIAN_POINT('Origin',(50.7,0.1,0.));
#12129=CARTESIAN_POINT('',(50.7,0.1,0.));
#12130=CARTESIAN_POINT('',(50.7,0.1,0.));
#12131=CARTESIAN_POINT('',(50.7,0.0999999999999979,2.));
#12132=CARTESIAN_POINT('',(50.7,0.1,2.));
#12133=CARTESIAN_POINT('',(50.7,0.1,0.));
#12134=CARTESIAN_POINT('Origin',(0.1,0.1,0.));
#12135=CARTESIAN_POINT('',(0.1,0.0999999999999979,0.));
#12136=CARTESIAN_POINT('',(0.1,0.1,0.));
#12137=CARTESIAN_POINT('',(0.1,0.0999999999999979,2.));
#12138=CARTESIAN_POINT('',(0.1,0.1,2.));
#12139=CARTESIAN_POINT('',(0.1,0.0999999999999979,0.));
#12140=CARTESIAN_POINT('Origin',(0.1,128.4,0.));
#12141=CARTESIAN_POINT('',(0.1,128.4,0.));
#12142=CARTESIAN_POINT('',(0.1,128.4,2.));
#12143=CARTESIAN_POINT('Origin',(25.4,64.25,2.));
#12144=CARTESIAN_POINT('Origin',(25.4,64.25,0.));
#12145=CARTESIAN_POINT('Origin',(44.9,106.5,0.));
#12146=CARTESIAN_POINT('',(44.9,106.5,0.));
#12147=CARTESIAN_POINT('',(5.9,106.5,0.));
#12148=CARTESIAN_POINT('',(44.9,106.5,0.));
#12149=CARTESIAN_POINT('',(5.9,106.5,3.2));
#12150=CARTESIAN_POINT('',(5.9,106.5,0.));
#12151=CARTESIAN_POINT('',(44.9,106.5,3.2));
#12152=CARTESIAN_POINT('',(44.9,106.5,3.2));
#12153=CARTESIAN_POINT('',(44.9,106.5,0.));
#12154=CARTESIAN_POINT('Origin',(44.9,85.5,0.));
#12155=CARTESIAN_POINT('',(44.9,85.5,0.));
#12156=CARTESIAN_POINT('',(44.9,85.5,0.));
#12157=CARTESIAN_POINT('',(44.9,85.5,3.2));
#12158=CARTESIAN_POINT('',(44.9,85.5,3.2));
#12159=CARTESIAN_POINT('',(44.9,85.5,0.));
#12160=CARTESIAN_POINT('Origin',(5.9,85.5,0.));
#12161=CARTESIAN_POINT('',(5.9,85.5,0.));
#12162=CARTESIAN_POINT('',(5.9,85.5,0.));
#12163=CARTESIAN_POINT('',(5.9,85.5,3.2));
#12164=CARTESIAN_POINT('',(5.9,85.5,3.2));
#12165=CARTESIAN_POINT('',(5.9,85.5,0.));
#12166=CARTESIAN_POINT('Origin',(5.9,106.5,0.));
#12167=CARTESIAN_POINT('',(5.9,106.5,0.));
#12168=CARTESIAN_POINT('',(5.9,106.5,3.2));
#12169=CARTESIAN_POINT('Origin',(25.4,96.,3.2));
#12170=CARTESIAN_POINT('Origin',(25.4,96.,0.));
#12171=CARTESIAN_POINT('Origin',(43.4,105.,0.));
#12172=CARTESIAN_POINT('',(43.4,105.,0.));
#12173=CARTESIAN_POINT('',(7.4,105.,0.));
#12174=CARTESIAN_POINT('',(43.4,105.,0.));
#12175=CARTESIAN_POINT('',(7.4,105.,2.6));
#12176=CARTESIAN_POINT('',(7.4,105.,0.));
#12177=CARTESIAN_POINT('',(43.4,105.,2.6));
#12178=CARTESIAN_POINT('',(43.4,105.,2.6));
#12179=CARTESIAN_POINT('',(43.4,105.,0.));
#12180=CARTESIAN_POINT('Origin',(43.4,87.,0.));
#12181=CARTESIAN_POINT('',(43.4,87.,0.));
#12182=CARTESIAN_POINT('',(43.4,87.,0.));
#12183=CARTESIAN_POINT('',(43.4,87.,2.6));
#12184=CARTESIAN_POINT('',(43.4,87.,2.6));
#12185=CARTESIAN_POINT('',(43.4,87.,0.));
#12186=CARTESIAN_POINT('Origin',(7.4,87.,0.));
#12187=CARTESIAN_POINT('',(7.4,87.,0.));
#12188=CARTESIAN_POINT('',(7.4,87.,0.));
#12189=CARTESIAN_POINT('',(7.4,87.,2.6));
#12190=CARTESIAN_POINT('',(7.4,87.,2.6));
#12191=CARTESIAN_POINT('',(7.4,87.,0.));
#12192=CARTESIAN_POINT('Origin',(7.4,105.,0.));
#12193=CARTESIAN_POINT('',(7.4,105.,0.));
#12194=CARTESIAN_POINT('',(7.4,105.,2.6));
#12195=CARTESIAN_POINT('Origin',(25.4,96.,2.6));
#12196=CARTESIAN_POINT('Origin',(25.4,96.,0.));
#12197=CARTESIAN_POINT('Origin',(14.4,52.,0.));
#12198=CARTESIAN_POINT('',(8.4,52.,14.5));
#12199=CARTESIAN_POINT('Origin',(14.4,52.,14.5));
#12200=CARTESIAN_POINT('',(8.4,52.,0.));
#12201=CARTESIAN_POINT('',(8.4,52.,0.));
#12202=CARTESIAN_POINT('Origin',(14.4,52.,0.));
#12203=CARTESIAN_POINT('Origin',(14.4,52.,14.5));
#12204=CARTESIAN_POINT('Origin',(14.4,52.,0.));
#12205=CARTESIAN_POINT('Origin',(14.7,57.5,0.));
#12206=CARTESIAN_POINT('',(14.7,57.5,0.));
#12207=CARTESIAN_POINT('',(14.1,57.5,0.));
#12208=CARTESIAN_POINT('',(14.7,57.5,0.));
#12209=CARTESIAN_POINT('',(14.1,57.5,14.9));
#12210=CARTESIAN_POINT('',(14.1,57.5,0.));
#12211=CARTESIAN_POINT('',(14.7,57.5,14.9));
#12212=CARTESIAN_POINT('',(14.7,57.5,14.9));
#12213=CARTESIAN_POINT('',(14.7,57.5,0.));
#12214=CARTESIAN_POINT('Origin',(14.7,53.,0.));
#12215=CARTESIAN_POINT('',(14.7,53.,0.));
#12216=CARTESIAN_POINT('',(14.7,53.,0.));
#12217=CARTESIAN_POINT('',(14.7,53.,14.9));
#12218=CARTESIAN_POINT('',(14.7,53.,14.9));
#12219=CARTESIAN_POINT('',(14.7,53.,0.));
#12220=CARTESIAN_POINT('Origin',(14.1,53.,0.));
#12221=CARTESIAN_POINT('',(14.1,53.,0.));
#12222=CARTESIAN_POINT('',(14.1,53.,0.));
#12223=CARTESIAN_POINT('',(14.1,53.,14.9));
#12224=CARTESIAN_POINT('',(14.1,53.,14.9));
#12225=CARTESIAN_POINT('',(14.1,53.,0.));
#12226=CARTESIAN_POINT('Origin',(14.1,57.5,0.));
#12227=CARTESIAN_POINT('',(14.1,57.5,0.));
#12228=CARTESIAN_POINT('',(14.1,57.5,14.9));
#12229=CARTESIAN_POINT('Origin',(14.4,55.25,14.9));
#12230=CARTESIAN_POINT('Origin',(14.4,55.25,0.));
#12231=CARTESIAN_POINT('Origin',(36.4,52.,0.));
#12232=CARTESIAN_POINT('',(30.4,52.,14.5));
#12233=CARTESIAN_POINT('Origin',(36.4,52.,14.5));
#12234=CARTESIAN_POINT('',(30.4,52.,0.));
#12235=CARTESIAN_POINT('',(30.4,52.,0.));
#12236=CARTESIAN_POINT('Origin',(36.4,52.,0.));
#12237=CARTESIAN_POINT('Origin',(36.4,52.,14.5));
#12238=CARTESIAN_POINT('Origin',(36.4,52.,0.));
#12239=CARTESIAN_POINT('Origin',(36.7,57.5,0.));
#12240=CARTESIAN_POINT('',(36.7,57.5,0.));
#12241=CARTESIAN_POINT('',(36.1,57.5,0.));
#12242=CARTESIAN_POINT('',(36.7,57.5,0.));
#12243=CARTESIAN_POINT('',(36.1,57.5,14.9));
#12244=CARTESIAN_POINT('',(36.1,57.5,0.));
#12245=CARTESIAN_POINT('',(36.7,57.5,14.9));
#12246=CARTESIAN_POINT('',(36.7,57.5,14.9));
#12247=CARTESIAN_POINT('',(36.7,57.5,0.));
#12248=CARTESIAN_POINT('Origin',(36.7,53.,0.));
#12249=CARTESIAN_POINT('',(36.7,53.,0.));
#12250=CARTESIAN_POINT('',(36.7,53.,0.));
#12251=CARTESIAN_POINT('',(36.7,53.,14.9));
#12252=CARTESIAN_POINT('',(36.7,53.,14.9));
#12253=CARTESIAN_POINT('',(36.7,53.,0.));
#12254=CARTESIAN_POINT('Origin',(36.1,53.,0.));
#12255=CARTESIAN_POINT('',(36.1,53.,0.));
#12256=CARTESIAN_POINT('',(36.1,53.,0.));
#12257=CARTESIAN_POINT('',(36.1,53.,14.9));
#12258=CARTESIAN_POINT('',(36.1,53.,14.9));
#12259=CARTESIAN_POINT('',(36.1,53.,0.));
#12260=CARTESIAN_POINT('Origin',(36.1,57.5,0.));
#12261=CARTESIAN_POINT('',(36.1,57.5,0.));
#12262=CARTESIAN_POINT('',(36.1,57.5,14.9));
#12263=CARTESIAN_POINT('Origin',(36.4,55.25,14.9));
#12264=CARTESIAN_POINT('Origin',(36.4,55.25,0.));
#12265=CARTESIAN_POINT('Origin',(7.,32.,0.));
#12266=CARTESIAN_POINT('',(5.2,32.,0.));
#12267=CARTESIAN_POINT('Origin',(7.,32.,0.));
#12268=CARTESIAN_POINT('',(5.2,32.,4.5));
#12269=CARTESIAN_POINT('',(5.2,32.,0.));
#12270=CARTESIAN_POINT('Origin',(7.,32.,4.5));
#12271=CARTESIAN_POINT('Origin',(7.,32.,0.));
#12272=CARTESIAN_POINT('',(3.,32.,4.5));
#12273=CARTESIAN_POINT('Origin',(7.,32.,4.5));
#12274=CARTESIAN_POINT('',(3.,32.,0.));
#12275=CARTESIAN_POINT('',(3.,32.,0.));
#12276=CARTESIAN_POINT('Origin',(7.,32.,0.));
#12277=CARTESIAN_POINT('Origin',(7.,32.,4.5));
#12278=CARTESIAN_POINT('Origin',(7.,32.,0.));
#12279=CARTESIAN_POINT('Origin',(7.,16.,0.));
#12280=CARTESIAN_POINT('',(5.2,16.,0.));
#12281=CARTESIAN_POINT('Origin',(7.,16.,0.));
#12282=CARTESIAN_POINT('',(5.2,16.,4.5));
#12283=CARTESIAN_POINT('',(5.2,16.,0.));
#12284=CARTESIAN_POINT('Origin',(7.,16.,4.5));
#12285=CARTESIAN_POINT('Origin',(7.,16.,0.));
#12286=CARTESIAN_POINT('',(3.,16.,4.5));
#12287=CARTESIAN_POINT('Origin',(7.,16.,4.5));
#12288=CARTESIAN_POINT('',(3.,16.,0.));
#12289=CARTESIAN_POINT('',(3.,16.,0.));
#12290=CARTESIAN_POINT('Origin',(7.,16.,0.));
#12291=CARTESIAN_POINT('Origin',(7.,16.,4.5));
#12292=CARTESIAN_POINT('Origin',(7.,16.,0.));
#12293=CARTESIAN_POINT('Origin',(19.2666666666667,32.,0.));
#12294=CARTESIAN_POINT('',(17.4666666666667,32.,0.));
#12295=CARTESIAN_POINT('Origin',(19.2666666666667,32.,0.));
#12296=CARTESIAN_POINT('',(17.4666666666667,32.,4.5));
#12297=CARTESIAN_POINT('',(17.4666666666667,32.,0.));
#12298=CARTESIAN_POINT('Origin',(19.2666666666667,32.,4.5));
#12299=CARTESIAN_POINT('Origin',(19.2666666666667,32.,0.));
#12300=CARTESIAN_POINT('',(15.2666666666667,32.,4.5));
#12301=CARTESIAN_POINT('Origin',(19.2666666666667,32.,4.5));
#12302=CARTESIAN_POINT('',(15.2666666666667,32.,0.));
#12303=CARTESIAN_POINT('',(15.2666666666667,32.,0.));
#12304=CARTESIAN_POINT('Origin',(19.2666666666667,32.,0.));
#12305=CARTESIAN_POINT('Origin',(19.2666666666667,32.,4.5));
#12306=CARTESIAN_POINT('Origin',(19.2666666666667,32.,0.));
#12307=CARTESIAN_POINT('Origin',(19.2666666666667,16.,0.));
#12308=CARTESIAN_POINT('',(17.4666666666667,16.,0.));
#12309=CARTESIAN_POINT('Origin',(19.2666666666667,16.,0.));
#12310=CARTESIAN_POINT('',(17.4666666666667,16.,4.5));
#12311=CARTESIAN_POINT('',(17.4666666666667,16.,0.));
#12312=CARTESIAN_POINT('Origin',(19.2666666666667,16.,4.5));
#12313=CARTESIAN_POINT('Origin',(19.2666666666667,16.,0.));
#12314=CARTESIAN_POINT('',(15.2666666666667,16.,4.5));
#12315=CARTESIAN_POINT('Origin',(19.2666666666667,16.,4.5));
#12316=CARTESIAN_POINT('',(15.2666666666667,16.,0.));
#12317=CARTESIAN_POINT('',(15.2666666666667,16.,0.));
#12318=CARTESIAN_POINT('Origin',(19.2666666666667,16.,0.));
#12319=CARTESIAN_POINT('Origin',(19.2666666666667,16.,4.5));
#12320=CARTESIAN_POINT('Origin',(19.2666666666667,16.,0.));
#12321=CARTESIAN_POINT('Origin',(31.5333333333333,32.,0.));
#12322=CARTESIAN_POINT('',(29.7333333333333,32.,0.));
#12323=CARTESIAN_POINT('Origin',(31.5333333333333,32.,0.));
#12324=CARTESIAN_POINT('',(29.7333333333333,32.,4.5));
#12325=CARTESIAN_POINT('',(29.7333333333333,32.,0.));
#12326=CARTESIAN_POINT('Origin',(31.5333333333333,32.,4.5));
#12327=CARTESIAN_POINT('Origin',(31.5333333333333,32.,0.));
#12328=CARTESIAN_POINT('',(27.5333333333333,32.,4.5));
#12329=CARTESIAN_POINT('Origin',(31.5333333333333,32.,4.5));
#12330=CARTESIAN_POINT('',(27.5333333333333,32.,0.));
#12331=CARTESIAN_POINT('',(27.5333333333333,32.,0.));
#12332=CARTESIAN_POINT('Origin',(31.5333333333333,32.,0.));
#12333=CARTESIAN_POINT('Origin',(31.5333333333333,32.,4.5));
#12334=CARTESIAN_POINT('Origin',(31.5333333333333,32.,0.));
#12335=CARTESIAN_POINT('Origin',(31.5333333333333,16.,0.));
#12336=CARTESIAN_POINT('',(29.7333333333333,16.,0.));
#12337=CARTESIAN_POINT('Origin',(31.5333333333333,16.,0.));
#12338=CARTESIAN_POINT('',(29.7333333333333,16.,4.5));
#12339=CARTESIAN_POINT('',(29.7333333333333,16.,0.));
#12340=CARTESIAN_POINT('Origin',(31.5333333333333,16.,4.5));
#12341=CARTESIAN_POINT('Origin',(31.5333333333333,16.,0.));
#12342=CARTESIAN_POINT('',(27.5333333333333,16.,4.5));
#12343=CARTESIAN_POINT('Origin',(31.5333333333333,16.,4.5));
#12344=CARTESIAN_POINT('',(27.5333333333333,16.,0.));
#12345=CARTESIAN_POINT('',(27.5333333333333,16.,0.));
#12346=CARTESIAN_POINT('Origin',(31.5333333333333,16.,0.));
#12347=CARTESIAN_POINT('Origin',(31.5333333333333,16.,4.5));
#12348=CARTESIAN_POINT('Origin',(31.5333333333333,16.,0.));
#12349=CARTESIAN_POINT('Origin',(43.8,32.,0.));
#12350=CARTESIAN_POINT('',(42.,32.,0.));
#12351=CARTESIAN_POINT('Origin',(43.8,32.,0.));
#12352=CARTESIAN_POINT('',(42.,32.,4.5));
#12353=CARTESIAN_POINT('',(42.,32.,0.));
#12354=CARTESIAN_POINT('Origin',(43.8,32.,4.5));
#12355=CARTESIAN_POINT('Origin',(43.8,32.,0.));
#12356=CARTESIAN_POINT('',(39.8,32.,4.5));
#12357=CARTESIAN_POINT('Origin',(43.8,32.,4.5));
#12358=CARTESIAN_POINT('',(39.8,32.,0.));
#12359=CARTESIAN_POINT('',(39.8,32.,0.));
#12360=CARTESIAN_POINT('Origin',(43.8,32.,0.));
#12361=CARTESIAN_POINT('Origin',(43.8,32.,4.5));
#12362=CARTESIAN_POINT('Origin',(43.8,32.,0.));
#12363=CARTESIAN_POINT('Origin',(43.8,16.,0.));
#12364=CARTESIAN_POINT('',(42.,16.,0.));
#12365=CARTESIAN_POINT('Origin',(43.8,16.,0.));
#12366=CARTESIAN_POINT('',(42.,16.,4.5));
#12367=CARTESIAN_POINT('',(42.,16.,0.));
#12368=CARTESIAN_POINT('Origin',(43.8,16.,4.5));
#12369=CARTESIAN_POINT('Origin',(43.8,16.,0.));
#12370=CARTESIAN_POINT('',(39.8,16.,4.5));
#12371=CARTESIAN_POINT('Origin',(43.8,16.,4.5));
#12372=CARTESIAN_POINT('',(39.8,16.,0.));
#12373=CARTESIAN_POINT('',(39.8,16.,0.));
#12374=CARTESIAN_POINT('Origin',(43.8,16.,0.));
#12375=CARTESIAN_POINT('Origin',(43.8,16.,4.5));
#12376=CARTESIAN_POINT('Origin',(43.8,16.,0.));
#12377=CARTESIAN_POINT('Origin',(84.44,11.,0.));
#12378=CARTESIAN_POINT('',(82.64,11.,0.));
#12379=CARTESIAN_POINT('Origin',(84.44,11.,0.));
#12380=CARTESIAN_POINT('',(82.64,11.,2.));
#12381=CARTESIAN_POINT('',(82.64,11.,0.));
#12382=CARTESIAN_POINT('Origin',(84.44,11.,2.));
#12383=CARTESIAN_POINT('Origin',(84.44,23.,0.));
#12384=CARTESIAN_POINT('',(82.64,23.,0.));
#12385=CARTESIAN_POINT('Origin',(84.44,23.,0.));
#12386=CARTESIAN_POINT('',(82.64,23.,2.));
#12387=CARTESIAN_POINT('',(82.64,23.,0.));
#12388=CARTESIAN_POINT('Origin',(84.44,23.,2.));
#12389=CARTESIAN_POINT('Origin',(71.12,11.,0.));
#12390=CARTESIAN_POINT('',(69.32,11.,0.));
#12391=CARTESIAN_POINT('Origin',(71.12,11.,0.));
#12392=CARTESIAN_POINT('',(69.32,11.,2.));
#12393=CARTESIAN_POINT('',(69.32,11.,0.));
#12394=CARTESIAN_POINT('Origin',(71.12,11.,2.));
#12395=CARTESIAN_POINT('Origin',(71.12,23.,0.));
#12396=CARTESIAN_POINT('',(69.32,23.,0.));
#12397=CARTESIAN_POINT('Origin',(71.12,23.,0.));
#12398=CARTESIAN_POINT('',(69.32,23.,2.));
#12399=CARTESIAN_POINT('',(69.32,23.,0.));
#12400=CARTESIAN_POINT('Origin',(71.12,23.,2.));
#12401=CARTESIAN_POINT('Origin',(57.8,11.,0.));
#12402=CARTESIAN_POINT('',(56.,11.,0.));
#12403=CARTESIAN_POINT('Origin',(57.8,11.,0.));
#12404=CARTESIAN_POINT('',(56.,11.,2.));
#12405=CARTESIAN_POINT('',(56.,11.,0.));
#12406=CARTESIAN_POINT('Origin',(57.8,11.,2.));
#12407=CARTESIAN_POINT('Origin',(57.8,23.,0.));
#12408=CARTESIAN_POINT('',(56.,23.,0.));
#12409=CARTESIAN_POINT('Origin',(57.8,23.,0.));
#12410=CARTESIAN_POINT('',(56.,23.,2.));
#12411=CARTESIAN_POINT('',(56.,23.,0.));
#12412=CARTESIAN_POINT('Origin',(57.8,23.,2.));
#12413=CARTESIAN_POINT('Origin',(83.94,125.5,0.));
#12414=CARTESIAN_POINT('',(82.34,125.5,2.));
#12415=CARTESIAN_POINT('Origin',(83.94,125.5,2.));
#12416=CARTESIAN_POINT('',(82.34,125.5,0.));
#12417=CARTESIAN_POINT('',(82.34,125.5,0.));
#12418=CARTESIAN_POINT('Origin',(83.94,125.5,0.));
#12419=CARTESIAN_POINT('Origin',(83.94,3.,0.));
#12420=CARTESIAN_POINT('',(82.34,3.00000000000001,2.));
#12421=CARTESIAN_POINT('Origin',(83.94,3.,2.));
#12422=CARTESIAN_POINT('',(82.34,3.,0.));
#12423=CARTESIAN_POINT('',(82.34,3.,0.));
#12424=CARTESIAN_POINT('Origin',(83.94,3.,0.));
#12425=CARTESIAN_POINT('Origin',(58.3,125.5,0.));
#12426=CARTESIAN_POINT('',(56.7,125.5,2.));
#12427=CARTESIAN_POINT('Origin',(58.3,125.5,2.));
#12428=CARTESIAN_POINT('',(56.7,125.5,0.));
#12429=CARTESIAN_POINT('',(56.7,125.5,0.));
#12430=CARTESIAN_POINT('Origin',(58.3,125.5,0.));
#12431=CARTESIAN_POINT('Origin',(58.3,3.,0.));
#12432=CARTESIAN_POINT('',(56.7,3.00000000000001,2.));
#12433=CARTESIAN_POINT('Origin',(58.3,3.,2.));
#12434=CARTESIAN_POINT('',(56.7,3.,0.));
#12435=CARTESIAN_POINT('',(56.7,3.,0.));
#12436=CARTESIAN_POINT('Origin',(58.3,3.,0.));
#12437=CARTESIAN_POINT('Origin',(91.34,128.4,0.));
#12438=CARTESIAN_POINT('',(91.34,128.4,0.));
#12439=CARTESIAN_POINT('',(50.9,128.4,0.));
#12440=CARTESIAN_POINT('',(91.34,128.4,0.));
#12441=CARTESIAN_POINT('',(50.9,128.4,2.));
#12442=CARTESIAN_POINT('',(50.9,128.4,0.));
#12443=CARTESIAN_POINT('',(91.34,128.4,2.));
#12444=CARTESIAN_POINT('',(91.34,128.4,2.));
#12445=CARTESIAN_POINT('',(91.34,128.4,0.));
#12446=CARTESIAN_POINT('Origin',(91.34,0.1,0.));
#12447=CARTESIAN_POINT('',(91.34,0.1,0.));
#12448=CARTESIAN_POINT('',(91.34,0.1,0.));
#12449=CARTESIAN_POINT('',(91.34,0.0999999999999979,2.));
#12450=CARTESIAN_POINT('',(91.34,0.1,2.));
#12451=CARTESIAN_POINT('',(91.34,0.1,0.));
#12452=CARTESIAN_POINT('Origin',(50.9,0.1,0.));
#12453=CARTESIAN_POINT('',(50.9,0.0999999999999979,0.));
#12454=CARTESIAN_POINT('',(50.9,0.1,0.));
#12455=CARTESIAN_POINT('',(50.9,0.0999999999999979,2.));
#12456=CARTESIAN_POINT('',(50.9,0.1,2.));
#12457=CARTESIAN_POINT('',(50.9,0.0999999999999979,0.));
#12458=CARTESIAN_POINT('Origin',(50.9,128.4,0.));
#12459=CARTESIAN_POINT('',(50.9,128.4,0.));
#12460=CARTESIAN_POINT('',(50.9,128.4,2.));
#12461=CARTESIAN_POINT('Origin',(71.12,64.25,2.));
#12462=CARTESIAN_POINT('Origin',(71.12,64.25,0.));
#12463=CARTESIAN_POINT('Origin',(86.62,108.5,0.));
#12464=CARTESIAN_POINT('',(86.62,108.5,0.));
#12465=CARTESIAN_POINT('',(55.62,108.5,0.));
#12466=CARTESIAN_POINT('',(86.62,108.5,0.));
#12467=CARTESIAN_POINT('',(55.62,108.5,3.2));
#12468=CARTESIAN_POINT('',(55.62,108.5,0.));
#12469=CARTESIAN_POINT('',(86.62,108.5,3.2));
#12470=CARTESIAN_POINT('',(86.62,108.5,3.2));
#12471=CARTESIAN_POINT('',(86.62,108.5,0.));
#12472=CARTESIAN_POINT('Origin',(86.62,87.5,0.));
#12473=CARTESIAN_POINT('',(86.62,87.5,0.));
#12474=CARTESIAN_POINT('',(86.62,87.5,0.));
#12475=CARTESIAN_POINT('',(86.62,87.5,3.2));
#12476=CARTESIAN_POINT('',(86.62,87.5,3.2));
#12477=CARTESIAN_POINT('',(86.62,87.5,0.));
#12478=CARTESIAN_POINT('Origin',(55.62,87.5,0.));
#12479=CARTESIAN_POINT('',(55.62,87.5,0.));
#12480=CARTESIAN_POINT('',(55.62,87.5,0.));
#12481=CARTESIAN_POINT('',(55.62,87.5,3.2));
#12482=CARTESIAN_POINT('',(55.62,87.5,3.2));
#12483=CARTESIAN_POINT('',(55.62,87.5,0.));
#12484=CARTESIAN_POINT('Origin',(55.62,108.5,0.));
#12485=CARTESIAN_POINT('',(55.62,108.5,0.));
#12486=CARTESIAN_POINT('',(55.62,108.5,3.2));
#12487=CARTESIAN_POINT('Origin',(71.12,98.,3.2));
#12488=CARTESIAN_POINT('Origin',(71.12,98.,0.));
#12489=CARTESIAN_POINT('Origin',(85.12,107.,0.));
#12490=CARTESIAN_POINT('',(85.12,107.,0.));
#12491=CARTESIAN_POINT('',(57.12,107.,0.));
#12492=CARTESIAN_POINT('',(85.12,107.,0.));
#12493=CARTESIAN_POINT('',(57.12,107.,2.6));
#12494=CARTESIAN_POINT('',(57.12,107.,0.));
#12495=CARTESIAN_POINT('',(85.12,107.,2.6));
#12496=CARTESIAN_POINT('',(85.12,107.,2.6));
#12497=CARTESIAN_POINT('',(85.12,107.,0.));
#12498=CARTESIAN_POINT('Origin',(85.12,89.,0.));
#12499=CARTESIAN_POINT('',(85.12,89.,0.));
#12500=CARTESIAN_POINT('',(85.12,89.,0.));
#12501=CARTESIAN_POINT('',(85.12,89.,2.6));
#12502=CARTESIAN_POINT('',(85.12,89.,2.6));
#12503=CARTESIAN_POINT('',(85.12,89.,0.));
#12504=CARTESIAN_POINT('Origin',(57.12,89.,0.));
#12505=CARTESIAN_POINT('',(57.12,89.,0.));
#12506=CARTESIAN_POINT('',(57.12,89.,0.));
#12507=CARTESIAN_POINT('',(57.12,89.,2.6));
#12508=CARTESIAN_POINT('',(57.12,89.,2.6));
#12509=CARTESIAN_POINT('',(57.12,89.,0.));
#12510=CARTESIAN_POINT('Origin',(57.12,107.,0.));
#12511=CARTESIAN_POINT('',(57.12,107.,0.));
#12512=CARTESIAN_POINT('',(57.12,107.,2.6));
#12513=CARTESIAN_POINT('Origin',(71.12,98.,2.6));
#12514=CARTESIAN_POINT('Origin',(71.12,98.,0.));
#12515=CARTESIAN_POINT('Origin',(71.12,64.,0.));
#12516=CARTESIAN_POINT('',(63.12,64.,14.5));
#12517=CARTESIAN_POINT('Origin',(71.12,64.,14.5));
#12518=CARTESIAN_POINT('',(63.12,64.,0.));
#12519=CARTESIAN_POINT('',(63.12,64.,0.));
#12520=CARTESIAN_POINT('Origin',(71.12,64.,0.));
#12521=CARTESIAN_POINT('Origin',(71.12,64.,14.5));
#12522=CARTESIAN_POINT('Origin',(71.12,64.,0.));
#12523=CARTESIAN_POINT('Origin',(71.42,71.5,0.));
#12524=CARTESIAN_POINT('',(71.42,71.5,0.));
#12525=CARTESIAN_POINT('',(70.82,71.5,0.));
#12526=CARTESIAN_POINT('',(71.42,71.5,0.));
#12527=CARTESIAN_POINT('',(70.82,71.5,14.9));
#12528=CARTESIAN_POINT('',(70.82,71.5,0.));
#12529=CARTESIAN_POINT('',(71.42,71.5,14.9));
#12530=CARTESIAN_POINT('',(71.42,71.5,14.9));
#12531=CARTESIAN_POINT('',(71.42,71.5,0.));
#12532=CARTESIAN_POINT('Origin',(71.42,65.,0.));
#12533=CARTESIAN_POINT('',(71.42,65.,0.));
#12534=CARTESIAN_POINT('',(71.42,65.,0.));
#12535=CARTESIAN_POINT('',(71.42,65.,14.9));
#12536=CARTESIAN_POINT('',(71.42,65.,14.9));
#12537=CARTESIAN_POINT('',(71.42,65.,0.));
#12538=CARTESIAN_POINT('Origin',(70.82,65.,0.));
#12539=CARTESIAN_POINT('',(70.82,65.,0.));
#12540=CARTESIAN_POINT('',(70.82,65.,0.));
#12541=CARTESIAN_POINT('',(70.82,65.,14.9));
#12542=CARTESIAN_POINT('',(70.82,65.,14.9));
#12543=CARTESIAN_POINT('',(70.82,65.,0.));
#12544=CARTESIAN_POINT('Origin',(70.82,71.5,0.));
#12545=CARTESIAN_POINT('',(70.82,71.5,0.));
#12546=CARTESIAN_POINT('',(70.82,71.5,14.9));
#12547=CARTESIAN_POINT('Origin',(71.12,68.25,14.9));
#12548=CARTESIAN_POINT('Origin',(71.12,68.25,0.));
#12549=CARTESIAN_POINT('Origin',(62.12,38.,0.));
#12550=CARTESIAN_POINT('',(56.62,38.,14.5));
#12551=CARTESIAN_POINT('Origin',(62.12,38.,14.5));
#12552=CARTESIAN_POINT('',(56.62,38.,0.));
#12553=CARTESIAN_POINT('',(56.62,38.,0.));
#12554=CARTESIAN_POINT('Origin',(62.12,38.,0.));
#12555=CARTESIAN_POINT('Origin',(62.12,38.,14.5));
#12556=CARTESIAN_POINT('Origin',(62.12,38.,0.));
#12557=CARTESIAN_POINT('Origin',(62.42,43.,0.));
#12558=CARTESIAN_POINT('',(62.42,43.,0.));
#12559=CARTESIAN_POINT('',(61.82,43.,0.));
#12560=CARTESIAN_POINT('',(62.42,43.,0.));
#12561=CARTESIAN_POINT('',(61.82,43.,14.9));
#12562=CARTESIAN_POINT('',(61.82,43.,0.));
#12563=CARTESIAN_POINT('',(62.42,43.,14.9));
#12564=CARTESIAN_POINT('',(62.42,43.,14.9));
#12565=CARTESIAN_POINT('',(62.42,43.,0.));
#12566=CARTESIAN_POINT('Origin',(62.42,39.,0.));
#12567=CARTESIAN_POINT('',(62.42,39.,0.));
#12568=CARTESIAN_POINT('',(62.42,39.,0.));
#12569=CARTESIAN_POINT('',(62.42,39.,14.9));
#12570=CARTESIAN_POINT('',(62.42,39.,14.9));
#12571=CARTESIAN_POINT('',(62.42,39.,0.));
#12572=CARTESIAN_POINT('Origin',(61.82,39.,0.));
#12573=CARTESIAN_POINT('',(61.82,39.,0.));
#12574=CARTESIAN_POINT('',(61.82,39.,0.));
#12575=CARTESIAN_POINT('',(61.82,39.,14.9));
#12576=CARTESIAN_POINT('',(61.82,39.,14.9));
#12577=CARTESIAN_POINT('',(61.82,39.,0.));
#12578=CARTESIAN_POINT('Origin',(61.82,43.,0.));
#12579=CARTESIAN_POINT('',(61.82,43.,0.));
#12580=CARTESIAN_POINT('',(61.82,43.,14.9));
#12581=CARTESIAN_POINT('Origin',(62.12,41.,14.9));
#12582=CARTESIAN_POINT('Origin',(62.12,41.,0.));
#12583=CARTESIAN_POINT('Origin',(80.12,38.,0.));
#12584=CARTESIAN_POINT('',(74.62,38.,14.5));
#12585=CARTESIAN_POINT('Origin',(80.12,38.,14.5));
#12586=CARTESIAN_POINT('',(74.62,38.,0.));
#12587=CARTESIAN_POINT('',(74.62,38.,0.));
#12588=CARTESIAN_POINT('Origin',(80.12,38.,0.));
#12589=CARTESIAN_POINT('Origin',(80.12,38.,14.5));
#12590=CARTESIAN_POINT('Origin',(80.12,38.,0.));
#12591=CARTESIAN_POINT('Origin',(80.42,43.,0.));
#12592=CARTESIAN_POINT('',(80.42,43.,0.));
#12593=CARTESIAN_POINT('',(79.82,43.,0.));
#12594=CARTESIAN_POINT('',(80.42,43.,0.));
#12595=CARTESIAN_POINT('',(79.82,43.,14.9));
#12596=CARTESIAN_POINT('',(79.82,43.,0.));
#12597=CARTESIAN_POINT('',(80.42,43.,14.9));
#12598=CARTESIAN_POINT('',(80.42,43.,14.9));
#12599=CARTESIAN_POINT('',(80.42,43.,0.));
#12600=CARTESIAN_POINT('Origin',(80.42,39.,0.));
#12601=CARTESIAN_POINT('',(80.42,39.,0.));
#12602=CARTESIAN_POINT('',(80.42,39.,0.));
#12603=CARTESIAN_POINT('',(80.42,39.,14.9));
#12604=CARTESIAN_POINT('',(80.42,39.,14.9));
#12605=CARTESIAN_POINT('',(80.42,39.,0.));
#12606=CARTESIAN_POINT('Origin',(79.82,39.,0.));
#12607=CARTESIAN_POINT('',(79.82,39.,0.));
#12608=CARTESIAN_POINT('',(79.82,39.,0.));
#12609=CARTESIAN_POINT('',(79.82,39.,14.9));
#12610=CARTESIAN_POINT('',(79.82,39.,14.9));
#12611=CARTESIAN_POINT('',(79.82,39.,0.));
#12612=CARTESIAN_POINT('Origin',(79.82,43.,0.));
#12613=CARTESIAN_POINT('',(79.82,43.,0.));
#12614=CARTESIAN_POINT('',(79.82,43.,14.9));
#12615=CARTESIAN_POINT('Origin',(80.12,41.,14.9));
#12616=CARTESIAN_POINT('Origin',(80.12,41.,0.));
#12617=CARTESIAN_POINT('Origin',(57.8,23.,0.));
#12618=CARTESIAN_POINT('',(56.,23.,0.));
#12619=CARTESIAN_POINT('Origin',(57.8,23.,0.));
#12620=CARTESIAN_POINT('',(56.,23.,4.5));
#12621=CARTESIAN_POINT('',(56.,23.,0.));
#12622=CARTESIAN_POINT('Origin',(57.8,23.,4.5));
#12623=CARTESIAN_POINT('Origin',(57.8,23.,0.));
#12624=CARTESIAN_POINT('',(53.8,23.,4.5));
#12625=CARTESIAN_POINT('Origin',(57.8,23.,4.5));
#12626=CARTESIAN_POINT('',(53.8,23.,0.));
#12627=CARTESIAN_POINT('',(53.8,23.,0.));
#12628=CARTESIAN_POINT('Origin',(57.8,23.,0.));
#12629=CARTESIAN_POINT('Origin',(57.8,23.,4.5));
#12630=CARTESIAN_POINT('Origin',(57.8,23.,0.));
#12631=CARTESIAN_POINT('Origin',(57.8,11.,0.));
#12632=CARTESIAN_POINT('',(56.,11.,0.));
#12633=CARTESIAN_POINT('Origin',(57.8,11.,0.));
#12634=CARTESIAN_POINT('',(56.,11.,4.5));
#12635=CARTESIAN_POINT('',(56.,11.,0.));
#12636=CARTESIAN_POINT('Origin',(57.8,11.,4.5));
#12637=CARTESIAN_POINT('Origin',(57.8,11.,0.));
#12638=CARTESIAN_POINT('',(53.8,11.,4.5));
#12639=CARTESIAN_POINT('Origin',(57.8,11.,4.5));
#12640=CARTESIAN_POINT('',(53.8,11.,0.));
#12641=CARTESIAN_POINT('',(53.8,11.,0.));
#12642=CARTESIAN_POINT('Origin',(57.8,11.,0.));
#12643=CARTESIAN_POINT('Origin',(57.8,11.,4.5));
#12644=CARTESIAN_POINT('Origin',(57.8,11.,0.));
#12645=CARTESIAN_POINT('Origin',(71.12,23.,0.));
#12646=CARTESIAN_POINT('',(69.32,23.,0.));
#12647=CARTESIAN_POINT('Origin',(71.12,23.,0.));
#12648=CARTESIAN_POINT('',(69.32,23.,4.5));
#12649=CARTESIAN_POINT('',(69.32,23.,0.));
#12650=CARTESIAN_POINT('Origin',(71.12,23.,4.5));
#12651=CARTESIAN_POINT('Origin',(71.12,23.,0.));
#12652=CARTESIAN_POINT('',(67.12,23.,4.5));
#12653=CARTESIAN_POINT('Origin',(71.12,23.,4.5));
#12654=CARTESIAN_POINT('',(67.12,23.,0.));
#12655=CARTESIAN_POINT('',(67.12,23.,0.));
#12656=CARTESIAN_POINT('Origin',(71.12,23.,0.));
#12657=CARTESIAN_POINT('Origin',(71.12,23.,4.5));
#12658=CARTESIAN_POINT('Origin',(71.12,23.,0.));
#12659=CARTESIAN_POINT('Origin',(71.12,11.,0.));
#12660=CARTESIAN_POINT('',(69.32,11.,0.));
#12661=CARTESIAN_POINT('Origin',(71.12,11.,0.));
#12662=CARTESIAN_POINT('',(69.32,11.,4.5));
#12663=CARTESIAN_POINT('',(69.32,11.,0.));
#12664=CARTESIAN_POINT('Origin',(71.12,11.,4.5));
#12665=CARTESIAN_POINT('Origin',(71.12,11.,0.));
#12666=CARTESIAN_POINT('',(67.12,11.,4.5));
#12667=CARTESIAN_POINT('Origin',(71.12,11.,4.5));
#12668=CARTESIAN_POINT('',(67.12,11.,0.));
#12669=CARTESIAN_POINT('',(67.12,11.,0.));
#12670=CARTESIAN_POINT('Origin',(71.12,11.,0.));
#12671=CARTESIAN_POINT('Origin',(71.12,11.,4.5));
#12672=CARTESIAN_POINT('Origin',(71.12,11.,0.));
#12673=CARTESIAN_POINT('Origin',(84.44,23.,0.));
#12674=CARTESIAN_POINT('',(82.64,23.,0.));
#12675=CARTESIAN_POINT('Origin',(84.44,23.,0.));
#12676=CARTESIAN_POINT('',(82.64,23.,4.5));
#12677=CARTESIAN_POINT('',(82.64,23.,0.));
#12678=CARTESIAN_POINT('Origin',(84.44,23.,4.5));
#12679=CARTESIAN_POINT('Origin',(84.44,23.,0.));
#12680=CARTESIAN_POINT('',(80.44,23.,4.5));
#12681=CARTESIAN_POINT('Origin',(84.44,23.,4.5));
#12682=CARTESIAN_POINT('',(80.44,23.,0.));
#12683=CARTESIAN_POINT('',(80.44,23.,0.));
#12684=CARTESIAN_POINT('Origin',(84.44,23.,0.));
#12685=CARTESIAN_POINT('Origin',(84.44,23.,4.5));
#12686=CARTESIAN_POINT('Origin',(84.44,23.,0.));
#12687=CARTESIAN_POINT('Origin',(84.44,11.,0.));
#12688=CARTESIAN_POINT('',(82.64,11.,0.));
#12689=CARTESIAN_POINT('Origin',(84.44,11.,0.));
#12690=CARTESIAN_POINT('',(82.64,11.,4.5));
#12691=CARTESIAN_POINT('',(82.64,11.,0.));
#12692=CARTESIAN_POINT('Origin',(84.44,11.,4.5));
#12693=CARTESIAN_POINT('Origin',(84.44,11.,0.));
#12694=CARTESIAN_POINT('',(80.44,11.,4.5));
#12695=CARTESIAN_POINT('Origin',(84.44,11.,4.5));
#12696=CARTESIAN_POINT('',(80.44,11.,0.));
#12697=CARTESIAN_POINT('',(80.44,11.,0.));
#12698=CARTESIAN_POINT('Origin',(84.44,11.,0.));
#12699=CARTESIAN_POINT('Origin',(84.44,11.,4.5));
#12700=CARTESIAN_POINT('Origin',(84.44,11.,0.));
#12701=CARTESIAN_POINT('Origin',(121.76,12.,0.));
#12702=CARTESIAN_POINT('',(119.96,12.,0.));
#12703=CARTESIAN_POINT('Origin',(121.76,12.,0.));
#12704=CARTESIAN_POINT('',(119.96,12.,2.));
#12705=CARTESIAN_POINT('',(119.96,12.,0.));
#12706=CARTESIAN_POINT('Origin',(121.76,12.,2.));
#12707=CARTESIAN_POINT('Origin',(101.76,12.,0.));
#12708=CARTESIAN_POINT('',(99.96,12.,0.));
#12709=CARTESIAN_POINT('Origin',(101.76,12.,0.));
#12710=CARTESIAN_POINT('',(99.96,12.,2.));
#12711=CARTESIAN_POINT('',(99.96,12.,0.));
#12712=CARTESIAN_POINT('Origin',(101.76,12.,2.));
#12713=CARTESIAN_POINT('Origin',(121.76,24.,0.));
#12714=CARTESIAN_POINT('',(119.96,24.,0.));
#12715=CARTESIAN_POINT('Origin',(121.76,24.,0.));
#12716=CARTESIAN_POINT('',(119.96,24.,2.));
#12717=CARTESIAN_POINT('',(119.96,24.,0.));
#12718=CARTESIAN_POINT('Origin',(121.76,24.,2.));
#12719=CARTESIAN_POINT('Origin',(101.76,24.,0.));
#12720=CARTESIAN_POINT('',(99.96,24.,0.));
#12721=CARTESIAN_POINT('Origin',(101.76,24.,0.));
#12722=CARTESIAN_POINT('',(99.96,24.,2.));
#12723=CARTESIAN_POINT('',(99.96,24.,0.));
#12724=CARTESIAN_POINT('Origin',(101.76,24.,2.));
#12725=CARTESIAN_POINT('Origin',(124.58,125.5,0.));
#12726=CARTESIAN_POINT('',(122.98,125.5,2.));
#12727=CARTESIAN_POINT('Origin',(124.58,125.5,2.));
#12728=CARTESIAN_POINT('',(122.98,125.5,0.));
#12729=CARTESIAN_POINT('',(122.98,125.5,0.));
#12730=CARTESIAN_POINT('Origin',(124.58,125.5,0.));
#12731=CARTESIAN_POINT('Origin',(124.58,3.,0.));
#12732=CARTESIAN_POINT('',(122.98,3.00000000000001,2.));
#12733=CARTESIAN_POINT('Origin',(124.58,3.,2.));
#12734=CARTESIAN_POINT('',(122.98,3.,0.));
#12735=CARTESIAN_POINT('',(122.98,3.,0.));
#12736=CARTESIAN_POINT('Origin',(124.58,3.,0.));
#12737=CARTESIAN_POINT('Origin',(98.94,125.5,0.));
#12738=CARTESIAN_POINT('',(97.34,125.5,2.));
#12739=CARTESIAN_POINT('Origin',(98.94,125.5,2.));
#12740=CARTESIAN_POINT('',(97.34,125.5,0.));
#12741=CARTESIAN_POINT('',(97.34,125.5,0.));
#12742=CARTESIAN_POINT('Origin',(98.94,125.5,0.));
#12743=CARTESIAN_POINT('Origin',(98.94,3.,0.));
#12744=CARTESIAN_POINT('',(97.34,3.00000000000001,2.));
#12745=CARTESIAN_POINT('Origin',(98.94,3.,2.));
#12746=CARTESIAN_POINT('',(97.34,3.,0.));
#12747=CARTESIAN_POINT('',(97.34,3.,0.));
#12748=CARTESIAN_POINT('Origin',(98.94,3.,0.));
#12749=CARTESIAN_POINT('Origin',(131.98,128.4,0.));
#12750=CARTESIAN_POINT('',(131.98,128.4,0.));
#12751=CARTESIAN_POINT('',(91.54,128.4,0.));
#12752=CARTESIAN_POINT('',(131.98,128.4,0.));
#12753=CARTESIAN_POINT('',(91.54,128.4,2.));
#12754=CARTESIAN_POINT('',(91.54,128.4,0.));
#12755=CARTESIAN_POINT('',(131.98,128.4,2.));
#12756=CARTESIAN_POINT('',(131.98,128.4,2.));
#12757=CARTESIAN_POINT('',(131.98,128.4,0.));
#12758=CARTESIAN_POINT('Origin',(131.98,0.1,0.));
#12759=CARTESIAN_POINT('',(131.98,0.1,0.));
#12760=CARTESIAN_POINT('',(131.98,0.1,0.));
#12761=CARTESIAN_POINT('',(131.98,0.0999999999999979,2.));
#12762=CARTESIAN_POINT('',(131.98,0.1,2.));
#12763=CARTESIAN_POINT('',(131.98,0.1,0.));
#12764=CARTESIAN_POINT('Origin',(91.54,0.1,0.));
#12765=CARTESIAN_POINT('',(91.54,0.0999999999999979,0.));
#12766=CARTESIAN_POINT('',(91.54,0.1,0.));
#12767=CARTESIAN_POINT('',(91.54,0.0999999999999979,2.));
#12768=CARTESIAN_POINT('',(91.54,0.1,2.));
#12769=CARTESIAN_POINT('',(91.54,0.0999999999999979,0.));
#12770=CARTESIAN_POINT('Origin',(91.54,128.4,0.));
#12771=CARTESIAN_POINT('',(91.54,128.4,0.));
#12772=CARTESIAN_POINT('',(91.54,128.4,2.));
#12773=CARTESIAN_POINT('Origin',(111.76,64.25,2.));
#12774=CARTESIAN_POINT('Origin',(111.76,64.25,0.));
#12775=CARTESIAN_POINT('Origin',(111.76,78.,0.));
#12776=CARTESIAN_POINT('',(103.26,78.,14.5));
#12777=CARTESIAN_POINT('Origin',(111.76,78.,14.5));
#12778=CARTESIAN_POINT('',(103.26,78.,0.));
#12779=CARTESIAN_POINT('',(103.26,78.,0.));
#12780=CARTESIAN_POINT('Origin',(111.76,78.,0.));
#12781=CARTESIAN_POINT('Origin',(111.76,78.,14.5));
#12782=CARTESIAN_POINT('Origin',(111.76,78.,0.));
#12783=CARTESIAN_POINT('Origin',(112.06,86.,0.));
#12784=CARTESIAN_POINT('',(112.06,86.,0.));
#12785=CARTESIAN_POINT('',(111.46,86.,0.));
#12786=CARTESIAN_POINT('',(112.06,86.,0.));
#12787=CARTESIAN_POINT('',(111.46,86.,14.9));
#12788=CARTESIAN_POINT('',(111.46,86.,0.));
#12789=CARTESIAN_POINT('',(112.06,86.,14.9));
#12790=CARTESIAN_POINT('',(112.06,86.,14.9));
#12791=CARTESIAN_POINT('',(112.06,86.,0.));
#12792=CARTESIAN_POINT('Origin',(112.06,79.,0.));
#12793=CARTESIAN_POINT('',(112.06,79.,0.));
#12794=CARTESIAN_POINT('',(112.06,79.,0.));
#12795=CARTESIAN_POINT('',(112.06,79.,14.9));
#12796=CARTESIAN_POINT('',(112.06,79.,14.9));
#12797=CARTESIAN_POINT('',(112.06,79.,0.));
#12798=CARTESIAN_POINT('Origin',(111.46,79.,0.));
#12799=CARTESIAN_POINT('',(111.46,79.,0.));
#12800=CARTESIAN_POINT('',(111.46,79.,0.));
#12801=CARTESIAN_POINT('',(111.46,79.,14.9));
#12802=CARTESIAN_POINT('',(111.46,79.,14.9));
#12803=CARTESIAN_POINT('',(111.46,79.,0.));
#12804=CARTESIAN_POINT('Origin',(111.46,86.,0.));
#12805=CARTESIAN_POINT('',(111.46,86.,0.));
#12806=CARTESIAN_POINT('',(111.46,86.,14.9));
#12807=CARTESIAN_POINT('Origin',(111.76,82.5,14.9));
#12808=CARTESIAN_POINT('Origin',(111.76,82.5,0.));
#12809=CARTESIAN_POINT('Origin',(102.76,44.,0.));
#12810=CARTESIAN_POINT('',(97.26,44.,14.5));
#12811=CARTESIAN_POINT('Origin',(102.76,44.,14.5));
#12812=CARTESIAN_POINT('',(97.26,44.,0.));
#12813=CARTESIAN_POINT('',(97.26,44.,0.));
#12814=CARTESIAN_POINT('Origin',(102.76,44.,0.));
#12815=CARTESIAN_POINT('Origin',(102.76,44.,14.5));
#12816=CARTESIAN_POINT('Origin',(102.76,44.,0.));
#12817=CARTESIAN_POINT('Origin',(103.06,49.,0.));
#12818=CARTESIAN_POINT('',(103.06,49.,0.));
#12819=CARTESIAN_POINT('',(102.46,49.,0.));
#12820=CARTESIAN_POINT('',(103.06,49.,0.));
#12821=CARTESIAN_POINT('',(102.46,49.,14.9));
#12822=CARTESIAN_POINT('',(102.46,49.,0.));
#12823=CARTESIAN_POINT('',(103.06,49.,14.9));
#12824=CARTESIAN_POINT('',(103.06,49.,14.9));
#12825=CARTESIAN_POINT('',(103.06,49.,0.));
#12826=CARTESIAN_POINT('Origin',(103.06,45.,0.));
#12827=CARTESIAN_POINT('',(103.06,45.,0.));
#12828=CARTESIAN_POINT('',(103.06,45.,0.));
#12829=CARTESIAN_POINT('',(103.06,45.,14.9));
#12830=CARTESIAN_POINT('',(103.06,45.,14.9));
#12831=CARTESIAN_POINT('',(103.06,45.,0.));
#12832=CARTESIAN_POINT('Origin',(102.46,45.,0.));
#12833=CARTESIAN_POINT('',(102.46,45.,0.));
#12834=CARTESIAN_POINT('',(102.46,45.,0.));
#12835=CARTESIAN_POINT('',(102.46,45.,14.9));
#12836=CARTESIAN_POINT('',(102.46,45.,14.9));
#12837=CARTESIAN_POINT('',(102.46,45.,0.));
#12838=CARTESIAN_POINT('Origin',(102.46,49.,0.));
#12839=CARTESIAN_POINT('',(102.46,49.,0.));
#12840=CARTESIAN_POINT('',(102.46,49.,14.9));
#12841=CARTESIAN_POINT('Origin',(102.76,47.,14.9));
#12842=CARTESIAN_POINT('Origin',(102.76,47.,0.));
#12843=CARTESIAN_POINT('Origin',(120.76,44.,0.));
#12844=CARTESIAN_POINT('',(115.26,44.,14.5));
#12845=CARTESIAN_POINT('Origin',(120.76,44.,14.5));
#12846=CARTESIAN_POINT('',(115.26,44.,0.));
#12847=CARTESIAN_POINT('',(115.26,44.,0.));
#12848=CARTESIAN_POINT('Origin',(120.76,44.,0.));
#12849=CARTESIAN_POINT('Origin',(120.76,44.,14.5));
#12850=CARTESIAN_POINT('Origin',(120.76,44.,0.));
#12851=CARTESIAN_POINT('Origin',(121.06,49.,0.));
#12852=CARTESIAN_POINT('',(121.06,49.,0.));
#12853=CARTESIAN_POINT('',(120.46,49.,0.));
#12854=CARTESIAN_POINT('',(121.06,49.,0.));
#12855=CARTESIAN_POINT('',(120.46,49.,14.9));
#12856=CARTESIAN_POINT('',(120.46,49.,0.));
#12857=CARTESIAN_POINT('',(121.06,49.,14.9));
#12858=CARTESIAN_POINT('',(121.06,49.,14.9));
#12859=CARTESIAN_POINT('',(121.06,49.,0.));
#12860=CARTESIAN_POINT('Origin',(121.06,45.,0.));
#12861=CARTESIAN_POINT('',(121.06,45.,0.));
#12862=CARTESIAN_POINT('',(121.06,45.,0.));
#12863=CARTESIAN_POINT('',(121.06,45.,14.9));
#12864=CARTESIAN_POINT('',(121.06,45.,14.9));
#12865=CARTESIAN_POINT('',(121.06,45.,0.));
#12866=CARTESIAN_POINT('Origin',(120.46,45.,0.));
#12867=CARTESIAN_POINT('',(120.46,45.,0.));
#12868=CARTESIAN_POINT('',(120.46,45.,0.));
#12869=CARTESIAN_POINT('',(120.46,45.,14.9));
#12870=CARTESIAN_POINT('',(120.46,45.,14.9));
#12871=CARTESIAN_POINT('',(120.46,45.,0.));
#12872=CARTESIAN_POINT('Origin',(120.46,49.,0.));
#12873=CARTESIAN_POINT('',(120.46,49.,0.));
#12874=CARTESIAN_POINT('',(120.46,49.,14.9));
#12875=CARTESIAN_POINT('Origin',(120.76,47.,14.9));
#12876=CARTESIAN_POINT('Origin',(120.76,47.,0.));
#12877=CARTESIAN_POINT('Origin',(101.76,24.,0.));
#12878=CARTESIAN_POINT('',(99.96,24.,0.));
#12879=CARTESIAN_POINT('Origin',(101.76,24.,0.));
#12880=CARTESIAN_POINT('',(99.96,24.,4.5));
#12881=CARTESIAN_POINT('',(99.96,24.,0.));
#12882=CARTESIAN_POINT('Origin',(101.76,24.,4.5));
#12883=CARTESIAN_POINT('Origin',(101.76,24.,0.));
#12884=CARTESIAN_POINT('',(97.76,24.,4.5));
#12885=CARTESIAN_POINT('Origin',(101.76,24.,4.5));
#12886=CARTESIAN_POINT('',(97.76,24.,0.));
#12887=CARTESIAN_POINT('',(97.76,24.,0.));
#12888=CARTESIAN_POINT('Origin',(101.76,24.,0.));
#12889=CARTESIAN_POINT('Origin',(101.76,24.,4.5));
#12890=CARTESIAN_POINT('Origin',(101.76,24.,0.));
#12891=CARTESIAN_POINT('Origin',(121.76,24.,0.));
#12892=CARTESIAN_POINT('',(119.96,24.,0.));
#12893=CARTESIAN_POINT('Origin',(121.76,24.,0.));
#12894=CARTESIAN_POINT('',(119.96,24.,4.5));
#12895=CARTESIAN_POINT('',(119.96,24.,0.));
#12896=CARTESIAN_POINT('Origin',(121.76,24.,4.5));
#12897=CARTESIAN_POINT('Origin',(121.76,24.,0.));
#12898=CARTESIAN_POINT('',(117.76,24.,4.5));
#12899=CARTESIAN_POINT('Origin',(121.76,24.,4.5));
#12900=CARTESIAN_POINT('',(117.76,24.,0.));
#12901=CARTESIAN_POINT('',(117.76,24.,0.));
#12902=CARTESIAN_POINT('Origin',(121.76,24.,0.));
#12903=CARTESIAN_POINT('Origin',(121.76,24.,4.5));
#12904=CARTESIAN_POINT('Origin',(121.76,24.,0.));
#12905=CARTESIAN_POINT('Origin',(101.76,12.,0.));
#12906=CARTESIAN_POINT('',(99.96,12.,0.));
#12907=CARTESIAN_POINT('Origin',(101.76,12.,0.));
#12908=CARTESIAN_POINT('',(99.96,12.,4.5));
#12909=CARTESIAN_POINT('',(99.96,12.,0.));
#12910=CARTESIAN_POINT('Origin',(101.76,12.,4.5));
#12911=CARTESIAN_POINT('Origin',(101.76,12.,0.));
#12912=CARTESIAN_POINT('',(97.76,12.,4.5));
#12913=CARTESIAN_POINT('Origin',(101.76,12.,4.5));
#12914=CARTESIAN_POINT('',(97.76,12.,0.));
#12915=CARTESIAN_POINT('',(97.76,12.,0.));
#12916=CARTESIAN_POINT('Origin',(101.76,12.,0.));
#12917=CARTESIAN_POINT('Origin',(101.76,12.,4.5));
#12918=CARTESIAN_POINT('Origin',(101.76,12.,0.));
#12919=CARTESIAN_POINT('Origin',(121.76,12.,0.));
#12920=CARTESIAN_POINT('',(119.96,12.,0.));
#12921=CARTESIAN_POINT('Origin',(121.76,12.,0.));
#12922=CARTESIAN_POINT('',(119.96,12.,4.5));
#12923=CARTESIAN_POINT('',(119.96,12.,0.));
#12924=CARTESIAN_POINT('Origin',(121.76,12.,4.5));
#12925=CARTESIAN_POINT('Origin',(121.76,12.,0.));
#12926=CARTESIAN_POINT('',(117.76,12.,4.5));
#12927=CARTESIAN_POINT('Origin',(121.76,12.,4.5));
#12928=CARTESIAN_POINT('',(117.76,12.,0.));
#12929=CARTESIAN_POINT('',(117.76,12.,0.));
#12930=CARTESIAN_POINT('Origin',(121.76,12.,0.));
#12931=CARTESIAN_POINT('Origin',(121.76,12.,4.5));
#12932=CARTESIAN_POINT('Origin',(121.76,12.,0.));
#12933=CARTESIAN_POINT('Origin',(162.4,12.,0.));
#12934=CARTESIAN_POINT('',(160.6,12.,0.));
#12935=CARTESIAN_POINT('Origin',(162.4,12.,0.));
#12936=CARTESIAN_POINT('',(160.6,12.,2.));
#12937=CARTESIAN_POINT('',(160.6,12.,0.));
#12938=CARTESIAN_POINT('Origin',(162.4,12.,2.));
#12939=CARTESIAN_POINT('Origin',(142.4,12.,0.));
#12940=CARTESIAN_POINT('',(140.6,12.,0.));
#12941=CARTESIAN_POINT('Origin',(142.4,12.,0.));
#12942=CARTESIAN_POINT('',(140.6,12.,2.));
#12943=CARTESIAN_POINT('',(140.6,12.,0.));
#12944=CARTESIAN_POINT('Origin',(142.4,12.,2.));
#12945=CARTESIAN_POINT('Origin',(162.4,24.,0.));
#12946=CARTESIAN_POINT('',(160.6,24.,0.));
#12947=CARTESIAN_POINT('Origin',(162.4,24.,0.));
#12948=CARTESIAN_POINT('',(160.6,24.,2.));
#12949=CARTESIAN_POINT('',(160.6,24.,0.));
#12950=CARTESIAN_POINT('Origin',(162.4,24.,2.));
#12951=CARTESIAN_POINT('Origin',(142.4,24.,0.));
#12952=CARTESIAN_POINT('',(140.6,24.,0.));
#12953=CARTESIAN_POINT('Origin',(142.4,24.,0.));
#12954=CARTESIAN_POINT('',(140.6,24.,2.));
#12955=CARTESIAN_POINT('',(140.6,24.,0.));
#12956=CARTESIAN_POINT('Origin',(142.4,24.,2.));
#12957=CARTESIAN_POINT('Origin',(165.22,125.5,0.));
#12958=CARTESIAN_POINT('',(163.62,125.5,2.));
#12959=CARTESIAN_POINT('Origin',(165.22,125.5,2.));
#12960=CARTESIAN_POINT('',(163.62,125.5,0.));
#12961=CARTESIAN_POINT('',(163.62,125.5,0.));
#12962=CARTESIAN_POINT('Origin',(165.22,125.5,0.));
#12963=CARTESIAN_POINT('Origin',(165.22,3.,0.));
#12964=CARTESIAN_POINT('',(163.62,3.00000000000001,2.));
#12965=CARTESIAN_POINT('Origin',(165.22,3.,2.));
#12966=CARTESIAN_POINT('',(163.62,3.,0.));
#12967=CARTESIAN_POINT('',(163.62,3.,0.));
#12968=CARTESIAN_POINT('Origin',(165.22,3.,0.));
#12969=CARTESIAN_POINT('Origin',(139.58,125.5,0.));
#12970=CARTESIAN_POINT('',(137.98,125.5,2.));
#12971=CARTESIAN_POINT('Origin',(139.58,125.5,2.));
#12972=CARTESIAN_POINT('',(137.98,125.5,0.));
#12973=CARTESIAN_POINT('',(137.98,125.5,0.));
#12974=CARTESIAN_POINT('Origin',(139.58,125.5,0.));
#12975=CARTESIAN_POINT('Origin',(139.58,3.,0.));
#12976=CARTESIAN_POINT('',(137.98,3.00000000000001,2.));
#12977=CARTESIAN_POINT('Origin',(139.58,3.,2.));
#12978=CARTESIAN_POINT('',(137.98,3.,0.));
#12979=CARTESIAN_POINT('',(137.98,3.,0.));
#12980=CARTESIAN_POINT('Origin',(139.58,3.,0.));
#12981=CARTESIAN_POINT('Origin',(172.62,128.4,0.));
#12982=CARTESIAN_POINT('',(172.62,128.4,0.));
#12983=CARTESIAN_POINT('',(132.18,128.4,0.));
#12984=CARTESIAN_POINT('',(172.62,128.4,0.));
#12985=CARTESIAN_POINT('',(132.18,128.4,2.));
#12986=CARTESIAN_POINT('',(132.18,128.4,0.));
#12987=CARTESIAN_POINT('',(172.62,128.4,2.));
#12988=CARTESIAN_POINT('',(172.62,128.4,2.));
#12989=CARTESIAN_POINT('',(172.62,128.4,0.));
#12990=CARTESIAN_POINT('Origin',(172.62,0.1,0.));
#12991=CARTESIAN_POINT('',(172.62,0.1,0.));
#12992=CARTESIAN_POINT('',(172.62,0.1,0.));
#12993=CARTESIAN_POINT('',(172.62,0.0999999999999979,2.));
#12994=CARTESIAN_POINT('',(172.62,0.1,2.));
#12995=CARTESIAN_POINT('',(172.62,0.1,0.));
#12996=CARTESIAN_POINT('Origin',(132.18,0.1,0.));
#12997=CARTESIAN_POINT('',(132.18,0.0999999999999979,0.));
#12998=CARTESIAN_POINT('',(132.18,0.1,0.));
#12999=CARTESIAN_POINT('',(132.18,0.0999999999999979,2.));
#13000=CARTESIAN_POINT('',(132.18,0.1,2.));
#13001=CARTESIAN_POINT('',(132.18,0.0999999999999979,0.));
#13002=CARTESIAN_POINT('Origin',(132.18,128.4,0.));
#13003=CARTESIAN_POINT('',(132.18,128.4,0.));
#13004=CARTESIAN_POINT('',(132.18,128.4,2.));
#13005=CARTESIAN_POINT('Origin',(152.4,64.25,2.));
#13006=CARTESIAN_POINT('Origin',(152.4,64.25,0.));
#13007=CARTESIAN_POINT('Origin',(143.4,82.,0.));
#13008=CARTESIAN_POINT('',(137.9,82.,14.5));
#13009=CARTESIAN_POINT('Origin',(143.4,82.,14.5));
#13010=CARTESIAN_POINT('',(137.9,82.,0.));
#13011=CARTESIAN_POINT('',(137.9,82.,0.));
#13012=CARTESIAN_POINT('Origin',(143.4,82.,0.));
#13013=CARTESIAN_POINT('Origin',(143.4,82.,14.5));
#13014=CARTESIAN_POINT('Origin',(143.4,82.,0.));
#13015=CARTESIAN_POINT('Origin',(143.7,87.,0.));
#13016=CARTESIAN_POINT('',(143.7,87.,0.));
#13017=CARTESIAN_POINT('',(143.1,87.,0.));
#13018=CARTESIAN_POINT('',(143.7,87.,0.));
#13019=CARTESIAN_POINT('',(143.1,87.,14.9));
#13020=CARTESIAN_POINT('',(143.1,87.,0.));
#13021=CARTESIAN_POINT('',(143.7,87.,14.9));
#13022=CARTESIAN_POINT('',(143.7,87.,14.9));
#13023=CARTESIAN_POINT('',(143.7,87.,0.));
#13024=CARTESIAN_POINT('Origin',(143.7,83.,0.));
#13025=CARTESIAN_POINT('',(143.7,83.,0.));
#13026=CARTESIAN_POINT('',(143.7,83.,0.));
#13027=CARTESIAN_POINT('',(143.7,83.,14.9));
#13028=CARTESIAN_POINT('',(143.7,83.,14.9));
#13029=CARTESIAN_POINT('',(143.7,83.,0.));
#13030=CARTESIAN_POINT('Origin',(143.1,83.,0.));
#13031=CARTESIAN_POINT('',(143.1,83.,0.));
#13032=CARTESIAN_POINT('',(143.1,83.,0.));
#13033=CARTESIAN_POINT('',(143.1,83.,14.9));
#13034=CARTESIAN_POINT('',(143.1,83.,14.9));
#13035=CARTESIAN_POINT('',(143.1,83.,0.));
#13036=CARTESIAN_POINT('Origin',(143.1,87.,0.));
#13037=CARTESIAN_POINT('',(143.1,87.,0.));
#13038=CARTESIAN_POINT('',(143.1,87.,14.9));
#13039=CARTESIAN_POINT('Origin',(143.4,85.,14.9));
#13040=CARTESIAN_POINT('Origin',(143.4,85.,0.));
#13041=CARTESIAN_POINT('Origin',(161.4,82.,0.));
#13042=CARTESIAN_POINT('',(155.9,82.,14.5));
#13043=CARTESIAN_POINT('Origin',(161.4,82.,14.5));
#13044=CARTESIAN_POINT('',(155.9,82.,0.));
#13045=CARTESIAN_POINT('',(155.9,82.,0.));
#13046=CARTESIAN_POINT('Origin',(161.4,82.,0.));
#13047=CARTESIAN_POINT('Origin',(161.4,82.,14.5));
#13048=CARTESIAN_POINT('Origin',(161.4,82.,0.));
#13049=CARTESIAN_POINT('Origin',(161.7,87.,0.));
#13050=CARTESIAN_POINT('',(161.7,87.,0.));
#13051=CARTESIAN_POINT('',(161.1,87.,0.));
#13052=CARTESIAN_POINT('',(161.7,87.,0.));
#13053=CARTESIAN_POINT('',(161.1,87.,14.9));
#13054=CARTESIAN_POINT('',(161.1,87.,0.));
#13055=CARTESIAN_POINT('',(161.7,87.,14.9));
#13056=CARTESIAN_POINT('',(161.7,87.,14.9));
#13057=CARTESIAN_POINT('',(161.7,87.,0.));
#13058=CARTESIAN_POINT('Origin',(161.7,83.,0.));
#13059=CARTESIAN_POINT('',(161.7,83.,0.));
#13060=CARTESIAN_POINT('',(161.7,83.,0.));
#13061=CARTESIAN_POINT('',(161.7,83.,14.9));
#13062=CARTESIAN_POINT('',(161.7,83.,14.9));
#13063=CARTESIAN_POINT('',(161.7,83.,0.));
#13064=CARTESIAN_POINT('Origin',(161.1,83.,0.));
#13065=CARTESIAN_POINT('',(161.1,83.,0.));
#13066=CARTESIAN_POINT('',(161.1,83.,0.));
#13067=CARTESIAN_POINT('',(161.1,83.,14.9));
#13068=CARTESIAN_POINT('',(161.1,83.,14.9));
#13069=CARTESIAN_POINT('',(161.1,83.,0.));
#13070=CARTESIAN_POINT('Origin',(161.1,87.,0.));
#13071=CARTESIAN_POINT('',(161.1,87.,0.));
#13072=CARTESIAN_POINT('',(161.1,87.,14.9));
#13073=CARTESIAN_POINT('Origin',(161.4,85.,14.9));
#13074=CARTESIAN_POINT('Origin',(161.4,85.,0.));
#13075=CARTESIAN_POINT('Origin',(143.4,48.,0.));
#13076=CARTESIAN_POINT('',(137.9,48.,14.5));
#13077=CARTESIAN_POINT('Origin',(143.4,48.,14.5));
#13078=CARTESIAN_POINT('',(137.9,48.,0.));
#13079=CARTESIAN_POINT('',(137.9,48.,0.));
#13080=CARTESIAN_POINT('Origin',(143.4,48.,0.));
#13081=CARTESIAN_POINT('Origin',(143.4,48.,14.5));
#13082=CARTESIAN_POINT('Origin',(143.4,48.,0.));
#13083=CARTESIAN_POINT('Origin',(143.7,53.,0.));
#13084=CARTESIAN_POINT('',(143.7,53.,0.));
#13085=CARTESIAN_POINT('',(143.1,53.,0.));
#13086=CARTESIAN_POINT('',(143.7,53.,0.));
#13087=CARTESIAN_POINT('',(143.1,53.,14.9));
#13088=CARTESIAN_POINT('',(143.1,53.,0.));
#13089=CARTESIAN_POINT('',(143.7,53.,14.9));
#13090=CARTESIAN_POINT('',(143.7,53.,14.9));
#13091=CARTESIAN_POINT('',(143.7,53.,0.));
#13092=CARTESIAN_POINT('Origin',(143.7,49.,0.));
#13093=CARTESIAN_POINT('',(143.7,49.,0.));
#13094=CARTESIAN_POINT('',(143.7,49.,0.));
#13095=CARTESIAN_POINT('',(143.7,49.,14.9));
#13096=CARTESIAN_POINT('',(143.7,49.,14.9));
#13097=CARTESIAN_POINT('',(143.7,49.,0.));
#13098=CARTESIAN_POINT('Origin',(143.1,49.,0.));
#13099=CARTESIAN_POINT('',(143.1,49.,0.));
#13100=CARTESIAN_POINT('',(143.1,49.,0.));
#13101=CARTESIAN_POINT('',(143.1,49.,14.9));
#13102=CARTESIAN_POINT('',(143.1,49.,14.9));
#13103=CARTESIAN_POINT('',(143.1,49.,0.));
#13104=CARTESIAN_POINT('Origin',(143.1,53.,0.));
#13105=CARTESIAN_POINT('',(143.1,53.,0.));
#13106=CARTESIAN_POINT('',(143.1,53.,14.9));
#13107=CARTESIAN_POINT('Origin',(143.4,51.,14.9));
#13108=CARTESIAN_POINT('Origin',(143.4,51.,0.));
#13109=CARTESIAN_POINT('Origin',(161.4,48.,0.));
#13110=CARTESIAN_POINT('',(155.9,48.,14.5));
#13111=CARTESIAN_POINT('Origin',(161.4,48.,14.5));
#13112=CARTESIAN_POINT('',(155.9,48.,0.));
#13113=CARTESIAN_POINT('',(155.9,48.,0.));
#13114=CARTESIAN_POINT('Origin',(161.4,48.,0.));
#13115=CARTESIAN_POINT('Origin',(161.4,48.,14.5));
#13116=CARTESIAN_POINT('Origin',(161.4,48.,0.));
#13117=CARTESIAN_POINT('Origin',(161.7,53.,0.));
#13118=CARTESIAN_POINT('',(161.7,53.,0.));
#13119=CARTESIAN_POINT('',(161.1,53.,0.));
#13120=CARTESIAN_POINT('',(161.7,53.,0.));
#13121=CARTESIAN_POINT('',(161.1,53.,14.9));
#13122=CARTESIAN_POINT('',(161.1,53.,0.));
#13123=CARTESIAN_POINT('',(161.7,53.,14.9));
#13124=CARTESIAN_POINT('',(161.7,53.,14.9));
#13125=CARTESIAN_POINT('',(161.7,53.,0.));
#13126=CARTESIAN_POINT('Origin',(161.7,49.,0.));
#13127=CARTESIAN_POINT('',(161.7,49.,0.));
#13128=CARTESIAN_POINT('',(161.7,49.,0.));
#13129=CARTESIAN_POINT('',(161.7,49.,14.9));
#13130=CARTESIAN_POINT('',(161.7,49.,14.9));
#13131=CARTESIAN_POINT('',(161.7,49.,0.));
#13132=CARTESIAN_POINT('Origin',(161.1,49.,0.));
#13133=CARTESIAN_POINT('',(161.1,49.,0.));
#13134=CARTESIAN_POINT('',(161.1,49.,0.));
#13135=CARTESIAN_POINT('',(161.1,49.,14.9));
#13136=CARTESIAN_POINT('',(161.1,49.,14.9));
#13137=CARTESIAN_POINT('',(161.1,49.,0.));
#13138=CARTESIAN_POINT('Origin',(161.1,53.,0.));
#13139=CARTESIAN_POINT('',(161.1,53.,0.));
#13140=CARTESIAN_POINT('',(161.1,53.,14.9));
#13141=CARTESIAN_POINT('Origin',(161.4,51.,14.9));
#13142=CARTESIAN_POINT('Origin',(161.4,51.,0.));
#13143=CARTESIAN_POINT('Origin',(142.4,24.,0.));
#13144=CARTESIAN_POINT('',(140.6,24.,0.));
#13145=CARTESIAN_POINT('Origin',(142.4,24.,0.));
#13146=CARTESIAN_POINT('',(140.6,24.,4.5));
#13147=CARTESIAN_POINT('',(140.6,24.,0.));
#13148=CARTESIAN_POINT('Origin',(142.4,24.,4.5));
#13149=CARTESIAN_POINT('Origin',(142.4,24.,0.));
#13150=CARTESIAN_POINT('',(138.4,24.,4.5));
#13151=CARTESIAN_POINT('Origin',(142.4,24.,4.5));
#13152=CARTESIAN_POINT('',(138.4,24.,0.));
#13153=CARTESIAN_POINT('',(138.4,24.,0.));
#13154=CARTESIAN_POINT('Origin',(142.4,24.,0.));
#13155=CARTESIAN_POINT('Origin',(142.4,24.,4.5));
#13156=CARTESIAN_POINT('Origin',(142.4,24.,0.));
#13157=CARTESIAN_POINT('Origin',(162.4,24.,0.));
#13158=CARTESIAN_POINT('',(160.6,24.,0.));
#13159=CARTESIAN_POINT('Origin',(162.4,24.,0.));
#13160=CARTESIAN_POINT('',(160.6,24.,4.5));
#13161=CARTESIAN_POINT('',(160.6,24.,0.));
#13162=CARTESIAN_POINT('Origin',(162.4,24.,4.5));
#13163=CARTESIAN_POINT('Origin',(162.4,24.,0.));
#13164=CARTESIAN_POINT('',(158.4,24.,4.5));
#13165=CARTESIAN_POINT('Origin',(162.4,24.,4.5));
#13166=CARTESIAN_POINT('',(158.4,24.,0.));
#13167=CARTESIAN_POINT('',(158.4,24.,0.));
#13168=CARTESIAN_POINT('Origin',(162.4,24.,0.));
#13169=CARTESIAN_POINT('Origin',(162.4,24.,4.5));
#13170=CARTESIAN_POINT('Origin',(162.4,24.,0.));
#13171=CARTESIAN_POINT('Origin',(142.4,12.,0.));
#13172=CARTESIAN_POINT('',(140.6,12.,0.));
#13173=CARTESIAN_POINT('Origin',(142.4,12.,0.));
#13174=CARTESIAN_POINT('',(140.6,12.,4.5));
#13175=CARTESIAN_POINT('',(140.6,12.,0.));
#13176=CARTESIAN_POINT('Origin',(142.4,12.,4.5));
#13177=CARTESIAN_POINT('Origin',(142.4,12.,0.));
#13178=CARTESIAN_POINT('',(138.4,12.,4.5));
#13179=CARTESIAN_POINT('Origin',(142.4,12.,4.5));
#13180=CARTESIAN_POINT('',(138.4,12.,0.));
#13181=CARTESIAN_POINT('',(138.4,12.,0.));
#13182=CARTESIAN_POINT('Origin',(142.4,12.,0.));
#13183=CARTESIAN_POINT('Origin',(142.4,12.,4.5));
#13184=CARTESIAN_POINT('Origin',(142.4,12.,0.));
#13185=CARTESIAN_POINT('Origin',(162.4,12.,0.));
#13186=CARTESIAN_POINT('',(160.6,12.,0.));
#13187=CARTESIAN_POINT('Origin',(162.4,12.,0.));
#13188=CARTESIAN_POINT('',(160.6,12.,4.5));
#13189=CARTESIAN_POINT('',(160.6,12.,0.));
#13190=CARTESIAN_POINT('Origin',(162.4,12.,4.5));
#13191=CARTESIAN_POINT('Origin',(162.4,12.,0.));
#13192=CARTESIAN_POINT('',(158.4,12.,4.5));
#13193=CARTESIAN_POINT('Origin',(162.4,12.,4.5));
#13194=CARTESIAN_POINT('',(158.4,12.,0.));
#13195=CARTESIAN_POINT('',(158.4,12.,0.));
#13196=CARTESIAN_POINT('Origin',(162.4,12.,0.));
#13197=CARTESIAN_POINT('Origin',(162.4,12.,4.5));
#13198=CARTESIAN_POINT('Origin',(162.4,12.,0.));
#13199=CARTESIAN_POINT('Origin',(194.96,14.,0.));
#13200=CARTESIAN_POINT('',(193.16,14.,0.));
#13201=CARTESIAN_POINT('Origin',(194.96,14.,0.));
#13202=CARTESIAN_POINT('',(193.16,14.,2.));
#13203=CARTESIAN_POINT('',(193.16,14.,0.));
#13204=CARTESIAN_POINT('Origin',(194.96,14.,2.));
#13205=CARTESIAN_POINT('Origin',(180.96,14.,0.));
#13206=CARTESIAN_POINT('',(179.16,14.,0.));
#13207=CARTESIAN_POINT('Origin',(180.96,14.,0.));
#13208=CARTESIAN_POINT('',(179.16,14.,2.));
#13209=CARTESIAN_POINT('',(179.16,14.,0.));
#13210=CARTESIAN_POINT('Origin',(180.96,14.,2.));
#13211=CARTESIAN_POINT('Origin',(187.96,28.,0.));
#13212=CARTESIAN_POINT('',(186.16,28.,0.));
#13213=CARTESIAN_POINT('Origin',(187.96,28.,0.));
#13214=CARTESIAN_POINT('',(186.16,28.,2.));
#13215=CARTESIAN_POINT('',(186.16,28.,0.));
#13216=CARTESIAN_POINT('Origin',(187.96,28.,2.));
#13217=CARTESIAN_POINT('Origin',(195.7,125.5,0.));
#13218=CARTESIAN_POINT('',(194.1,125.5,2.));
#13219=CARTESIAN_POINT('Origin',(195.7,125.5,2.));
#13220=CARTESIAN_POINT('',(194.1,125.5,0.));
#13221=CARTESIAN_POINT('',(194.1,125.5,0.));
#13222=CARTESIAN_POINT('Origin',(195.7,125.5,0.));
#13223=CARTESIAN_POINT('Origin',(195.7,3.,0.));
#13224=CARTESIAN_POINT('',(194.1,3.00000000000001,2.));
#13225=CARTESIAN_POINT('Origin',(195.7,3.,2.));
#13226=CARTESIAN_POINT('',(194.1,3.,0.));
#13227=CARTESIAN_POINT('',(194.1,3.,0.));
#13228=CARTESIAN_POINT('Origin',(195.7,3.,0.));
#13229=CARTESIAN_POINT('Origin',(180.22,125.5,0.));
#13230=CARTESIAN_POINT('',(178.62,125.5,2.));
#13231=CARTESIAN_POINT('Origin',(180.22,125.5,2.));
#13232=CARTESIAN_POINT('',(178.62,125.5,0.));
#13233=CARTESIAN_POINT('',(178.62,125.5,0.));
#13234=CARTESIAN_POINT('Origin',(180.22,125.5,0.));
#13235=CARTESIAN_POINT('Origin',(180.22,3.,0.));
#13236=CARTESIAN_POINT('',(178.62,3.00000000000001,2.));
#13237=CARTESIAN_POINT('Origin',(180.22,3.,2.));
#13238=CARTESIAN_POINT('',(178.62,3.,0.));
#13239=CARTESIAN_POINT('',(178.62,3.,0.));
#13240=CARTESIAN_POINT('Origin',(180.22,3.,0.));
#13241=CARTESIAN_POINT('Origin',(203.1,128.4,0.));
#13242=CARTESIAN_POINT('',(203.1,128.4,0.));
#13243=CARTESIAN_POINT('',(172.82,128.4,0.));
#13244=CARTESIAN_POINT('',(203.1,128.4,0.));
#13245=CARTESIAN_POINT('',(172.82,128.4,2.));
#13246=CARTESIAN_POINT('',(172.82,128.4,0.));
#13247=CARTESIAN_POINT('',(203.1,128.4,2.));
#13248=CARTESIAN_POINT('',(203.1,128.4,2.));
#13249=CARTESIAN_POINT('',(203.1,128.4,0.));
#13250=CARTESIAN_POINT('Origin',(203.1,0.1,0.));
#13251=CARTESIAN_POINT('',(203.1,0.1,0.));
#13252=CARTESIAN_POINT('',(203.1,0.1,0.));
#13253=CARTESIAN_POINT('',(203.1,0.0999999999999979,2.));
#13254=CARTESIAN_POINT('',(203.1,0.1,2.));
#13255=CARTESIAN_POINT('',(203.1,0.1,0.));
#13256=CARTESIAN_POINT('Origin',(172.82,0.1,0.));
#13257=CARTESIAN_POINT('',(172.82,0.0999999999999979,0.));
#13258=CARTESIAN_POINT('',(172.82,0.1,0.));
#13259=CARTESIAN_POINT('',(172.82,0.0999999999999979,2.));
#13260=CARTESIAN_POINT('',(172.82,0.1,2.));
#13261=CARTESIAN_POINT('',(172.82,0.0999999999999979,0.));
#13262=CARTESIAN_POINT('Origin',(172.82,128.4,0.));
#13263=CARTESIAN_POINT('',(172.82,128.4,0.));
#13264=CARTESIAN_POINT('',(172.82,128.4,2.));
#13265=CARTESIAN_POINT('Origin',(187.96,64.25,2.));
#13266=CARTESIAN_POINT('Origin',(187.96,64.25,0.));
#13267=CARTESIAN_POINT('Origin',(187.96,80.,0.));
#13268=CARTESIAN_POINT('',(181.96,80.,14.5));
#13269=CARTESIAN_POINT('Origin',(187.96,80.,14.5));
#13270=CARTESIAN_POINT('',(181.96,80.,0.));
#13271=CARTESIAN_POINT('',(181.96,80.,0.));
#13272=CARTESIAN_POINT('Origin',(187.96,80.,0.));
#13273=CARTESIAN_POINT('Origin',(187.96,80.,14.5));
#13274=CARTESIAN_POINT('Origin',(187.96,80.,0.));
#13275=CARTESIAN_POINT('Origin',(188.26,85.5,0.));
#13276=CARTESIAN_POINT('',(188.26,85.5,0.));
#13277=CARTESIAN_POINT('',(187.66,85.5,0.));
#13278=CARTESIAN_POINT('',(188.26,85.5,0.));
#13279=CARTESIAN_POINT('',(187.66,85.5,14.9));
#13280=CARTESIAN_POINT('',(187.66,85.5,0.));
#13281=CARTESIAN_POINT('',(188.26,85.5,14.9));
#13282=CARTESIAN_POINT('',(188.26,85.5,14.9));
#13283=CARTESIAN_POINT('',(188.26,85.5,0.));
#13284=CARTESIAN_POINT('Origin',(188.26,81.,0.));
#13285=CARTESIAN_POINT('',(188.26,81.,0.));
#13286=CARTESIAN_POINT('',(188.26,81.,0.));
#13287=CARTESIAN_POINT('',(188.26,81.,14.9));
#13288=CARTESIAN_POINT('',(188.26,81.,14.9));
#13289=CARTESIAN_POINT('',(188.26,81.,0.));
#13290=CARTESIAN_POINT('Origin',(187.66,81.,0.));
#13291=CARTESIAN_POINT('',(187.66,81.,0.));
#13292=CARTESIAN_POINT('',(187.66,81.,0.));
#13293=CARTESIAN_POINT('',(187.66,81.,14.9));
#13294=CARTESIAN_POINT('',(187.66,81.,14.9));
#13295=CARTESIAN_POINT('',(187.66,81.,0.));
#13296=CARTESIAN_POINT('Origin',(187.66,85.5,0.));
#13297=CARTESIAN_POINT('',(187.66,85.5,0.));
#13298=CARTESIAN_POINT('',(187.66,85.5,14.9));
#13299=CARTESIAN_POINT('Origin',(187.96,83.25,14.9));
#13300=CARTESIAN_POINT('Origin',(187.96,83.25,0.));
#13301=CARTESIAN_POINT('Origin',(187.96,46.,0.));
#13302=CARTESIAN_POINT('',(181.96,46.,14.5));
#13303=CARTESIAN_POINT('Origin',(187.96,46.,14.5));
#13304=CARTESIAN_POINT('',(181.96,46.,0.));
#13305=CARTESIAN_POINT('',(181.96,46.,0.));
#13306=CARTESIAN_POINT('Origin',(187.96,46.,0.));
#13307=CARTESIAN_POINT('Origin',(187.96,46.,14.5));
#13308=CARTESIAN_POINT('Origin',(187.96,46.,0.));
#13309=CARTESIAN_POINT('Origin',(188.26,51.5,0.));
#13310=CARTESIAN_POINT('',(188.26,51.5,0.));
#13311=CARTESIAN_POINT('',(187.66,51.5,0.));
#13312=CARTESIAN_POINT('',(188.26,51.5,0.));
#13313=CARTESIAN_POINT('',(187.66,51.5,14.9));
#13314=CARTESIAN_POINT('',(187.66,51.5,0.));
#13315=CARTESIAN_POINT('',(188.26,51.5,14.9));
#13316=CARTESIAN_POINT('',(188.26,51.5,14.9));
#13317=CARTESIAN_POINT('',(188.26,51.5,0.));
#13318=CARTESIAN_POINT('Origin',(188.26,47.,0.));
#13319=CARTESIAN_POINT('',(188.26,47.,0.));
#13320=CARTESIAN_POINT('',(188.26,47.,0.));
#13321=CARTESIAN_POINT('',(188.26,47.,14.9));
#13322=CARTESIAN_POINT('',(188.26,47.,14.9));
#13323=CARTESIAN_POINT('',(188.26,47.,0.));
#13324=CARTESIAN_POINT('Origin',(187.66,47.,0.));
#13325=CARTESIAN_POINT('',(187.66,47.,0.));
#13326=CARTESIAN_POINT('',(187.66,47.,0.));
#13327=CARTESIAN_POINT('',(187.66,47.,14.9));
#13328=CARTESIAN_POINT('',(187.66,47.,14.9));
#13329=CARTESIAN_POINT('',(187.66,47.,0.));
#13330=CARTESIAN_POINT('Origin',(187.66,51.5,0.));
#13331=CARTESIAN_POINT('',(187.66,51.5,0.));
#13332=CARTESIAN_POINT('',(187.66,51.5,14.9));
#13333=CARTESIAN_POINT('Origin',(187.96,49.25,14.9));
#13334=CARTESIAN_POINT('Origin',(187.96,49.25,0.));
#13335=CARTESIAN_POINT('Origin',(187.96,28.,0.));
#13336=CARTESIAN_POINT('',(186.16,28.,0.));
#13337=CARTESIAN_POINT('Origin',(187.96,28.,0.));
#13338=CARTESIAN_POINT('',(186.16,28.,4.5));
#13339=CARTESIAN_POINT('',(186.16,28.,0.));
#13340=CARTESIAN_POINT('Origin',(187.96,28.,4.5));
#13341=CARTESIAN_POINT('Origin',(187.96,28.,0.));
#13342=CARTESIAN_POINT('',(183.96,28.,4.5));
#13343=CARTESIAN_POINT('Origin',(187.96,28.,4.5));
#13344=CARTESIAN_POINT('',(183.96,28.,0.));
#13345=CARTESIAN_POINT('',(183.96,28.,0.));
#13346=CARTESIAN_POINT('Origin',(187.96,28.,0.));
#13347=CARTESIAN_POINT('Origin',(187.96,28.,4.5));
#13348=CARTESIAN_POINT('Origin',(187.96,28.,0.));
#13349=CARTESIAN_POINT('Origin',(180.96,14.,0.));
#13350=CARTESIAN_POINT('',(179.16,14.,0.));
#13351=CARTESIAN_POINT('Origin',(180.96,14.,0.));
#13352=CARTESIAN_POINT('',(179.16,14.,4.5));
#13353=CARTESIAN_POINT('',(179.16,14.,0.));
#13354=CARTESIAN_POINT('Origin',(180.96,14.,4.5));
#13355=CARTESIAN_POINT('Origin',(180.96,14.,0.));
#13356=CARTESIAN_POINT('',(176.96,14.,4.5));
#13357=CARTESIAN_POINT('Origin',(180.96,14.,4.5));
#13358=CARTESIAN_POINT('',(176.96,14.,0.));
#13359=CARTESIAN_POINT('',(176.96,14.,0.));
#13360=CARTESIAN_POINT('Origin',(180.96,14.,0.));
#13361=CARTESIAN_POINT('Origin',(180.96,14.,4.5));
#13362=CARTESIAN_POINT('Origin',(180.96,14.,0.));
#13363=CARTESIAN_POINT('Origin',(194.96,14.,0.));
#13364=CARTESIAN_POINT('',(193.16,14.,0.));
#13365=CARTESIAN_POINT('Origin',(194.96,14.,0.));
#13366=CARTESIAN_POINT('',(193.16,14.,4.5));
#13367=CARTESIAN_POINT('',(193.16,14.,0.));
#13368=CARTESIAN_POINT('Origin',(194.96,14.,4.5));
#13369=CARTESIAN_POINT('Origin',(194.96,14.,0.));
#13370=CARTESIAN_POINT('',(190.96,14.,4.5));
#13371=CARTESIAN_POINT('Origin',(194.96,14.,4.5));
#13372=CARTESIAN_POINT('',(190.96,14.,0.));
#13373=CARTESIAN_POINT('',(190.96,14.,0.));
#13374=CARTESIAN_POINT('Origin',(194.96,14.,0.));
#13375=CARTESIAN_POINT('Origin',(194.96,14.,4.5));
#13376=CARTESIAN_POINT('Origin',(194.96,14.,0.));
#13377=CARTESIAN_POINT('Origin',(234.84,16.,0.));
#13378=CARTESIAN_POINT('',(233.04,16.,0.));
#13379=CARTESIAN_POINT('Origin',(234.84,16.,0.));
#13380=CARTESIAN_POINT('',(233.04,16.,2.));
#13381=CARTESIAN_POINT('',(233.04,16.,0.));
#13382=CARTESIAN_POINT('Origin',(234.84,16.,2.));
#13383=CARTESIAN_POINT('Origin',(234.84,32.,0.));
#13384=CARTESIAN_POINT('',(233.04,32.,0.));
#13385=CARTESIAN_POINT('Origin',(234.84,32.,0.));
#13386=CARTESIAN_POINT('',(233.04,32.,2.));
#13387=CARTESIAN_POINT('',(233.04,32.,0.));
#13388=CARTESIAN_POINT('Origin',(234.84,32.,2.));
#13389=CARTESIAN_POINT('Origin',(212.2,16.,0.));
#13390=CARTESIAN_POINT('',(210.4,16.,0.));
#13391=CARTESIAN_POINT('Origin',(212.2,16.,0.));
#13392=CARTESIAN_POINT('',(210.4,16.,2.));
#13393=CARTESIAN_POINT('',(210.4,16.,0.));
#13394=CARTESIAN_POINT('Origin',(212.2,16.,2.));
#13395=CARTESIAN_POINT('Origin',(212.2,32.,0.));
#13396=CARTESIAN_POINT('',(210.4,32.,0.));
#13397=CARTESIAN_POINT('Origin',(212.2,32.,0.));
#13398=CARTESIAN_POINT('',(210.4,32.,2.));
#13399=CARTESIAN_POINT('',(210.4,32.,0.));
#13400=CARTESIAN_POINT('Origin',(212.2,32.,2.));
#13401=CARTESIAN_POINT('Origin',(236.34,125.5,0.));
#13402=CARTESIAN_POINT('',(234.74,125.5,2.));
#13403=CARTESIAN_POINT('Origin',(236.34,125.5,2.));
#13404=CARTESIAN_POINT('',(234.74,125.5,0.));
#13405=CARTESIAN_POINT('',(234.74,125.5,0.));
#13406=CARTESIAN_POINT('Origin',(236.34,125.5,0.));
#13407=CARTESIAN_POINT('Origin',(236.34,3.,0.));
#13408=CARTESIAN_POINT('',(234.74,3.00000000000001,2.));
#13409=CARTESIAN_POINT('Origin',(236.34,3.,2.));
#13410=CARTESIAN_POINT('',(234.74,3.,0.));
#13411=CARTESIAN_POINT('',(234.74,3.,0.));
#13412=CARTESIAN_POINT('Origin',(236.34,3.,0.));
#13413=CARTESIAN_POINT('Origin',(210.7,125.5,0.));
#13414=CARTESIAN_POINT('',(209.1,125.5,2.));
#13415=CARTESIAN_POINT('Origin',(210.7,125.5,2.));
#13416=CARTESIAN_POINT('',(209.1,125.5,0.));
#13417=CARTESIAN_POINT('',(209.1,125.5,0.));
#13418=CARTESIAN_POINT('Origin',(210.7,125.5,0.));
#13419=CARTESIAN_POINT('Origin',(210.7,3.,0.));
#13420=CARTESIAN_POINT('',(209.1,3.00000000000001,2.));
#13421=CARTESIAN_POINT('Origin',(210.7,3.,2.));
#13422=CARTESIAN_POINT('',(209.1,3.,0.));
#13423=CARTESIAN_POINT('',(209.1,3.,0.));
#13424=CARTESIAN_POINT('Origin',(210.7,3.,0.));
#13425=CARTESIAN_POINT('Origin',(243.74,128.4,0.));
#13426=CARTESIAN_POINT('',(243.74,128.4,0.));
#13427=CARTESIAN_POINT('',(203.3,128.4,0.));
#13428=CARTESIAN_POINT('',(243.74,128.4,0.));
#13429=CARTESIAN_POINT('',(203.3,128.4,2.));
#13430=CARTESIAN_POINT('',(203.3,128.4,0.));
#13431=CARTESIAN_POINT('',(243.74,128.4,2.));
#13432=CARTESIAN_POINT('',(243.74,128.4,2.));
#13433=CARTESIAN_POINT('',(243.74,128.4,0.));
#13434=CARTESIAN_POINT('Origin',(243.74,0.1,0.));
#13435=CARTESIAN_POINT('',(243.74,0.1,0.));
#13436=CARTESIAN_POINT('',(243.74,0.1,0.));
#13437=CARTESIAN_POINT('',(243.74,0.0999999999999979,2.));
#13438=CARTESIAN_POINT('',(243.74,0.1,2.));
#13439=CARTESIAN_POINT('',(243.74,0.1,0.));
#13440=CARTESIAN_POINT('Origin',(203.3,0.1,0.));
#13441=CARTESIAN_POINT('',(203.3,0.0999999999999979,0.));
#13442=CARTESIAN_POINT('',(203.3,0.1,0.));
#13443=CARTESIAN_POINT('',(203.3,0.0999999999999979,2.));
#13444=CARTESIAN_POINT('',(203.3,0.1,2.));
#13445=CARTESIAN_POINT('',(203.3,0.0999999999999979,0.));
#13446=CARTESIAN_POINT('Origin',(203.3,128.4,0.));
#13447=CARTESIAN_POINT('',(203.3,128.4,0.));
#13448=CARTESIAN_POINT('',(203.3,128.4,2.));
#13449=CARTESIAN_POINT('Origin',(223.52,64.25,2.));
#13450=CARTESIAN_POINT('Origin',(223.52,64.25,0.));
#13451=CARTESIAN_POINT('Origin',(214.52,75.,0.));
#13452=CARTESIAN_POINT('',(208.52,75.,14.5));
#13453=CARTESIAN_POINT('Origin',(214.52,75.,14.5));
#13454=CARTESIAN_POINT('',(208.52,75.,0.));
#13455=CARTESIAN_POINT('',(208.52,75.,0.));
#13456=CARTESIAN_POINT('Origin',(214.52,75.,0.));
#13457=CARTESIAN_POINT('Origin',(214.52,75.,14.5));
#13458=CARTESIAN_POINT('Origin',(214.52,75.,0.));
#13459=CARTESIAN_POINT('Origin',(214.82,80.5,0.));
#13460=CARTESIAN_POINT('',(214.82,80.5,0.));
#13461=CARTESIAN_POINT('',(214.22,80.5,0.));
#13462=CARTESIAN_POINT('',(214.82,80.5,0.));
#13463=CARTESIAN_POINT('',(214.22,80.5,14.9));
#13464=CARTESIAN_POINT('',(214.22,80.5,0.));
#13465=CARTESIAN_POINT('',(214.82,80.5,14.9));
#13466=CARTESIAN_POINT('',(214.82,80.5,14.9));
#13467=CARTESIAN_POINT('',(214.82,80.5,0.));
#13468=CARTESIAN_POINT('Origin',(214.82,76.,0.));
#13469=CARTESIAN_POINT('',(214.82,76.,0.));
#13470=CARTESIAN_POINT('',(214.82,76.,0.));
#13471=CARTESIAN_POINT('',(214.82,76.,14.9));
#13472=CARTESIAN_POINT('',(214.82,76.,14.9));
#13473=CARTESIAN_POINT('',(214.82,76.,0.));
#13474=CARTESIAN_POINT('Origin',(214.22,76.,0.));
#13475=CARTESIAN_POINT('',(214.22,76.,0.));
#13476=CARTESIAN_POINT('',(214.22,76.,0.));
#13477=CARTESIAN_POINT('',(214.22,76.,14.9));
#13478=CARTESIAN_POINT('',(214.22,76.,14.9));
#13479=CARTESIAN_POINT('',(214.22,76.,0.));
#13480=CARTESIAN_POINT('Origin',(214.22,80.5,0.));
#13481=CARTESIAN_POINT('',(214.22,80.5,0.));
#13482=CARTESIAN_POINT('',(214.22,80.5,14.9));
#13483=CARTESIAN_POINT('Origin',(214.52,78.25,14.9));
#13484=CARTESIAN_POINT('Origin',(214.52,78.25,0.));
#13485=CARTESIAN_POINT('Origin',(232.52,75.,0.));
#13486=CARTESIAN_POINT('',(226.52,75.,14.5));
#13487=CARTESIAN_POINT('Origin',(232.52,75.,14.5));
#13488=CARTESIAN_POINT('',(226.52,75.,0.));
#13489=CARTESIAN_POINT('',(226.52,75.,0.));
#13490=CARTESIAN_POINT('Origin',(232.52,75.,0.));
#13491=CARTESIAN_POINT('Origin',(232.52,75.,14.5));
#13492=CARTESIAN_POINT('Origin',(232.52,75.,0.));
#13493=CARTESIAN_POINT('Origin',(232.82,80.5,0.));
#13494=CARTESIAN_POINT('',(232.82,80.5,0.));
#13495=CARTESIAN_POINT('',(232.22,80.5,0.));
#13496=CARTESIAN_POINT('',(232.82,80.5,0.));
#13497=CARTESIAN_POINT('',(232.22,80.5,14.9));
#13498=CARTESIAN_POINT('',(232.22,80.5,0.));
#13499=CARTESIAN_POINT('',(232.82,80.5,14.9));
#13500=CARTESIAN_POINT('',(232.82,80.5,14.9));
#13501=CARTESIAN_POINT('',(232.82,80.5,0.));
#13502=CARTESIAN_POINT('Origin',(232.82,76.,0.));
#13503=CARTESIAN_POINT('',(232.82,76.,0.));
#13504=CARTESIAN_POINT('',(232.82,76.,0.));
#13505=CARTESIAN_POINT('',(232.82,76.,14.9));
#13506=CARTESIAN_POINT('',(232.82,76.,14.9));
#13507=CARTESIAN_POINT('',(232.82,76.,0.));
#13508=CARTESIAN_POINT('Origin',(232.22,76.,0.));
#13509=CARTESIAN_POINT('',(232.22,76.,0.));
#13510=CARTESIAN_POINT('',(232.22,76.,0.));
#13511=CARTESIAN_POINT('',(232.22,76.,14.9));
#13512=CARTESIAN_POINT('',(232.22,76.,14.9));
#13513=CARTESIAN_POINT('',(232.22,76.,0.));
#13514=CARTESIAN_POINT('Origin',(232.22,80.5,0.));
#13515=CARTESIAN_POINT('',(232.22,80.5,0.));
#13516=CARTESIAN_POINT('',(232.22,80.5,14.9));
#13517=CARTESIAN_POINT('Origin',(232.52,78.25,14.9));
#13518=CARTESIAN_POINT('Origin',(232.52,78.25,0.));
#13519=CARTESIAN_POINT('Origin',(212.2,32.,0.));
#13520=CARTESIAN_POINT('',(210.4,32.,0.));
#13521=CARTESIAN_POINT('Origin',(212.2,32.,0.));
#13522=CARTESIAN_POINT('',(210.4,32.,4.5));
#13523=CARTESIAN_POINT('',(210.4,32.,0.));
#13524=CARTESIAN_POINT('Origin',(212.2,32.,4.5));
#13525=CARTESIAN_POINT('Origin',(212.2,32.,0.));
#13526=CARTESIAN_POINT('',(208.2,32.,4.5));
#13527=CARTESIAN_POINT('Origin',(212.2,32.,4.5));
#13528=CARTESIAN_POINT('',(208.2,32.,0.));
#13529=CARTESIAN_POINT('',(208.2,32.,0.));
#13530=CARTESIAN_POINT('Origin',(212.2,32.,0.));
#13531=CARTESIAN_POINT('Origin',(212.2,32.,4.5));
#13532=CARTESIAN_POINT('Origin',(212.2,32.,0.));
#13533=CARTESIAN_POINT('Origin',(212.2,16.,0.));
#13534=CARTESIAN_POINT('',(210.4,16.,0.));
#13535=CARTESIAN_POINT('Origin',(212.2,16.,0.));
#13536=CARTESIAN_POINT('',(210.4,16.,4.5));
#13537=CARTESIAN_POINT('',(210.4,16.,0.));
#13538=CARTESIAN_POINT('Origin',(212.2,16.,4.5));
#13539=CARTESIAN_POINT('Origin',(212.2,16.,0.));
#13540=CARTESIAN_POINT('',(208.2,16.,4.5));
#13541=CARTESIAN_POINT('Origin',(212.2,16.,4.5));
#13542=CARTESIAN_POINT('',(208.2,16.,0.));
#13543=CARTESIAN_POINT('',(208.2,16.,0.));
#13544=CARTESIAN_POINT('Origin',(212.2,16.,0.));
#13545=CARTESIAN_POINT('Origin',(212.2,16.,4.5));
#13546=CARTESIAN_POINT('Origin',(212.2,16.,0.));
#13547=CARTESIAN_POINT('Origin',(234.84,32.,0.));
#13548=CARTESIAN_POINT('',(233.04,32.,0.));
#13549=CARTESIAN_POINT('Origin',(234.84,32.,0.));
#13550=CARTESIAN_POINT('',(233.04,32.,4.5));
#13551=CARTESIAN_POINT('',(233.04,32.,0.));
#13552=CARTESIAN_POINT('Origin',(234.84,32.,4.5));
#13553=CARTESIAN_POINT('Origin',(234.84,32.,0.));
#13554=CARTESIAN_POINT('',(230.84,32.,4.5));
#13555=CARTESIAN_POINT('Origin',(234.84,32.,4.5));
#13556=CARTESIAN_POINT('',(230.84,32.,0.));
#13557=CARTESIAN_POINT('',(230.84,32.,0.));
#13558=CARTESIAN_POINT('Origin',(234.84,32.,0.));
#13559=CARTESIAN_POINT('Origin',(234.84,32.,4.5));
#13560=CARTESIAN_POINT('Origin',(234.84,32.,0.));
#13561=CARTESIAN_POINT('Origin',(234.84,16.,0.));
#13562=CARTESIAN_POINT('',(233.04,16.,0.));
#13563=CARTESIAN_POINT('Origin',(234.84,16.,0.));
#13564=CARTESIAN_POINT('',(233.04,16.,4.5));
#13565=CARTESIAN_POINT('',(233.04,16.,0.));
#13566=CARTESIAN_POINT('Origin',(234.84,16.,4.5));
#13567=CARTESIAN_POINT('Origin',(234.84,16.,0.));
#13568=CARTESIAN_POINT('',(230.84,16.,4.5));
#13569=CARTESIAN_POINT('Origin',(234.84,16.,4.5));
#13570=CARTESIAN_POINT('',(230.84,16.,0.));
#13571=CARTESIAN_POINT('',(230.84,16.,0.));
#13572=CARTESIAN_POINT('Origin',(234.84,16.,0.));
#13573=CARTESIAN_POINT('Origin',(234.84,16.,4.5));
#13574=CARTESIAN_POINT('Origin',(234.84,16.,0.));
#13575=CARTESIAN_POINT('Origin',(277.98,15.,0.));
#13576=CARTESIAN_POINT('',(276.18,15.,0.));
#13577=CARTESIAN_POINT('Origin',(277.98,15.,0.));
#13578=CARTESIAN_POINT('',(276.18,15.,2.));
#13579=CARTESIAN_POINT('',(276.18,15.,0.));
#13580=CARTESIAN_POINT('Origin',(277.98,15.,2.));
#13581=CARTESIAN_POINT('Origin',(278.78,68.,0.));
#13582=CARTESIAN_POINT('',(278.78,68.,0.));
#13583=CARTESIAN_POINT('',(277.18,68.,0.));
#13584=CARTESIAN_POINT('',(271.47,68.,0.));
#13585=CARTESIAN_POINT('',(278.78,68.,2.));
#13586=CARTESIAN_POINT('',(278.78,68.,0.));
#13587=CARTESIAN_POINT('',(277.18,68.,2.));
#13588=CARTESIAN_POINT('',(271.47,68.,2.));
#13589=CARTESIAN_POINT('',(277.18,68.,0.));
#13590=CARTESIAN_POINT('Origin',(278.78,36.,0.));
#13591=CARTESIAN_POINT('',(278.78,36.,0.));
#13592=CARTESIAN_POINT('',(278.78,50.125,0.));
#13593=CARTESIAN_POINT('',(278.78,36.,2.));
#13594=CARTESIAN_POINT('',(278.78,36.,0.));
#13595=CARTESIAN_POINT('',(278.78,50.125,2.));
#13596=CARTESIAN_POINT('Origin',(277.18,36.,0.));
#13597=CARTESIAN_POINT('',(277.18,36.,0.));
#13598=CARTESIAN_POINT('',(270.67,36.,0.));
#13599=CARTESIAN_POINT('',(277.18,36.,2.));
#13600=CARTESIAN_POINT('',(277.18,36.,0.));
#13601=CARTESIAN_POINT('',(270.67,36.,2.));
#13602=CARTESIAN_POINT('Origin',(277.18,68.,0.));
#13603=CARTESIAN_POINT('',(277.18,66.125,0.));
#13604=CARTESIAN_POINT('',(277.18,66.125,2.));
#13605=CARTESIAN_POINT('Origin',(268.766666666667,15.,0.));
#13606=CARTESIAN_POINT('',(266.966666666667,15.,0.));
#13607=CARTESIAN_POINT('Origin',(268.766666666667,15.,0.));
#13608=CARTESIAN_POINT('',(266.966666666667,15.,2.));
#13609=CARTESIAN_POINT('',(266.966666666667,15.,0.));
#13610=CARTESIAN_POINT('Origin',(268.766666666667,15.,2.));
#13611=CARTESIAN_POINT('Origin',(269.566666666667,68.,0.));
#13612=CARTESIAN_POINT('',(269.566666666667,68.,0.));
#13613=CARTESIAN_POINT('',(267.966666666667,68.,0.));
#13614=CARTESIAN_POINT('',(266.863333333333,68.,0.));
#13615=CARTESIAN_POINT('',(269.566666666667,68.,2.));
#13616=CARTESIAN_POINT('',(269.566666666667,68.,0.));
#13617=CARTESIAN_POINT('',(267.966666666667,68.,2.));
#13618=CARTESIAN_POINT('',(266.863333333333,68.,2.));
#13619=CARTESIAN_POINT('',(267.966666666667,68.,0.));
#13620=CARTESIAN_POINT('Origin',(269.566666666667,36.,0.));
#13621=CARTESIAN_POINT('',(269.566666666667,36.,0.));
#13622=CARTESIAN_POINT('',(269.566666666667,50.125,0.));
#13623=CARTESIAN_POINT('',(269.566666666667,36.,2.));
#13624=CARTESIAN_POINT('',(269.566666666667,36.,0.));
#13625=CARTESIAN_POINT('',(269.566666666667,50.125,2.));
#13626=CARTESIAN_POINT('Origin',(267.966666666667,36.,0.));
#13627=CARTESIAN_POINT('',(267.966666666667,36.,0.));
#13628=CARTESIAN_POINT('',(266.063333333333,36.,0.));
#13629=CARTESIAN_POINT('',(267.966666666667,36.,2.));
#13630=CARTESIAN_POINT('',(267.966666666667,36.,0.));
#13631=CARTESIAN_POINT('',(266.063333333333,36.,2.));
#13632=CARTESIAN_POINT('Origin',(267.966666666667,68.,0.));
#13633=CARTESIAN_POINT('',(267.966666666667,66.125,0.));
#13634=CARTESIAN_POINT('',(267.966666666667,66.125,2.));
#13635=CARTESIAN_POINT('Origin',(259.553333333333,15.,0.));
#13636=CARTESIAN_POINT('',(257.753333333333,15.,0.));
#13637=CARTESIAN_POINT('Origin',(259.553333333333,15.,0.));
#13638=CARTESIAN_POINT('',(257.753333333333,15.,2.));
#13639=CARTESIAN_POINT('',(257.753333333333,15.,0.));
#13640=CARTESIAN_POINT('Origin',(259.553333333333,15.,2.));
#13641=CARTESIAN_POINT('Origin',(260.353333333333,68.,0.));
#13642=CARTESIAN_POINT('',(260.353333333333,68.,0.));
#13643=CARTESIAN_POINT('',(258.753333333333,68.,0.));
#13644=CARTESIAN_POINT('',(262.256666666667,68.,0.));
#13645=CARTESIAN_POINT('',(260.353333333333,68.,2.));
#13646=CARTESIAN_POINT('',(260.353333333333,68.,0.));
#13647=CARTESIAN_POINT('',(258.753333333333,68.,2.));
#13648=CARTESIAN_POINT('',(262.256666666667,68.,2.));
#13649=CARTESIAN_POINT('',(258.753333333333,68.,0.));
#13650=CARTESIAN_POINT('Origin',(260.353333333333,36.,0.));
#13651=CARTESIAN_POINT('',(260.353333333333,36.,0.));
#13652=CARTESIAN_POINT('',(260.353333333333,50.125,0.));
#13653=CARTESIAN_POINT('',(260.353333333333,36.,2.));
#13654=CARTESIAN_POINT('',(260.353333333333,36.,0.));
#13655=CARTESIAN_POINT('',(260.353333333333,50.125,2.));
#13656=CARTESIAN_POINT('Origin',(258.753333333333,36.,0.));
#13657=CARTESIAN_POINT('',(258.753333333333,36.,0.));
#13658=CARTESIAN_POINT('',(261.456666666667,36.,0.));
#13659=CARTESIAN_POINT('',(258.753333333333,36.,2.));
#13660=CARTESIAN_POINT('',(258.753333333333,36.,0.));
#13661=CARTESIAN_POINT('',(261.456666666667,36.,2.));
#13662=CARTESIAN_POINT('Origin',(258.753333333333,68.,0.));
#13663=CARTESIAN_POINT('',(258.753333333333,66.125,0.));
#13664=CARTESIAN_POINT('',(258.753333333333,66.125,2.));
#13665=CARTESIAN_POINT('Origin',(250.34,15.,0.));
#13666=CARTESIAN_POINT('',(248.54,15.,0.));
#13667=CARTESIAN_POINT('Origin',(250.34,15.,0.));
#13668=CARTESIAN_POINT('',(248.54,15.,2.));
#13669=CARTESIAN_POINT('',(248.54,15.,0.));
#13670=CARTESIAN_POINT('Origin',(250.34,15.,2.));
#13671=CARTESIAN_POINT('Origin',(251.14,68.,0.));
#13672=CARTESIAN_POINT('',(251.14,68.,0.));
#13673=CARTESIAN_POINT('',(249.54,68.,0.));
#13674=CARTESIAN_POINT('',(257.65,68.,0.));
#13675=CARTESIAN_POINT('',(251.14,68.,2.));
#13676=CARTESIAN_POINT('',(251.14,68.,0.));
#13677=CARTESIAN_POINT('',(249.54,68.,2.));
#13678=CARTESIAN_POINT('',(257.65,68.,2.));
#13679=CARTESIAN_POINT('',(249.54,68.,0.));
#13680=CARTESIAN_POINT('Origin',(251.14,36.,0.));
#13681=CARTESIAN_POINT('',(251.14,36.,0.));
#13682=CARTESIAN_POINT('',(251.14,50.125,0.));
#13683=CARTESIAN_POINT('',(251.14,36.,2.));
#13684=CARTESIAN_POINT('',(251.14,36.,0.));
#13685=CARTESIAN_POINT('',(251.14,50.125,2.));
#13686=CARTESIAN_POINT('Origin',(249.54,36.,0.));
#13687=CARTESIAN_POINT('',(249.54,36.,0.));
#13688=CARTESIAN_POINT('',(256.85,36.,0.));
#13689=CARTESIAN_POINT('',(249.54,36.,2.));
#13690=CARTESIAN_POINT('',(249.54,36.,0.));
#13691=CARTESIAN_POINT('',(256.85,36.,2.));
#13692=CARTESIAN_POINT('Origin',(249.54,68.,0.));
#13693=CARTESIAN_POINT('',(249.54,66.125,0.));
#13694=CARTESIAN_POINT('',(249.54,66.125,2.));
#13695=CARTESIAN_POINT('Origin',(276.98,125.5,0.));
#13696=CARTESIAN_POINT('',(275.38,125.5,2.));
#13697=CARTESIAN_POINT('Origin',(276.98,125.5,2.));
#13698=CARTESIAN_POINT('',(275.38,125.5,0.));
#13699=CARTESIAN_POINT('',(275.38,125.5,0.));
#13700=CARTESIAN_POINT('Origin',(276.98,125.5,0.));
#13701=CARTESIAN_POINT('Origin',(276.98,3.,0.));
#13702=CARTESIAN_POINT('',(275.38,3.00000000000001,2.));
#13703=CARTESIAN_POINT('Origin',(276.98,3.,2.));
#13704=CARTESIAN_POINT('',(275.38,3.,0.));
#13705=CARTESIAN_POINT('',(275.38,3.,0.));
#13706=CARTESIAN_POINT('Origin',(276.98,3.,0.));
#13707=CARTESIAN_POINT('Origin',(251.34,125.5,0.));
#13708=CARTESIAN_POINT('',(249.74,125.5,2.));
#13709=CARTESIAN_POINT('Origin',(251.34,125.5,2.));
#13710=CARTESIAN_POINT('',(249.74,125.5,0.));
#13711=CARTESIAN_POINT('',(249.74,125.5,0.));
#13712=CARTESIAN_POINT('Origin',(251.34,125.5,0.));
#13713=CARTESIAN_POINT('Origin',(251.34,3.,0.));
#13714=CARTESIAN_POINT('',(249.74,3.00000000000001,2.));
#13715=CARTESIAN_POINT('Origin',(251.34,3.,2.));
#13716=CARTESIAN_POINT('',(249.74,3.,0.));
#13717=CARTESIAN_POINT('',(249.74,3.,0.));
#13718=CARTESIAN_POINT('Origin',(251.34,3.,0.));
#13719=CARTESIAN_POINT('Origin',(284.38,128.4,0.));
#13720=CARTESIAN_POINT('',(284.38,128.4,0.));
#13721=CARTESIAN_POINT('',(243.94,128.4,0.));
#13722=CARTESIAN_POINT('',(284.38,128.4,0.));
#13723=CARTESIAN_POINT('',(243.94,128.4,2.));
#13724=CARTESIAN_POINT('',(243.94,128.4,0.));
#13725=CARTESIAN_POINT('',(284.38,128.4,2.));
#13726=CARTESIAN_POINT('',(284.38,128.4,2.));
#13727=CARTESIAN_POINT('',(284.38,128.4,0.));
#13728=CARTESIAN_POINT('Origin',(284.38,0.1,0.));
#13729=CARTESIAN_POINT('',(284.38,0.1,0.));
#13730=CARTESIAN_POINT('',(284.38,0.1,0.));
#13731=CARTESIAN_POINT('',(284.38,0.0999999999999979,2.));
#13732=CARTESIAN_POINT('',(284.38,0.1,2.));
#13733=CARTESIAN_POINT('',(284.38,0.1,0.));
#13734=CARTESIAN_POINT('Origin',(243.94,0.1,0.));
#13735=CARTESIAN_POINT('',(243.94,0.0999999999999979,0.));
#13736=CARTESIAN_POINT('',(243.94,0.1,0.));
#13737=CARTESIAN_POINT('',(243.94,0.0999999999999979,2.));
#13738=CARTESIAN_POINT('',(243.94,0.1,2.));
#13739=CARTESIAN_POINT('',(243.94,0.0999999999999979,0.));
#13740=CARTESIAN_POINT('Origin',(243.94,128.4,0.));
#13741=CARTESIAN_POINT('',(243.94,128.4,0.));
#13742=CARTESIAN_POINT('',(243.94,128.4,2.));
#13743=CARTESIAN_POINT('Origin',(264.16,64.25,2.));
#13744=CARTESIAN_POINT('Origin',(264.16,64.25,0.));
#13745=CARTESIAN_POINT('Origin',(264.16,94.,0.));
#13746=CARTESIAN_POINT('',(256.66,94.,14.5));
#13747=CARTESIAN_POINT('Origin',(264.16,94.,14.5));
#13748=CARTESIAN_POINT('',(256.66,94.,0.));
#13749=CARTESIAN_POINT('',(256.66,94.,0.));
#13750=CARTESIAN_POINT('Origin',(264.16,94.,0.));
#13751=CARTESIAN_POINT('Origin',(264.16,94.,14.5));
#13752=CARTESIAN_POINT('Origin',(264.16,94.,0.));
#13753=CARTESIAN_POINT('Origin',(264.46,101.,0.));
#13754=CARTESIAN_POINT('',(264.46,101.,0.));
#13755=CARTESIAN_POINT('',(263.86,101.,0.));
#13756=CARTESIAN_POINT('',(264.46,101.,0.));
#13757=CARTESIAN_POINT('',(263.86,101.,14.9));
#13758=CARTESIAN_POINT('',(263.86,101.,0.));
#13759=CARTESIAN_POINT('',(264.46,101.,14.9));
#13760=CARTESIAN_POINT('',(264.46,101.,14.9));
#13761=CARTESIAN_POINT('',(264.46,101.,0.));
#13762=CARTESIAN_POINT('Origin',(264.46,95.,0.));
#13763=CARTESIAN_POINT('',(264.46,95.,0.));
#13764=CARTESIAN_POINT('',(264.46,95.,0.));
#13765=CARTESIAN_POINT('',(264.46,95.,14.9));
#13766=CARTESIAN_POINT('',(264.46,95.,14.9));
#13767=CARTESIAN_POINT('',(264.46,95.,0.));
#13768=CARTESIAN_POINT('Origin',(263.86,95.,0.));
#13769=CARTESIAN_POINT('',(263.86,95.,0.));
#13770=CARTESIAN_POINT('',(263.86,95.,0.));
#13771=CARTESIAN_POINT('',(263.86,95.,14.9));
#13772=CARTESIAN_POINT('',(263.86,95.,14.9));
#13773=CARTESIAN_POINT('',(263.86,95.,0.));
#13774=CARTESIAN_POINT('Origin',(263.86,101.,0.));
#13775=CARTESIAN_POINT('',(263.86,101.,0.));
#13776=CARTESIAN_POINT('',(263.86,101.,14.9));
#13777=CARTESIAN_POINT('Origin',(264.16,98.,14.9));
#13778=CARTESIAN_POINT('Origin',(264.16,98.,0.));
#13779=CARTESIAN_POINT('Origin',(250.84,52.8,0.));
#13780=CARTESIAN_POINT('',(250.84,52.8,0.));
#13781=CARTESIAN_POINT('',(249.84,52.8,0.));
#13782=CARTESIAN_POINT('',(250.84,52.8,0.));
#13783=CARTESIAN_POINT('',(249.84,52.8,6.5));
#13784=CARTESIAN_POINT('',(249.84,52.8,0.));
#13785=CARTESIAN_POINT('',(250.84,52.8,6.5));
#13786=CARTESIAN_POINT('',(250.84,52.8,6.5));
#13787=CARTESIAN_POINT('',(250.84,52.8,0.));
#13788=CARTESIAN_POINT('Origin',(250.84,51.2,0.));
#13789=CARTESIAN_POINT('',(250.84,51.2,0.));
#13790=CARTESIAN_POINT('',(250.84,51.2,0.));
#13791=CARTESIAN_POINT('',(250.84,51.2,6.5));
#13792=CARTESIAN_POINT('',(250.84,51.2,6.5));
#13793=CARTESIAN_POINT('',(250.84,51.2,0.));
#13794=CARTESIAN_POINT('Origin',(249.84,51.2,0.));
#13795=CARTESIAN_POINT('',(249.84,51.2,0.));
#13796=CARTESIAN_POINT('',(249.84,51.2,0.));
#13797=CARTESIAN_POINT('',(249.84,51.2,6.5));
#13798=CARTESIAN_POINT('',(249.84,51.2,6.5));
#13799=CARTESIAN_POINT('',(249.84,51.2,0.));
#13800=CARTESIAN_POINT('Origin',(249.84,52.8,0.));
#13801=CARTESIAN_POINT('',(249.84,52.8,0.));
#13802=CARTESIAN_POINT('',(249.84,52.8,6.5));
#13803=CARTESIAN_POINT('Origin',(250.34,52.,6.5));
#13804=CARTESIAN_POINT('Origin',(250.34,52.,0.));
#13805=CARTESIAN_POINT('Origin',(252.84,56.5,0.));
#13806=CARTESIAN_POINT('',(252.84,56.5,0.));
#13807=CARTESIAN_POINT('',(247.84,56.5,0.));
#13808=CARTESIAN_POINT('',(252.84,56.5,0.));
#13809=CARTESIAN_POINT('',(247.84,56.5,8.5));
#13810=CARTESIAN_POINT('',(247.84,56.5,0.));
#13811=CARTESIAN_POINT('',(252.84,56.5,8.5));
#13812=CARTESIAN_POINT('',(252.84,56.5,8.5));
#13813=CARTESIAN_POINT('',(252.84,56.5,0.));
#13814=CARTESIAN_POINT('Origin',(252.84,47.5,0.));
#13815=CARTESIAN_POINT('',(252.84,47.5,0.));
#13816=CARTESIAN_POINT('',(252.84,47.5,0.));
#13817=CARTESIAN_POINT('',(252.84,47.5,8.5));
#13818=CARTESIAN_POINT('',(252.84,47.5,8.5));
#13819=CARTESIAN_POINT('',(252.84,47.5,0.));
#13820=CARTESIAN_POINT('Origin',(247.84,47.5,0.));
#13821=CARTESIAN_POINT('',(247.84,47.5,0.));
#13822=CARTESIAN_POINT('',(247.84,47.5,0.));
#13823=CARTESIAN_POINT('',(247.84,47.5,8.5));
#13824=CARTESIAN_POINT('',(247.84,47.5,8.5));
#13825=CARTESIAN_POINT('',(247.84,47.5,0.));
#13826=CARTESIAN_POINT('Origin',(247.84,56.5,0.));
#13827=CARTESIAN_POINT('',(247.84,56.5,0.));
#13828=CARTESIAN_POINT('',(247.84,56.5,8.5));
#13829=CARTESIAN_POINT('Origin',(250.34,52.,8.5));
#13830=CARTESIAN_POINT('Origin',(250.34,52.,0.));
#13831=CARTESIAN_POINT('Origin',(250.34,15.,0.));
#13832=CARTESIAN_POINT('',(248.54,15.,0.));
#13833=CARTESIAN_POINT('Origin',(250.34,15.,0.));
#13834=CARTESIAN_POINT('',(248.54,15.,4.5));
#13835=CARTESIAN_POINT('',(248.54,15.,0.));
#13836=CARTESIAN_POINT('Origin',(250.34,15.,4.5));
#13837=CARTESIAN_POINT('Origin',(250.34,15.,0.));
#13838=CARTESIAN_POINT('',(246.34,15.,4.5));
#13839=CARTESIAN_POINT('Origin',(250.34,15.,4.5));
#13840=CARTESIAN_POINT('',(246.34,15.,0.));
#13841=CARTESIAN_POINT('',(246.34,15.,0.));
#13842=CARTESIAN_POINT('Origin',(250.34,15.,0.));
#13843=CARTESIAN_POINT('Origin',(250.34,15.,4.5));
#13844=CARTESIAN_POINT('Origin',(250.34,15.,0.));
#13845=CARTESIAN_POINT('Origin',(260.053333333333,52.8,0.));
#13846=CARTESIAN_POINT('',(260.053333333333,52.8,0.));
#13847=CARTESIAN_POINT('',(259.053333333333,52.8,0.));
#13848=CARTESIAN_POINT('',(260.053333333333,52.8,0.));
#13849=CARTESIAN_POINT('',(259.053333333333,52.8,6.5));
#13850=CARTESIAN_POINT('',(259.053333333333,52.8,0.));
#13851=CARTESIAN_POINT('',(260.053333333333,52.8,6.5));
#13852=CARTESIAN_POINT('',(260.053333333333,52.8,6.5));
#13853=CARTESIAN_POINT('',(260.053333333333,52.8,0.));
#13854=CARTESIAN_POINT('Origin',(260.053333333333,51.2,0.));
#13855=CARTESIAN_POINT('',(260.053333333333,51.2,0.));
#13856=CARTESIAN_POINT('',(260.053333333333,51.2,0.));
#13857=CARTESIAN_POINT('',(260.053333333333,51.2,6.5));
#13858=CARTESIAN_POINT('',(260.053333333333,51.2,6.5));
#13859=CARTESIAN_POINT('',(260.053333333333,51.2,0.));
#13860=CARTESIAN_POINT('Origin',(259.053333333333,51.2,0.));
#13861=CARTESIAN_POINT('',(259.053333333333,51.2,0.));
#13862=CARTESIAN_POINT('',(259.053333333333,51.2,0.));
#13863=CARTESIAN_POINT('',(259.053333333333,51.2,6.5));
#13864=CARTESIAN_POINT('',(259.053333333333,51.2,6.5));
#13865=CARTESIAN_POINT('',(259.053333333333,51.2,0.));
#13866=CARTESIAN_POINT('Origin',(259.053333333333,52.8,0.));
#13867=CARTESIAN_POINT('',(259.053333333333,52.8,0.));
#13868=CARTESIAN_POINT('',(259.053333333333,52.8,6.5));
#13869=CARTESIAN_POINT('Origin',(259.553333333333,52.,6.5));
#13870=CARTESIAN_POINT('Origin',(259.553333333333,52.,0.));
#13871=CARTESIAN_POINT('Origin',(262.053333333333,56.5,0.));
#13872=CARTESIAN_POINT('',(262.053333333333,56.5,0.));
#13873=CARTESIAN_POINT('',(257.053333333333,56.5,0.));
#13874=CARTESIAN_POINT('',(262.053333333333,56.5,0.));
#13875=CARTESIAN_POINT('',(257.053333333333,56.5,8.5));
#13876=CARTESIAN_POINT('',(257.053333333333,56.5,0.));
#13877=CARTESIAN_POINT('',(262.053333333333,56.5,8.5));
#13878=CARTESIAN_POINT('',(262.053333333333,56.5,8.5));
#13879=CARTESIAN_POINT('',(262.053333333333,56.5,0.));
#13880=CARTESIAN_POINT('Origin',(262.053333333333,47.5,0.));
#13881=CARTESIAN_POINT('',(262.053333333333,47.5,0.));
#13882=CARTESIAN_POINT('',(262.053333333333,47.5,0.));
#13883=CARTESIAN_POINT('',(262.053333333333,47.5,8.5));
#13884=CARTESIAN_POINT('',(262.053333333333,47.5,8.5));
#13885=CARTESIAN_POINT('',(262.053333333333,47.5,0.));
#13886=CARTESIAN_POINT('Origin',(257.053333333333,47.5,0.));
#13887=CARTESIAN_POINT('',(257.053333333333,47.5,0.));
#13888=CARTESIAN_POINT('',(257.053333333333,47.5,0.));
#13889=CARTESIAN_POINT('',(257.053333333333,47.5,8.5));
#13890=CARTESIAN_POINT('',(257.053333333333,47.5,8.5));
#13891=CARTESIAN_POINT('',(257.053333333333,47.5,0.));
#13892=CARTESIAN_POINT('Origin',(257.053333333333,56.5,0.));
#13893=CARTESIAN_POINT('',(257.053333333333,56.5,0.));
#13894=CARTESIAN_POINT('',(257.053333333333,56.5,8.5));
#13895=CARTESIAN_POINT('Origin',(259.553333333333,52.,8.5));
#13896=CARTESIAN_POINT('Origin',(259.553333333333,52.,0.));
#13897=CARTESIAN_POINT('Origin',(259.553333333333,15.,0.));
#13898=CARTESIAN_POINT('',(257.753333333333,15.,0.));
#13899=CARTESIAN_POINT('Origin',(259.553333333333,15.,0.));
#13900=CARTESIAN_POINT('',(257.753333333333,15.,4.5));
#13901=CARTESIAN_POINT('',(257.753333333333,15.,0.));
#13902=CARTESIAN_POINT('Origin',(259.553333333333,15.,4.5));
#13903=CARTESIAN_POINT('Origin',(259.553333333333,15.,0.));
#13904=CARTESIAN_POINT('',(255.553333333333,15.,4.5));
#13905=CARTESIAN_POINT('Origin',(259.553333333333,15.,4.5));
#13906=CARTESIAN_POINT('',(255.553333333333,15.,0.));
#13907=CARTESIAN_POINT('',(255.553333333333,15.,0.));
#13908=CARTESIAN_POINT('Origin',(259.553333333333,15.,0.));
#13909=CARTESIAN_POINT('Origin',(259.553333333333,15.,4.5));
#13910=CARTESIAN_POINT('Origin',(259.553333333333,15.,0.));
#13911=CARTESIAN_POINT('Origin',(269.266666666667,52.8,0.));
#13912=CARTESIAN_POINT('',(269.266666666667,52.8,0.));
#13913=CARTESIAN_POINT('',(268.266666666667,52.8,0.));
#13914=CARTESIAN_POINT('',(269.266666666667,52.8,0.));
#13915=CARTESIAN_POINT('',(268.266666666667,52.8,6.5));
#13916=CARTESIAN_POINT('',(268.266666666667,52.8,0.));
#13917=CARTESIAN_POINT('',(269.266666666667,52.8,6.5));
#13918=CARTESIAN_POINT('',(269.266666666667,52.8,6.5));
#13919=CARTESIAN_POINT('',(269.266666666667,52.8,0.));
#13920=CARTESIAN_POINT('Origin',(269.266666666667,51.2,0.));
#13921=CARTESIAN_POINT('',(269.266666666667,51.2,0.));
#13922=CARTESIAN_POINT('',(269.266666666667,51.2,0.));
#13923=CARTESIAN_POINT('',(269.266666666667,51.2,6.5));
#13924=CARTESIAN_POINT('',(269.266666666667,51.2,6.5));
#13925=CARTESIAN_POINT('',(269.266666666667,51.2,0.));
#13926=CARTESIAN_POINT('Origin',(268.266666666667,51.2,0.));
#13927=CARTESIAN_POINT('',(268.266666666667,51.2,0.));
#13928=CARTESIAN_POINT('',(268.266666666667,51.2,0.));
#13929=CARTESIAN_POINT('',(268.266666666667,51.2,6.5));
#13930=CARTESIAN_POINT('',(268.266666666667,51.2,6.5));
#13931=CARTESIAN_POINT('',(268.266666666667,51.2,0.));
#13932=CARTESIAN_POINT('Origin',(268.266666666667,52.8,0.));
#13933=CARTESIAN_POINT('',(268.266666666667,52.8,0.));
#13934=CARTESIAN_POINT('',(268.266666666667,52.8,6.5));
#13935=CARTESIAN_POINT('Origin',(268.766666666667,52.,6.5));
#13936=CARTESIAN_POINT('Origin',(268.766666666667,52.,0.));
#13937=CARTESIAN_POINT('Origin',(271.266666666667,56.5,0.));
#13938=CARTESIAN_POINT('',(271.266666666667,56.5,0.));
#13939=CARTESIAN_POINT('',(266.266666666667,56.5,0.));
#13940=CARTESIAN_POINT('',(271.266666666667,56.5,0.));
#13941=CARTESIAN_POINT('',(266.266666666667,56.5,8.5));
#13942=CARTESIAN_POINT('',(266.266666666667,56.5,0.));
#13943=CARTESIAN_POINT('',(271.266666666667,56.5,8.5));
#13944=CARTESIAN_POINT('',(271.266666666667,56.5,8.5));
#13945=CARTESIAN_POINT('',(271.266666666667,56.5,0.));
#13946=CARTESIAN_POINT('Origin',(271.266666666667,47.5,0.));
#13947=CARTESIAN_POINT('',(271.266666666667,47.5,0.));
#13948=CARTESIAN_POINT('',(271.266666666667,47.5,0.));
#13949=CARTESIAN_POINT('',(271.266666666667,47.5,8.5));
#13950=CARTESIAN_POINT('',(271.266666666667,47.5,8.5));
#13951=CARTESIAN_POINT('',(271.266666666667,47.5,0.));
#13952=CARTESIAN_POINT('Origin',(266.266666666667,47.5,0.));
#13953=CARTESIAN_POINT('',(266.266666666667,47.5,0.));
#13954=CARTESIAN_POINT('',(266.266666666667,47.5,0.));
#13955=CARTESIAN_POINT('',(266.266666666667,47.5,8.5));
#13956=CARTESIAN_POINT('',(266.266666666667,47.5,8.5));
#13957=CARTESIAN_POINT('',(266.266666666667,47.5,0.));
#13958=CARTESIAN_POINT('Origin',(266.266666666667,56.5,0.));
#13959=CARTESIAN_POINT('',(266.266666666667,56.5,0.));
#13960=CARTESIAN_POINT('',(266.266666666667,56.5,8.5));
#13961=CARTESIAN_POINT('Origin',(268.766666666667,52.,8.5));
#13962=CARTESIAN_POINT('Origin',(268.766666666667,52.,0.));
#13963=CARTESIAN_POINT('Origin',(268.766666666667,15.,0.));
#13964=CARTESIAN_POINT('',(266.966666666667,15.,0.));
#13965=CARTESIAN_POINT('Origin',(268.766666666667,15.,0.));
#13966=CARTESIAN_POINT('',(266.966666666667,15.,4.5));
#13967=CARTESIAN_POINT('',(266.966666666667,15.,0.));
#13968=CARTESIAN_POINT('Origin',(268.766666666667,15.,4.5));
#13969=CARTESIAN_POINT('Origin',(268.766666666667,15.,0.));
#13970=CARTESIAN_POINT('',(264.766666666667,15.,4.5));
#13971=CARTESIAN_POINT('Origin',(268.766666666667,15.,4.5));
#13972=CARTESIAN_POINT('',(264.766666666667,15.,0.));
#13973=CARTESIAN_POINT('',(264.766666666667,15.,0.));
#13974=CARTESIAN_POINT('Origin',(268.766666666667,15.,0.));
#13975=CARTESIAN_POINT('Origin',(268.766666666667,15.,4.5));
#13976=CARTESIAN_POINT('Origin',(268.766666666667,15.,0.));
#13977=CARTESIAN_POINT('Origin',(278.48,52.8,0.));
#13978=CARTESIAN_POINT('',(278.48,52.8,0.));
#13979=CARTESIAN_POINT('',(277.48,52.8,0.));
#13980=CARTESIAN_POINT('',(278.48,52.8,0.));
#13981=CARTESIAN_POINT('',(277.48,52.8,6.5));
#13982=CARTESIAN_POINT('',(277.48,52.8,0.));
#13983=CARTESIAN_POINT('',(278.48,52.8,6.5));
#13984=CARTESIAN_POINT('',(278.48,52.8,6.5));
#13985=CARTESIAN_POINT('',(278.48,52.8,0.));
#13986=CARTESIAN_POINT('Origin',(278.48,51.2,0.));
#13987=CARTESIAN_POINT('',(278.48,51.2,0.));
#13988=CARTESIAN_POINT('',(278.48,51.2,0.));
#13989=CARTESIAN_POINT('',(278.48,51.2,6.5));
#13990=CARTESIAN_POINT('',(278.48,51.2,6.5));
#13991=CARTESIAN_POINT('',(278.48,51.2,0.));
#13992=CARTESIAN_POINT('Origin',(277.48,51.2,0.));
#13993=CARTESIAN_POINT('',(277.48,51.2,0.));
#13994=CARTESIAN_POINT('',(277.48,51.2,0.));
#13995=CARTESIAN_POINT('',(277.48,51.2,6.5));
#13996=CARTESIAN_POINT('',(277.48,51.2,6.5));
#13997=CARTESIAN_POINT('',(277.48,51.2,0.));
#13998=CARTESIAN_POINT('Origin',(277.48,52.8,0.));
#13999=CARTESIAN_POINT('',(277.48,52.8,0.));
#14000=CARTESIAN_POINT('',(277.48,52.8,6.5));
#14001=CARTESIAN_POINT('Origin',(277.98,52.,6.5));
#14002=CARTESIAN_POINT('Origin',(277.98,52.,0.));
#14003=CARTESIAN_POINT('Origin',(280.48,56.5,0.));
#14004=CARTESIAN_POINT('',(280.48,56.5,0.));
#14005=CARTESIAN_POINT('',(275.48,56.5,0.));
#14006=CARTESIAN_POINT('',(280.48,56.5,0.));
#14007=CARTESIAN_POINT('',(275.48,56.5,8.5));
#14008=CARTESIAN_POINT('',(275.48,56.5,0.));
#14009=CARTESIAN_POINT('',(280.48,56.5,8.5));
#14010=CARTESIAN_POINT('',(280.48,56.5,8.5));
#14011=CARTESIAN_POINT('',(280.48,56.5,0.));
#14012=CARTESIAN_POINT('Origin',(280.48,47.5,0.));
#14013=CARTESIAN_POINT('',(280.48,47.5,0.));
#14014=CARTESIAN_POINT('',(280.48,47.5,0.));
#14015=CARTESIAN_POINT('',(280.48,47.5,8.5));
#14016=CARTESIAN_POINT('',(280.48,47.5,8.5));
#14017=CARTESIAN_POINT('',(280.48,47.5,0.));
#14018=CARTESIAN_POINT('Origin',(275.48,47.5,0.));
#14019=CARTESIAN_POINT('',(275.48,47.5,0.));
#14020=CARTESIAN_POINT('',(275.48,47.5,0.));
#14021=CARTESIAN_POINT('',(275.48,47.5,8.5));
#14022=CARTESIAN_POINT('',(275.48,47.5,8.5));
#14023=CARTESIAN_POINT('',(275.48,47.5,0.));
#14024=CARTESIAN_POINT('Origin',(275.48,56.5,0.));
#14025=CARTESIAN_POINT('',(275.48,56.5,0.));
#14026=CARTESIAN_POINT('',(275.48,56.5,8.5));
#14027=CARTESIAN_POINT('Origin',(277.98,52.,8.5));
#14028=CARTESIAN_POINT('Origin',(277.98,52.,0.));
#14029=CARTESIAN_POINT('Origin',(277.98,15.,0.));
#14030=CARTESIAN_POINT('',(276.18,15.,0.));
#14031=CARTESIAN_POINT('Origin',(277.98,15.,0.));
#14032=CARTESIAN_POINT('',(276.18,15.,4.5));
#14033=CARTESIAN_POINT('',(276.18,15.,0.));
#14034=CARTESIAN_POINT('Origin',(277.98,15.,4.5));
#14035=CARTESIAN_POINT('Origin',(277.98,15.,0.));
#14036=CARTESIAN_POINT('',(273.98,15.,4.5));
#14037=CARTESIAN_POINT('Origin',(277.98,15.,4.5));
#14038=CARTESIAN_POINT('',(273.98,15.,0.));
#14039=CARTESIAN_POINT('',(273.98,15.,0.));
#14040=CARTESIAN_POINT('Origin',(277.98,15.,0.));
#14041=CARTESIAN_POINT('Origin',(277.98,15.,4.5));
#14042=CARTESIAN_POINT('Origin',(277.98,15.,0.));
#14043=CARTESIAN_POINT('Origin',(321.88,15.,0.));
#14044=CARTESIAN_POINT('',(320.08,15.,0.));
#14045=CARTESIAN_POINT('Origin',(321.88,15.,0.));
#14046=CARTESIAN_POINT('',(320.08,15.,2.));
#14047=CARTESIAN_POINT('',(320.08,15.,0.));
#14048=CARTESIAN_POINT('Origin',(321.88,15.,2.));
#14049=CARTESIAN_POINT('Origin',(297.88,15.,0.));
#14050=CARTESIAN_POINT('',(296.08,15.,0.));
#14051=CARTESIAN_POINT('Origin',(297.88,15.,0.));
#14052=CARTESIAN_POINT('',(296.08,15.,2.));
#14053=CARTESIAN_POINT('',(296.08,15.,0.));
#14054=CARTESIAN_POINT('Origin',(297.88,15.,2.));
#14055=CARTESIAN_POINT('Origin',(327.78,125.5,0.));
#14056=CARTESIAN_POINT('',(326.18,125.5,2.));
#14057=CARTESIAN_POINT('Origin',(327.78,125.5,2.));
#14058=CARTESIAN_POINT('',(326.18,125.5,0.));
#14059=CARTESIAN_POINT('',(326.18,125.5,0.));
#14060=CARTESIAN_POINT('Origin',(327.78,125.5,0.));
#14061=CARTESIAN_POINT('Origin',(327.78,3.,0.));
#14062=CARTESIAN_POINT('',(326.18,3.00000000000001,2.));
#14063=CARTESIAN_POINT('Origin',(327.78,3.,2.));
#14064=CARTESIAN_POINT('',(326.18,3.,0.));
#14065=CARTESIAN_POINT('',(326.18,3.,0.));
#14066=CARTESIAN_POINT('Origin',(327.78,3.,0.));
#14067=CARTESIAN_POINT('Origin',(291.98,125.5,0.));
#14068=CARTESIAN_POINT('',(290.38,125.5,2.));
#14069=CARTESIAN_POINT('Origin',(291.98,125.5,2.));
#14070=CARTESIAN_POINT('',(290.38,125.5,0.));
#14071=CARTESIAN_POINT('',(290.38,125.5,0.));
#14072=CARTESIAN_POINT('Origin',(291.98,125.5,0.));
#14073=CARTESIAN_POINT('Origin',(291.98,3.,0.));
#14074=CARTESIAN_POINT('',(290.38,3.00000000000001,2.));
#14075=CARTESIAN_POINT('Origin',(291.98,3.,2.));
#14076=CARTESIAN_POINT('',(290.38,3.,0.));
#14077=CARTESIAN_POINT('',(290.38,3.,0.));
#14078=CARTESIAN_POINT('Origin',(291.98,3.,0.));
#14079=CARTESIAN_POINT('Origin',(335.18,128.4,0.));
#14080=CARTESIAN_POINT('',(335.18,128.4,0.));
#14081=CARTESIAN_POINT('',(284.58,128.4,0.));
#14082=CARTESIAN_POINT('',(335.18,128.4,0.));
#14083=CARTESIAN_POINT('',(284.58,128.4,2.));
#14084=CARTESIAN_POINT('',(284.58,128.4,0.));
#14085=CARTESIAN_POINT('',(335.18,128.4,2.));
#14086=CARTESIAN_POINT('',(335.18,128.4,2.));
#14087=CARTESIAN_POINT('',(335.18,128.4,0.));
#14088=CARTESIAN_POINT('Origin',(335.18,0.1,0.));
#14089=CARTESIAN_POINT('',(335.18,0.1,0.));
#14090=CARTESIAN_POINT('',(335.18,0.1,0.));
#14091=CARTESIAN_POINT('',(335.18,0.0999999999999979,2.));
#14092=CARTESIAN_POINT('',(335.18,0.1,2.));
#14093=CARTESIAN_POINT('',(335.18,0.1,0.));
#14094=CARTESIAN_POINT('Origin',(284.58,0.1,0.));
#14095=CARTESIAN_POINT('',(284.58,0.0999999999999979,0.));
#14096=CARTESIAN_POINT('',(284.58,0.1,0.));
#14097=CARTESIAN_POINT('',(284.58,0.0999999999999979,2.));
#14098=CARTESIAN_POINT('',(284.58,0.1,2.));
#14099=CARTESIAN_POINT('',(284.58,0.0999999999999979,0.));
#14100=CARTESIAN_POINT('Origin',(284.58,128.4,0.));
#14101=CARTESIAN_POINT('',(284.58,128.4,0.));
#14102=CARTESIAN_POINT('',(284.58,128.4,2.));
#14103=CARTESIAN_POINT('Origin',(309.88,64.25,2.));
#14104=CARTESIAN_POINT('Origin',(309.88,64.25,0.));
#14105=CARTESIAN_POINT('Origin',(330.38,102.5,0.));
#14106=CARTESIAN_POINT('',(330.38,102.5,0.));
#14107=CARTESIAN_POINT('',(289.38,102.5,0.));
#14108=CARTESIAN_POINT('',(330.38,102.5,0.));
#14109=CARTESIAN_POINT('',(289.38,102.5,3.2));
#14110=CARTESIAN_POINT('',(289.38,102.5,0.));
#14111=CARTESIAN_POINT('',(330.38,102.5,3.2));
#14112=CARTESIAN_POINT('',(330.38,102.5,3.2));
#14113=CARTESIAN_POINT('',(330.38,102.5,0.));
#14114=CARTESIAN_POINT('Origin',(330.38,73.5,0.));
#14115=CARTESIAN_POINT('',(330.38,73.5,0.));
#14116=CARTESIAN_POINT('',(330.38,73.5,0.));
#14117=CARTESIAN_POINT('',(330.38,73.5,3.2));
#14118=CARTESIAN_POINT('',(330.38,73.5,3.2));
#14119=CARTESIAN_POINT('',(330.38,73.5,0.));
#14120=CARTESIAN_POINT('Origin',(289.38,73.5,0.));
#14121=CARTESIAN_POINT('',(289.38,73.5,0.));
#14122=CARTESIAN_POINT('',(289.38,73.5,0.));
#14123=CARTESIAN_POINT('',(289.38,73.5,3.2));
#14124=CARTESIAN_POINT('',(289.38,73.5,3.2));
#14125=CARTESIAN_POINT('',(289.38,73.5,0.));
#14126=CARTESIAN_POINT('Origin',(289.38,102.5,0.));
#14127=CARTESIAN_POINT('',(289.38,102.5,0.));
#14128=CARTESIAN_POINT('',(289.38,102.5,3.2));
#14129=CARTESIAN_POINT('Origin',(309.88,88.,3.2));
#14130=CARTESIAN_POINT('Origin',(309.88,88.,0.));
#14131=CARTESIAN_POINT('Origin',(328.88,101.,0.));
#14132=CARTESIAN_POINT('',(328.88,101.,0.));
#14133=CARTESIAN_POINT('',(290.88,101.,0.));
#14134=CARTESIAN_POINT('',(328.88,101.,0.));
#14135=CARTESIAN_POINT('',(290.88,101.,2.6));
#14136=CARTESIAN_POINT('',(290.88,101.,0.));
#14137=CARTESIAN_POINT('',(328.88,101.,2.6));
#14138=CARTESIAN_POINT('',(328.88,101.,2.6));
#14139=CARTESIAN_POINT('',(328.88,101.,0.));
#14140=CARTESIAN_POINT('Origin',(328.88,75.,0.));
#14141=CARTESIAN_POINT('',(328.88,75.,0.));
#14142=CARTESIAN_POINT('',(328.88,75.,0.));
#14143=CARTESIAN_POINT('',(328.88,75.,2.6));
#14144=CARTESIAN_POINT('',(328.88,75.,2.6));
#14145=CARTESIAN_POINT('',(328.88,75.,0.));
#14146=CARTESIAN_POINT('Origin',(290.88,75.,0.));
#14147=CARTESIAN_POINT('',(290.88,75.,0.));
#14148=CARTESIAN_POINT('',(290.88,75.,0.));
#14149=CARTESIAN_POINT('',(290.88,75.,2.6));
#14150=CARTESIAN_POINT('',(290.88,75.,2.6));
#14151=CARTESIAN_POINT('',(290.88,75.,0.));
#14152=CARTESIAN_POINT('Origin',(290.88,101.,0.));
#14153=CARTESIAN_POINT('',(290.88,101.,0.));
#14154=CARTESIAN_POINT('',(290.88,101.,2.6));
#14155=CARTESIAN_POINT('Origin',(309.88,88.,2.6));
#14156=CARTESIAN_POINT('Origin',(309.88,88.,0.));
#14157=CARTESIAN_POINT('Origin',(298.88,38.,0.));
#14158=CARTESIAN_POINT('',(292.88,38.,14.5));
#14159=CARTESIAN_POINT('Origin',(298.88,38.,14.5));
#14160=CARTESIAN_POINT('',(292.88,38.,0.));
#14161=CARTESIAN_POINT('',(292.88,38.,0.));
#14162=CARTESIAN_POINT('Origin',(298.88,38.,0.));
#14163=CARTESIAN_POINT('Origin',(298.88,38.,14.5));
#14164=CARTESIAN_POINT('Origin',(298.88,38.,0.));
#14165=CARTESIAN_POINT('Origin',(299.18,43.5,0.));
#14166=CARTESIAN_POINT('',(299.18,43.5,0.));
#14167=CARTESIAN_POINT('',(298.58,43.5,0.));
#14168=CARTESIAN_POINT('',(299.18,43.5,0.));
#14169=CARTESIAN_POINT('',(298.58,43.5,14.9));
#14170=CARTESIAN_POINT('',(298.58,43.5,0.));
#14171=CARTESIAN_POINT('',(299.18,43.5,14.9));
#14172=CARTESIAN_POINT('',(299.18,43.5,14.9));
#14173=CARTESIAN_POINT('',(299.18,43.5,0.));
#14174=CARTESIAN_POINT('Origin',(299.18,39.,0.));
#14175=CARTESIAN_POINT('',(299.18,39.,0.));
#14176=CARTESIAN_POINT('',(299.18,39.,0.));
#14177=CARTESIAN_POINT('',(299.18,39.,14.9));
#14178=CARTESIAN_POINT('',(299.18,39.,14.9));
#14179=CARTESIAN_POINT('',(299.18,39.,0.));
#14180=CARTESIAN_POINT('Origin',(298.58,39.,0.));
#14181=CARTESIAN_POINT('',(298.58,39.,0.));
#14182=CARTESIAN_POINT('',(298.58,39.,0.));
#14183=CARTESIAN_POINT('',(298.58,39.,14.9));
#14184=CARTESIAN_POINT('',(298.58,39.,14.9));
#14185=CARTESIAN_POINT('',(298.58,39.,0.));
#14186=CARTESIAN_POINT('Origin',(298.58,43.5,0.));
#14187=CARTESIAN_POINT('',(298.58,43.5,0.));
#14188=CARTESIAN_POINT('',(298.58,43.5,14.9));
#14189=CARTESIAN_POINT('Origin',(298.88,41.25,14.9));
#14190=CARTESIAN_POINT('Origin',(298.88,41.25,0.));
#14191=CARTESIAN_POINT('Origin',(320.88,38.,0.));
#14192=CARTESIAN_POINT('',(314.88,38.,14.5));
#14193=CARTESIAN_POINT('Origin',(320.88,38.,14.5));
#14194=CARTESIAN_POINT('',(314.88,38.,0.));
#14195=CARTESIAN_POINT('',(314.88,38.,0.));
#14196=CARTESIAN_POINT('Origin',(320.88,38.,0.));
#14197=CARTESIAN_POINT('Origin',(320.88,38.,14.5));
#14198=CARTESIAN_POINT('Origin',(320.88,38.,0.));
#14199=CARTESIAN_POINT('Origin',(321.18,43.5,0.));
#14200=CARTESIAN_POINT('',(321.18,43.5,0.));
#14201=CARTESIAN_POINT('',(320.58,43.5,0.));
#14202=CARTESIAN_POINT('',(321.18,43.5,0.));
#14203=CARTESIAN_POINT('',(320.58,43.5,14.9));
#14204=CARTESIAN_POINT('',(320.58,43.5,0.));
#14205=CARTESIAN_POINT('',(321.18,43.5,14.9));
#14206=CARTESIAN_POINT('',(321.18,43.5,14.9));
#14207=CARTESIAN_POINT('',(321.18,43.5,0.));
#14208=CARTESIAN_POINT('Origin',(321.18,39.,0.));
#14209=CARTESIAN_POINT('',(321.18,39.,0.));
#14210=CARTESIAN_POINT('',(321.18,39.,0.));
#14211=CARTESIAN_POINT('',(321.18,39.,14.9));
#14212=CARTESIAN_POINT('',(321.18,39.,14.9));
#14213=CARTESIAN_POINT('',(321.18,39.,0.));
#14214=CARTESIAN_POINT('Origin',(320.58,39.,0.));
#14215=CARTESIAN_POINT('',(320.58,39.,0.));
#14216=CARTESIAN_POINT('',(320.58,39.,0.));
#14217=CARTESIAN_POINT('',(320.58,39.,14.9));
#14218=CARTESIAN_POINT('',(320.58,39.,14.9));
#14219=CARTESIAN_POINT('',(320.58,39.,0.));
#14220=CARTESIAN_POINT('Origin',(320.58,43.5,0.));
#14221=CARTESIAN_POINT('',(320.58,43.5,0.));
#14222=CARTESIAN_POINT('',(320.58,43.5,14.9));
#14223=CARTESIAN_POINT('Origin',(320.88,41.25,14.9));
#14224=CARTESIAN_POINT('Origin',(320.88,41.25,0.));
#14225=CARTESIAN_POINT('Origin',(297.88,15.,0.));
#14226=CARTESIAN_POINT('',(296.08,15.,0.));
#14227=CARTESIAN_POINT('Origin',(297.88,15.,0.));
#14228=CARTESIAN_POINT('',(296.08,15.,4.5));
#14229=CARTESIAN_POINT('',(296.08,15.,0.));
#14230=CARTESIAN_POINT('Origin',(297.88,15.,4.5));
#14231=CARTESIAN_POINT('Origin',(297.88,15.,0.));
#14232=CARTESIAN_POINT('',(293.88,15.,4.5));
#14233=CARTESIAN_POINT('Origin',(297.88,15.,4.5));
#14234=CARTESIAN_POINT('',(293.88,15.,0.));
#14235=CARTESIAN_POINT('',(293.88,15.,0.));
#14236=CARTESIAN_POINT('Origin',(297.88,15.,0.));
#14237=CARTESIAN_POINT('Origin',(297.88,15.,4.5));
#14238=CARTESIAN_POINT('Origin',(297.88,15.,0.));
#14239=CARTESIAN_POINT('Origin',(321.88,15.,0.));
#14240=CARTESIAN_POINT('',(320.08,15.,0.));
#14241=CARTESIAN_POINT('Origin',(321.88,15.,0.));
#14242=CARTESIAN_POINT('',(320.08,15.,4.5));
#14243=CARTESIAN_POINT('',(320.08,15.,0.));
#14244=CARTESIAN_POINT('Origin',(321.88,15.,4.5));
#14245=CARTESIAN_POINT('Origin',(321.88,15.,0.));
#14246=CARTESIAN_POINT('',(317.88,15.,4.5));
#14247=CARTESIAN_POINT('Origin',(321.88,15.,4.5));
#14248=CARTESIAN_POINT('',(317.88,15.,0.));
#14249=CARTESIAN_POINT('',(317.88,15.,0.));
#14250=CARTESIAN_POINT('Origin',(321.88,15.,0.));
#14251=CARTESIAN_POINT('Origin',(321.88,15.,4.5));
#14252=CARTESIAN_POINT('Origin',(321.88,15.,0.));
#14253=UNCERTAINTY_MEASURE_WITH_UNIT(LENGTH_MEASURE(0.01),#14257,
'DISTANCE_ACCURACY_VALUE',
'Maximum model space distance between geometric entities at asserted c
onnectivities');
#14254=UNCERTAINTY_MEASURE_WITH_UNIT(LENGTH_MEASURE(0.01),#14257,
'DISTANCE_ACCURACY_VALUE',
'Maximum model space distance between geometric entities at asserted c
onnectivities');
#14255=(
GEOMETRIC_REPRESENTATION_CONTEXT(3)
GLOBAL_UNCERTAINTY_ASSIGNED_CONTEXT((#14253))
GLOBAL_UNIT_ASSIGNED_CONTEXT((#14257,#14259,#14260))
REPRESENTATION_CONTEXT('','3D')
);
#14256=(
GEOMETRIC_REPRESENTATION_CONTEXT(3)
GLOBAL_UNCERTAINTY_ASSIGNED_CONTEXT((#14254))
GLOBAL_UNIT_ASSIGNED_CONTEXT((#14257,#14259,#14260))
REPRESENTATION_CONTEXT('','3D')
);
#14257=(
LENGTH_UNIT()
NAMED_UNIT(*)
SI_UNIT(.MILLI.,.METRE.)
);
#14258=(
LENGTH_UNIT()
NAMED_UNIT(*)
SI_UNIT($,.METRE.)
);
#14259=(
NAMED_UNIT(*)
PLANE_ANGLE_UNIT()
SI_UNIT($,.RADIAN.)
);
#14260=(
NAMED_UNIT(*)
SI_UNIT($,.STERADIAN.)
SOLID_ANGLE_UNIT()
);
#14261=SHAPE_DEFINITION_REPRESENTATION(#14262,#14263);
#14262=PRODUCT_DEFINITION_SHAPE('',$,#14265);
#14263=SHAPE_REPRESENTATION('',(#8613),#14255);
#14264=PRODUCT_DEFINITION_CONTEXT('part definition',#14269,'design');
#14265=PRODUCT_DEFINITION('2026-08-14-22-15-40-470',
'Modular_Genesis_68HP_Skiff',#14266,#14264);
#14266=PRODUCT_DEFINITION_FORMATION('',$,#14271);
#14267=PRODUCT_RELATED_PRODUCT_CATEGORY('Modular_Genesis_68HP_Skiff',
'Modular_Genesis_68HP_Skiff',(#14271));
#14268=APPLICATION_PROTOCOL_DEFINITION('international standard',
'automotive_design',2009,#14269);
#14269=APPLICATION_CONTEXT(
'Core Data for Automotive Mechanical Design Process');
#14270=PRODUCT_CONTEXT('part definition',#14269,'mechanical');
#14271=PRODUCT('2026-08-14-22-15-40-470','Modular_Genesis_68HP_Skiff',$,
(#14270));
#14272=PRESENTATION_STYLE_ASSIGNMENT((#14273));
#14273=SURFACE_STYLE_USAGE(.BOTH.,#14274);
#14274=SURFACE_SIDE_STYLE('',(#14275));
#14275=SURFACE_STYLE_FILL_AREA(#14276);
#14276=FILL_AREA_STYLE('Steel - Satin',(#14277));
#14277=FILL_AREA_STYLE_COLOUR('Steel - Satin',#14278);
#14278=COLOUR_RGB('Steel - Satin',0.627450980392157,0.627450980392157,0.627450980392157);
ENDSEC;
END-ISO-10303-21;
